 /*-----------------------------------------------------------------------
 -------------------------[ Datos de Sucursal ]---------------------------
 ----------------------------------------------------------------------*/
INSERT INTO sucursal(idSucursal,nombreSucursal,rfc,correo,telefono,estado,calle,municipio,numero,cp)
  VALUES (1,'Kulas, Wehner and Dach','UKZE783846SQB','rrenny0@yale.edu',6866286476,'Yucatan','Wayridge','San Jernimo Zacualpan',5248,46990);
INSERT INTO sucursal(idSucursal,nombreSucursal,rfc,correo,telefono,estado,calle,municipio,numero,cp)
  VALUES (2,'Lebsack and Sons','NXQS201329LQY','gpinkard1@canalblog.com',3391675773,'Chihuahua','Merry','Pluma Hidalgo',7970,12370);
INSERT INTO sucursal(idSucursal,nombreSucursal,rfc,correo,telefono,estado,calle,municipio,numero,cp)
  VALUES (3,'Homenick, Boyle and Mueller','OQTL066361EQC','rgirardot2@google.ca',5807530855,'Sinaloa','Dayton','Nicols Flores',5,95010);
INSERT INTO sucursal(idSucursal,nombreSucursal,rfc,correo,telefono,estado,calle,municipio,numero,cp)
  VALUES (4,'Corkery-Rutherford','UDBC157790JID','lhurlin3@lulu.com',7882329960,'Puebla','Golf View','Angamacutiro',90536,86270);
INSERT INTO sucursal(idSucursal,nombreSucursal,rfc,correo,telefono,estado,calle,municipio,numero,cp)
  VALUES (5,'Wisoky, Nienow and Ondricka','JETV405756QNH','jledgley4@java.com',7923215602,'Tlaxcala','Ridgeway','Villa Jurez',21,40020);
INSERT INTO sucursal(idSucursal,nombreSucursal,rfc,correo,telefono,estado,calle,municipio,numero,cp)
  VALUES (6,'Jast and Sons','JSFT227177DCX','cstott5@ycombinator.com',7348308555,'San Luis Potosi','Petterle','General Trevio',6312,98980);
INSERT INTO sucursal(idSucursal,nombreSucursal,rfc,correo,telefono,estado,calle,municipio,numero,cp)
  VALUES (7,'Kunde, Morar and Zulauf','NFBH149405EBI','cdriver6@independent.co.uk',8107679272,'Chihuahua','Saint Paul','San Sebastin del Oeste',0,46410);
INSERT INTO sucursal(idSucursal,nombreSucursal,rfc,correo,telefono,estado,calle,municipio,numero,cp)
  VALUES (8,'Hoppe-Carroll','SGIA985417LQN','oparmiter7@archive.org',3705616535,'Tamaulipas','Mendota','Tepeyahualco de Cuauhtmoc',29752,58910);
INSERT INTO sucursal(idSucursal,nombreSucursal,rfc,correo,telefono,estado,calle,municipio,numero,cp)
  VALUES (9,'Grady and Sons','RUNS308005LMJ','ccockerell8@patch.com',5868663911,'Oaxaca','Maple','Huehuetln el Chico',1053,34410);
INSERT INTO sucursal(idSucursal,nombreSucursal,rfc,correo,telefono,estado,calle,municipio,numero,cp)
  VALUES (10,'Hilpert, Kessler and VonRueden','DPRX415382KPA','mloweth9@hostgator.com',1442831455,'Campeche','Dunning','San Juan Lachigalla',48,90060);
INSERT INTO sucursal(idSucursal,nombreSucursal,rfc,correo,telefono,estado,calle,municipio,numero,cp)
  VALUES (11,'Waelchi, Schuster and Klein','RFQQ718811JGU','vfarnhilla@feedburner.com',0283935091,'Campeche','Monica','Tlacotepec Plumas',89724,80490);
INSERT INTO sucursal(idSucursal,nombreSucursal,rfc,correo,telefono,estado,calle,municipio,numero,cp)
  VALUES (12,'Marquardt, Doyle and Hauck','HWXG122609AES','rrushb@flickr.com',0834851717,'Nayarit','Lindbergh','Villa de Etla',28,44560);
INSERT INTO sucursal(idSucursal,nombreSucursal,rfc,correo,telefono,estado,calle,municipio,numero,cp)
  VALUES (13,'Sporer, Carter and Davis','BXPC799281SXO','efrostickc@abc.net.au',3236093086,'Colima','Waywood','Amixtln',8590,26660);
INSERT INTO sucursal(idSucursal,nombreSucursal,rfc,correo,telefono,estado,calle,municipio,numero,cp)
  VALUES (14,'Halvorson, Donnelly and Reichel','MWDW460227JLC','lcasined@vimeo.com',5547395451,'Baja California Sur','South','San Rafael',44000,77310);
INSERT INTO sucursal(idSucursal,nombreSucursal,rfc,correo,telefono,estado,calle,municipio,numero,cp)
  VALUES (15,'Yundt Group','EXIU067839IPN','netucke@china.com.cn',8271556318,'Zacatecas','Lighthouse Bay','San Pedro Sochipam',9,47590);
INSERT INTO sucursal(idSucursal,nombreSucursal,rfc,correo,telefono,estado,calle,municipio,numero,cp)
  VALUES (16,'Hoppe-Koelpin','UTRJ276593DMG','acarsonf@tuttocitta.it',6171830955,'San Luis Potosi','Washington','General Felipe ngeles',364,36730);
INSERT INTO sucursal(idSucursal,nombreSucursal,rfc,correo,telefono,estado,calle,municipio,numero,cp)
  VALUES (17,'Stark-Moen','AADT764523IFM','dgiacopelog@ebay.co.uk',4206479831,'Guerrero','Forest Run','Santiago Apoala',9585,26160);
INSERT INTO sucursal(idSucursal,nombreSucursal,rfc,correo,telefono,estado,calle,municipio,numero,cp)
  VALUES (18,'Considine-Willms','MSVG770590ICN','bpomphreyh@fema.gov',0603924310,'Oaxaca','Spaight','Xochiapulco',846,42040);
INSERT INTO sucursal(idSucursal,nombreSucursal,rfc,correo,telefono,estado,calle,municipio,numero,cp)
  VALUES (19,'Witting Group','TARD957704KBW','idebenedittii@reddit.com',7850598808,'San Luis Potosi','Dwight','Escobedo',0753,95140);
INSERT INTO sucursal(idSucursal,nombreSucursal,rfc,correo,telefono,estado,calle,municipio,numero,cp)
  VALUES (20,'Purdy-Tromp','BOXX150047JGL','vvanaccij@si.edu',5374043820,'Tamaulipas','Dawn','Chiautempan',0188,76060);
INSERT INTO sucursal(idSucursal,nombreSucursal,rfc,correo,telefono,estado,calle,municipio,numero,cp)
  VALUES (21,'Bernhard, Gibson and Feest','DDOH072915GWM','nfoulkesk@msn.com',9866762581,'Puebla','Hollow Ridge','Tlalnelhuayocan',10,76780);
INSERT INTO sucursal(idSucursal,nombreSucursal,rfc,correo,telefono,estado,calle,municipio,numero,cp)
  VALUES (22,'Ondricka-Cole','DZCX712560VQJ','kmowsleyl@mapquest.com',8585536430,'Chihuahua','Sheridan','Altamira',2652,67150);
INSERT INTO sucursal(idSucursal,nombreSucursal,rfc,correo,telefono,estado,calle,municipio,numero,cp)
  VALUES (23,'Bayer-Crona','MXWM045297XDO','jlenoirm@slideshare.net',9247047362,'Nuevo Leon','Lakeland','Mazamitla',69,43790);
INSERT INTO sucursal(idSucursal,nombreSucursal,rfc,correo,telefono,estado,calle,municipio,numero,cp)
  VALUES (24,'Herman, Bednar and Zemlak','PMPN944163XLW','gdodshunn@xing.com',9298050003,'Baja California Sur','Canary','Tecalitln',4,76430);
INSERT INTO sucursal(idSucursal,nombreSucursal,rfc,correo,telefono,estado,calle,municipio,numero,cp)
  VALUES (25,'Quigley-Smith','LDKC759489AJB','ehenricssono@ihg.com',0795121279,'Aguascalientes','Hansons','Cotija',70,47000);
INSERT INTO sucursal(idSucursal,nombreSucursal,rfc,correo,telefono,estado,calle,municipio,numero,cp)
  VALUES (26,'Hauck, Roberts and Quitzon','NLRZ730478ZEO','ikincadep@dion.ne.jp',4500208568,'Queretaro','Huxley','Santa Catarina Lachatao',5,11290);
INSERT INTO sucursal(idSucursal,nombreSucursal,rfc,correo,telefono,estado,calle,municipio,numero,cp)
  VALUES (27,'Heaney Inc','YMJS656761OHD','darisq@storify.com',3378690189,'Tabasco','Dawn','El Limn',2,81820);
INSERT INTO sucursal(idSucursal,nombreSucursal,rfc,correo,telefono,estado,calle,municipio,numero,cp)
  VALUES (28,'Bechtelar-Little','YVHH336224HGG','hinnsr@angelfire.com',3256857370,'Ciudad de México','Killdeer','Gabriel Zamora',435,47490);
INSERT INTO sucursal(idSucursal,nombreSucursal,rfc,correo,telefono,estado,calle,municipio,numero,cp)
  VALUES (29,'Olson-Harber','VGMF994245XSO','ttattershaws@smugmug.com',3516374925,'Colima','Ohio','San Pablo Villa de Mitla',4,31740);
INSERT INTO sucursal(idSucursal,nombreSucursal,rfc,correo,telefono,estado,calle,municipio,numero,cp)
  VALUES (30,'Gulgowski LLC','QKDH532024LUP','kcorbouldt@twitter.com',4094504874,'Puebla','Ridge Oak','Ocoyucan',37,86700);
INSERT INTO sucursal(idSucursal,nombreSucursal,rfc,correo,telefono,estado,calle,municipio,numero,cp)
  VALUES (31,'Hackett Group','VYKA506170LUK','kcorballyu@wired.com',8090417503,'Queretaro','Banding','Santiago Miahuatln',0316,00910);
INSERT INTO sucursal(idSucursal,nombreSucursal,rfc,correo,telefono,estado,calle,municipio,numero,cp)
  VALUES (32,'Dickinson, Connelly and Huels','FLXF087225CTG','okeppv@who.int',5681097173,'Chihuahua','Shopko','San Miguel Tequixtepec',311,10620);
INSERT INTO sucursal(idSucursal,nombreSucursal,rfc,correo,telefono,estado,calle,municipio,numero,cp)
  VALUES (33,'Mertz-Schoen','VZWA219381BEM','tklosterw@fema.gov',4126288070,'Ciudad de México','Grim','La Huerta',2263,56180);
INSERT INTO sucursal(idSucursal,nombreSucursal,rfc,correo,telefono,estado,calle,municipio,numero,cp)
  VALUES (34,'Tillman-Zulauf','YDRM450274RRS','bautriex@rambler.ru',7400865445,'Nuevo Leon','Comanche','Monjas',8,12990);
INSERT INTO sucursal(idSucursal,nombreSucursal,rfc,correo,telefono,estado,calle,municipio,numero,cp)
  VALUES (35,'Collins-Glover','MGTU956428PYE','kkertessy@cloudflare.com',2238550492,'Baja California Sur','Hanson','Malinaltepec',4305,84680);
INSERT INTO sucursal(idSucursal,nombreSucursal,rfc,correo,telefono,estado,calle,municipio,numero,cp)
  VALUES (36,'Rogahn, Howe and Pollich','JZKX621404PEY','rremirezz@dion.ne.jp',9529048365,'Queretaro','Susan','San Pedro Topiltepec',4,52670);
INSERT INTO sucursal(idSucursal,nombreSucursal,rfc,correo,telefono,estado,calle,municipio,numero,cp)
  VALUES (37,'Shields, Funk and Windler','QAPO208929HSB','hbretherton10@goodreads.com',5138839103,'Chihuahua','Quincy','Calakmul',4079,93670);
INSERT INTO sucursal(idSucursal,nombreSucursal,rfc,correo,telefono,estado,calle,municipio,numero,cp)
  VALUES (38,'Terry, Homenick and Spinka','VPSD975515AUX','brookledge11@purevolume.com',9890271676,'Tamaulipas','Center','Tepelmeme Villa de Morelos',8,61320);
INSERT INTO sucursal(idSucursal,nombreSucursal,rfc,correo,telefono,estado,calle,municipio,numero,cp)
  VALUES (39,'Toy Inc','QPLS565127BGS','hrooksby12@rambler.ru',6744432939,'Nayarit','Marquette','San Miguel Tlacotepec',2,94120);
INSERT INTO sucursal(idSucursal,nombreSucursal,rfc,correo,telefono,estado,calle,municipio,numero,cp)
  VALUES (40,'West, Dietrich and Howe','VVSY300410MZO','dmolder13@cmu.edu',3444786498,'Coahuila de Zaragoza','Orin','Amanalco',7,94640);
INSERT INTO sucursal(idSucursal,nombreSucursal,rfc,correo,telefono,estado,calle,municipio,numero,cp)
  VALUES (41,'Farrell-Beahan','BFGT925871TBQ','ddick14@house.gov',3322278790,'Sinaloa','Mosinee','Unin de San Antonio',44,70900);
INSERT INTO sucursal(idSucursal,nombreSucursal,rfc,correo,telefono,estado,calle,municipio,numero,cp)
  VALUES (42,'Gottlieb and Sons','TREK035112XJG','dbarnbrook15@forbes.com',3167189186,'México','Bashford','Tlacuilotepec',1285,01820);
INSERT INTO sucursal(idSucursal,nombreSucursal,rfc,correo,telefono,estado,calle,municipio,numero,cp)
  VALUES (43,'Rice Inc','ZJLN130358HIR','idrohane16@chron.com',0134448452,'Baja California','Melody','Villa Victoria',3,76460);
INSERT INTO sucursal(idSucursal,nombreSucursal,rfc,correo,telefono,estado,calle,municipio,numero,cp)
  VALUES (44,'Quigley LLC','SIZF779085OPI','ecalcott17@zdnet.com',7685178785,'Aguascalientes','Acker','San Baltazar Chichicpam',22091,19520);
INSERT INTO sucursal(idSucursal,nombreSucursal,rfc,correo,telefono,estado,calle,municipio,numero,cp)
  VALUES (45,'Jaskolski LLC','QNWQ296369MGB','rragbourn18@elegantthemes.com',6184904343,'San Luis Potosi','Golf','Jitotol',23,17300);
INSERT INTO sucursal(idSucursal,nombreSucursal,rfc,correo,telefono,estado,calle,municipio,numero,cp)
  VALUES (46,'Bailey, Rowe and Quigley','AZIS858053VWG','ccolchett19@un.org',6834073277,'Morelos','Bartelt','Tolcayuca',1,95550);
INSERT INTO sucursal(idSucursal,nombreSucursal,rfc,correo,telefono,estado,calle,municipio,numero,cp)
  VALUES (47,'Hamill-Corkery','LBBW156785NRT','rdoerling1a@cornell.edu',5726828107,'Nuevo Leon','Crest Line','San Juan del Ro',039,51690);
INSERT INTO sucursal(idSucursal,nombreSucursal,rfc,correo,telefono,estado,calle,municipio,numero,cp)
  VALUES (48,'Kuhn Group','BMUX601691ALM','mpollicatt1b@youtube.com',6556599971,'Durango','Ridge Oak','Mineral de la Reforma',96582,03260);
INSERT INTO sucursal(idSucursal,nombreSucursal,rfc,correo,telefono,estado,calle,municipio,numero,cp)
  VALUES (49,'Emard, Bradtke and Pfannerstill','OLUP973781AJL','fhands1c@printfriendly.com',1868840631,'Nuevo Leon','Mariners Cove','Dzidzantn',921,63290);
INSERT INTO sucursal(idSucursal,nombreSucursal,rfc,correo,telefono,estado,calle,municipio,numero,cp)
  VALUES (50,'Hyatt-Hickle','BPBM850636PIR','dpavel1d@oracle.com',7944470913,'Tabasco','Mcguire','Ahuehuetitla',823,39390);
INSERT INTO sucursal(idSucursal,nombreSucursal,rfc,correo,telefono,estado,calle,municipio,numero,cp)
  VALUES (51,'Hagenes-Renner','DLDP079995FNH','bdepka1e@printfriendly.com',8094834835,'Baja California Sur','Hooker','San Jos Ayuquila',0372,04970);
INSERT INTO sucursal(idSucursal,nombreSucursal,rfc,correo,telefono,estado,calle,municipio,numero,cp)
  VALUES (52,'Smitham, Roberts and Boehm','SJIB235568EWN','tgarland1f@npr.org',3535464363,'Yucatan','Hoepker','Heroica Ciudad de Juchitn de Zaragoza',625,33000);
INSERT INTO sucursal(idSucursal,nombreSucursal,rfc,correo,telefono,estado,calle,municipio,numero,cp)
  VALUES (53,'Witting Inc','IXXH234053OLK','psasser1g@phpbb.com',8768852694,'Oaxaca','Dayton','Uriangato',17,96250);
INSERT INTO sucursal(idSucursal,nombreSucursal,rfc,correo,telefono,estado,calle,municipio,numero,cp)
  VALUES (54,'Miller, Mitchell and Fay','YYCG577596GBE','jfalkinder1h@ustream.tv',3406721356,'Sonora','Cardinal','Reforma',781,42820);
INSERT INTO sucursal(idSucursal,nombreSucursal,rfc,correo,telefono,estado,calle,municipio,numero,cp)
  VALUES (55,'Padberg Group','CCXX774331CLW','gjelk1i@instagram.com',6606537285,'Hidalgo','Dryden','Tepeyanco',05644,08160);
INSERT INTO sucursal(idSucursal,nombreSucursal,rfc,correo,telefono,estado,calle,municipio,numero,cp)
  VALUES (56,'Pagac LLC','QDHX165204NGA','mescala1j@prnewswire.com',5611055189,'Colima','Commercial','Villaldama',517,40150);
INSERT INTO sucursal(idSucursal,nombreSucursal,rfc,correo,telefono,estado,calle,municipio,numero,cp)
  VALUES (57,'Koss-Turcotte','MNDF248124WWU','ccarrane1k@twitpic.com',6358451134,'Nuevo Leon','High Crossing','Coxcatln',3,82600);
INSERT INTO sucursal(idSucursal,nombreSucursal,rfc,correo,telefono,estado,calle,municipio,numero,cp)
  VALUES (58,'Zemlak and Sons','NACB260538AWJ','atimlett1l@cbsnews.com',9343352187,'Yucatan','Truax','Xochitln Todos Santos',74863,99980);
INSERT INTO sucursal(idSucursal,nombreSucursal,rfc,correo,telefono,estado,calle,municipio,numero,cp)
  VALUES (59,'Ritchie Group','AROA873257IMS','cblodg1m@home.pl',6400455063,'Zacatecas','Anniversary','Lampazos de Naranjo',3061,23150);
INSERT INTO sucursal(idSucursal,nombreSucursal,rfc,correo,telefono,estado,calle,municipio,numero,cp)
  VALUES (60,'Medhurst-Schinner','RULN915387HFA','jhowsden1n@ihg.com',3502132501,'Quintana Roo','Raven','Otzoloapan',20787,98480);
INSERT INTO sucursal(idSucursal,nombreSucursal,rfc,correo,telefono,estado,calle,municipio,numero,cp)
  VALUES (61,'Davis-Schumm','LODU902766YRN','jsickling1o@dropbox.com',1622834325,'Zacatecas','Prairie Rose','Dzemul',94227,72520);
INSERT INTO sucursal(idSucursal,nombreSucursal,rfc,correo,telefono,estado,calle,municipio,numero,cp)
  VALUES (62,'Padberg-Blanda','GJPH658785LRG','othebe1p@blogs.com',8347962796,'Puebla','Stephen','Coetzala',6797,18830);
INSERT INTO sucursal(idSucursal,nombreSucursal,rfc,correo,telefono,estado,calle,municipio,numero,cp)
  VALUES (63,'Tromp LLC','LYBR188487WGH','wsinnie1q@cpanel.net',6153481614,'Jalisco','Troy','Yauhquemehcan',0,18190);
INSERT INTO sucursal(idSucursal,nombreSucursal,rfc,correo,telefono,estado,calle,municipio,numero,cp)
  VALUES (64,'Collins and Sons','BLJX805810ZJH','kmountfort1r@census.gov',4482151438,'Coahuila de Zaragoza','Brentwood','Tepetzintla',37,54450);
INSERT INTO sucursal(idSucursal,nombreSucursal,rfc,correo,telefono,estado,calle,municipio,numero,cp)
  VALUES (65,'Waelchi and Sons','CCAS643477QLQ','leffnert1s@addtoany.com',9258534415,'San Luis Potosi','Gulseth','Bokob',5515,20580);
INSERT INTO sucursal(idSucursal,nombreSucursal,rfc,correo,telefono,estado,calle,municipio,numero,cp)
  VALUES (66,'Huels Inc','ODQQ879885VRO','elarratt1t@nationalgeographic.com',1923686744,'Chihuahua','Roth','Oteapan',140,83650);
INSERT INTO sucursal(idSucursal,nombreSucursal,rfc,correo,telefono,estado,calle,municipio,numero,cp)
  VALUES (67,'Hayes, Beatty and Miller','PSNL602972JYP','clouder1u@about.me',7280376628,'Coahuila de Zaragoza','Gale','Santo Domingo Tonaltepec',8640,89720);
INSERT INTO sucursal(idSucursal,nombreSucursal,rfc,correo,telefono,estado,calle,municipio,numero,cp)
  VALUES (68,'Hudson-O''Conner','EXJH323091DKQ','dburge1v@sohu.com',2883063178,'Yucatan','Village Green','Coatecas Altas',4526,93730);
INSERT INTO sucursal(idSucursal,nombreSucursal,rfc,correo,telefono,estado,calle,municipio,numero,cp)
  VALUES (69,'Bergstrom-Weber','RGDU246098DGR','spassmore1w@nbcnews.com',2671607316,'Guerrero','Memorial','Santos Reyes Ppalo',6445,40970);
INSERT INTO sucursal(idSucursal,nombreSucursal,rfc,correo,telefono,estado,calle,municipio,numero,cp)
  VALUES (70,'Stokes-Tromp','HZPS194196FLM','lmaccorkell1x@meetup.com',9889045283,'Tamaulipas','Sachs','San Juan Sayultepec',79,12280);
INSERT INTO sucursal(idSucursal,nombreSucursal,rfc,correo,telefono,estado,calle,municipio,numero,cp)
  VALUES (71,'Krajcik-Olson','OWWF083442TTB','gwortley1y@umn.edu',6935051465,'Ciudad de México','Thompson','Ocosingo',12272,50710);
INSERT INTO sucursal(idSucursal,nombreSucursal,rfc,correo,telefono,estado,calle,municipio,numero,cp)
  VALUES (72,'Gusikowski LLC','CYOR409794GYI','bcraker1z@soup.io',8568008715,'Puebla','Hoard','San Pedro Ylox',5353,04550);
INSERT INTO sucursal(idSucursal,nombreSucursal,rfc,correo,telefono,estado,calle,municipio,numero,cp)
  VALUES (73,'Heathcote Group','VFBQ419189BBS','cjenno20@dot.gov',5974589107,'Coahuila de Zaragoza','Carpenter','Atlapexco',38,69670);
INSERT INTO sucursal(idSucursal,nombreSucursal,rfc,correo,telefono,estado,calle,municipio,numero,cp)
  VALUES (74,'Hoppe LLC','LIWA761370VET','nsmalls21@spiegel.de',8592750850,'Baja California Sur','Dryden','Ixcateopan de Cuauhtmoc',4,18010);
INSERT INTO sucursal(idSucursal,nombreSucursal,rfc,correo,telefono,estado,calle,municipio,numero,cp)
  VALUES (75,'Volkman, Rolfson and Ullrich','IZBU395107DJT','dchapple22@biblegateway.com',0111332597,'Michoacán','Red Cloud','Santa Cruz Itundujia',20,19110);
INSERT INTO sucursal(idSucursal,nombreSucursal,rfc,correo,telefono,estado,calle,municipio,numero,cp)
  VALUES (76,'Jenkins-Casper','EORD547701LZV','bmatusevich23@smugmug.com',5698875533,'México','Moulton','Chamula',34507,62830);
INSERT INTO sucursal(idSucursal,nombreSucursal,rfc,correo,telefono,estado,calle,municipio,numero,cp)
  VALUES (77,'Heller-Reilly','UJAM248884DKI','kfraschini24@senate.gov',1887001919,'Morelos','Dixon','Huichapan',27,69730);
INSERT INTO sucursal(idSucursal,nombreSucursal,rfc,correo,telefono,estado,calle,municipio,numero,cp)
  VALUES (78,'Satterfield Group','GDHX604131QPL','ldequincey25@army.mil',4717157004,'Tamaulipas','Express','Rodeo',43088,80430);
INSERT INTO sucursal(idSucursal,nombreSucursal,rfc,correo,telefono,estado,calle,municipio,numero,cp)
  VALUES (79,'Pacocha-Bernier','LBGP111664SPW','aduthy26@sohu.com',0731927218,'Puebla','Paget','Santa Mara Sola',80214,65400);
INSERT INTO sucursal(idSucursal,nombreSucursal,rfc,correo,telefono,estado,calle,municipio,numero,cp)
  VALUES (80,'Walsh-Spinka','RYEO198537YGI','gmarwick27@myspace.com',5108003062,'Baja California','Rutledge','Puerto Vallarta',85,18840);
INSERT INTO sucursal(idSucursal,nombreSucursal,rfc,correo,telefono,estado,calle,municipio,numero,cp)
  VALUES (81,'Ortiz, Dibbert and Gusikowski','IIPC371953RFG','twinckle28@bing.com',7959227232,'Ciudad de México','Golf View','Coyutla',7,34710);
INSERT INTO sucursal(idSucursal,nombreSucursal,rfc,correo,telefono,estado,calle,municipio,numero,cp)
  VALUES (82,'Walker, Glover and Prohaska','WXGX688121KKZ','jsilkston29@washingtonpost.com',0969265370,'Aguascalientes','Novick','Pachuca de Soto',65,87320);
INSERT INTO sucursal(idSucursal,nombreSucursal,rfc,correo,telefono,estado,calle,municipio,numero,cp)
  VALUES (83,'Krajcik-Blanda','ZAKJ805903XCU','tgheeraert2a@dmoz.org',9447060055,'Ciudad de México','Delaware','Zimatln de lvarez',62,72870);
INSERT INTO sucursal(idSucursal,nombreSucursal,rfc,correo,telefono,estado,calle,municipio,numero,cp)
  VALUES (84,'Ruecker-Greenfelder','VZXW207416DSF','katthow2b@taobao.com',4760882979,'Jalisco','Rockefeller','San Jos Lachiguiri',14,41360);
INSERT INTO sucursal(idSucursal,nombreSucursal,rfc,correo,telefono,estado,calle,municipio,numero,cp)
  VALUES (85,'Padberg, Prosacco and McKenzie','MVYL042544ACR','nbizley2c@t.co',3638529496,'Nuevo Leon','Elka','Crdoba',4605,13410);
INSERT INTO sucursal(idSucursal,nombreSucursal,rfc,correo,telefono,estado,calle,municipio,numero,cp)
  VALUES (86,'Walsh-Parker','WEOU991527OCQ','acotes2d@dailymail.co.uk',8839324876,'San Luis Potosi','1st','Pilcaya',1,88420);
INSERT INTO sucursal(idSucursal,nombreSucursal,rfc,correo,telefono,estado,calle,municipio,numero,cp)
  VALUES (87,'Bogan-Gutmann','FLWI659434EVY','ppimblotte2e@bandcamp.com',6164561392,'Durango','Arkansas','Santiago',21523,78030);
INSERT INTO sucursal(idSucursal,nombreSucursal,rfc,correo,telefono,estado,calle,municipio,numero,cp)
  VALUES (88,'Sipes-Zulauf','CZWM183267BSG','gsunter2f@illinois.edu',6272841713,'Sonora','Lindbergh','Tancoco',38,76010);
INSERT INTO sucursal(idSucursal,nombreSucursal,rfc,correo,telefono,estado,calle,municipio,numero,cp)
  VALUES (89,'Hartmann, Cummings and Hackett','RNXH682920HKF','rhardin2g@nasa.gov',6236524455,'Guerrero','Elgar','Constancia del Rosario',59012,26120);
INSERT INTO sucursal(idSucursal,nombreSucursal,rfc,correo,telefono,estado,calle,municipio,numero,cp)
  VALUES (90,'Shanahan-Schoen','KHHX896247DKM','ocrosetti2h@omniture.com',3176761832,'Sinaloa','Mariners Cove','San Bartolom Loxicha',37,35050);
INSERT INTO sucursal(idSucursal,nombreSucursal,rfc,correo,telefono,estado,calle,municipio,numero,cp)
  VALUES (91,'Stehr and Sons','NXOW538175UMS','wriediger2i@hc360.com',9456683447,'Veracruz de Ignacio de la Llave','Onsgard','Amatn',08,36750);
INSERT INTO sucursal(idSucursal,nombreSucursal,rfc,correo,telefono,estado,calle,municipio,numero,cp)
  VALUES (92,'Pouros Inc','RGKU706009QUE','rramshay2j@time.com',7966106264,'Aguascalientes','6th','Puente de Ixtla',80,67930);
INSERT INTO sucursal(idSucursal,nombreSucursal,rfc,correo,telefono,estado,calle,municipio,numero,cp)
  VALUES (93,'Homenick-Schuster','LSCB046917ONM','nerricker2k@shareasale.com',5769814898,'Sinaloa','Reindahl','Zacapala',97,64030);
INSERT INTO sucursal(idSucursal,nombreSucursal,rfc,correo,telefono,estado,calle,municipio,numero,cp)
  VALUES (94,'Reichert-Bernhard','QPUP286052GDR','jloder2l@alexa.com',6662241520,'Yucatan','Lake View','Tlacotalpan',32299,77370);
INSERT INTO sucursal(idSucursal,nombreSucursal,rfc,correo,telefono,estado,calle,municipio,numero,cp)
  VALUES (95,'Smith Inc','HANF186409XJD','mkneller2m@umn.edu',0806397662,'Sinaloa','Armistice','Santa Cruz Xitla',203,61310);
INSERT INTO sucursal(idSucursal,nombreSucursal,rfc,correo,telefono,estado,calle,municipio,numero,cp)
  VALUES (96,'Monahan-Wunsch','TEYS923251JVW','sridout2n@huffingtonpost.com',7723443336,'Campeche','Continental','Santa Catarina Cuixtla',12,53380);
INSERT INTO sucursal(idSucursal,nombreSucursal,rfc,correo,telefono,estado,calle,municipio,numero,cp)
  VALUES (97,'Mraz Group','WZDS404484XFX','gbrake2o@economist.com',4408985864,'Nuevo Leon','Evergreen','Tonal',0509,13380);
INSERT INTO sucursal(idSucursal,nombreSucursal,rfc,correo,telefono,estado,calle,municipio,numero,cp)
  VALUES (98,'Lindgren Inc','BMBT913177MZW','esambles2p@wsj.com',7648490274,'Sonora','Hintze','Tenango de Doria',2,45220);
INSERT INTO sucursal(idSucursal,nombreSucursal,rfc,correo,telefono,estado,calle,municipio,numero,cp)
  VALUES (99,'Romaguera and Sons','AQWX088917ODI','jlukes2q@joomla.org',1573189729,'Nayarit','Lukken','Husabas',226,00390);
INSERT INTO sucursal(idSucursal,nombreSucursal,rfc,correo,telefono,estado,calle,municipio,numero,cp)
  VALUES (100,'Larson, Schimmel and Waters','GZZN852146WKH','tcars2r@intel.com',3208498246,'Tabasco','Brown','Chapulhuacn',75852,64800);


/*-----------------------------------------------------------------------
 -------------------------[ Datos de Persona ]---------------------------
 ----------------------------------------------------------------------*/
INSERT INTO persona(idPersona,esEmpleado,esCliente,esProveedor,idSucursal,nombre,apellidoP,apellidoM,correo,telefono,estado,calle,municipio,numero,cp,rfc,edad,salario,antiguedad,nss,curp,noPuntos,esParrillero,esMesero,esCajero,esTortillero,esRepartidor,esTaquero,fechaIngreso)
  VALUES (1332119756,True,False,False,24,'Marley','Martell','McBryde','mmcbryde0@prnewswire.com','4516630782','México','Holy Cross','Altamirano',8,'66020','SJCF823713PSM',57,22175.68,26,'1397515564',NULL,NULL,False,False,False,False,True,False,'2021-10-23');
INSERT INTO persona(idPersona,esEmpleado,esCliente,esProveedor,idSucursal,nombre,apellidoP,apellidoM,correo,telefono,estado,calle,municipio,numero,cp,rfc,edad,salario,antiguedad,nss,curp,noPuntos,esParrillero,esMesero,esCajero,esTortillero,esRepartidor,esTaquero,fechaIngreso)
  VALUES (6063150911,True,True,False,36,'Kelly','Larham','Baverstock','kbaverstock1@slate.com','6330576539','Nuevo Leon','Talisman','Maxcan',21,'45100','YNOF558205RVS',47,13377.13,28,'338317912','KGJJ019881RIRKPDDA',2666,True,False,False,False,False,True,'2020-04-12');
INSERT INTO persona(idPersona,esEmpleado,esCliente,esProveedor,idSucursal,nombre,apellidoP,apellidoM,correo,telefono,estado,calle,municipio,numero,cp,rfc,edad,salario,antiguedad,nss,curp,noPuntos,esParrillero,esMesero,esCajero,esTortillero,esRepartidor,esTaquero,fechaIngreso)
  VALUES (4448788363,True,True,False,40,'Georgina','Friett','Wasylkiewicz','gwasylkiewicz2@google.ca','4359872085','Sonora','Pierstorff','Santa Ana Ateixtlahuaca',98857,'63240','CETL446029AVN',25,1185.12,6,'2872344837','BOSS651907KIHPMMUV',4813,False,False,False,False,False,True,'2018-09-26');
INSERT INTO persona(idPersona,esEmpleado,esCliente,esProveedor,idSucursal,nombre,apellidoP,apellidoM,correo,telefono,estado,calle,municipio,numero,cp,rfc,edad,salario,antiguedad,nss,curp,noPuntos,esParrillero,esMesero,esCajero,esTortillero,esRepartidor,esTaquero,fechaIngreso)
  VALUES (4685253514,False,True,True,NULL,'Carlin','Quant','Robus','crobus3@washingtonpost.com','9289850790','Michoacán','Reindahl','Yecuatla',18682,'32810','ATAF483968VNQ',NULL,NULL,NULL,NULL,'DGRD430774VZGZAGVD',3151,False,False,False,False,False,False,NULL);
INSERT INTO persona(idPersona,esEmpleado,esCliente,esProveedor,idSucursal,nombre,apellidoP,apellidoM,correo,telefono,estado,calle,municipio,numero,cp,rfc,edad,salario,antiguedad,nss,curp,noPuntos,esParrillero,esMesero,esCajero,esTortillero,esRepartidor,esTaquero,fechaIngreso)
  VALUES (8170158101,False,False,True,NULL,'Leo','Gandley','Dallicoat','ldallicoat4@mediafire.com','691332791','Queretaro','Cody','San Felipe Tepatln',45,'10140','YAGZ124002FEU',NULL,NULL,NULL,NULL,NULL,NULL,False,False,False,False,False,False,NULL);
INSERT INTO persona(idPersona,esEmpleado,esCliente,esProveedor,idSucursal,nombre,apellidoP,apellidoM,correo,telefono,estado,calle,municipio,numero,cp,rfc,edad,salario,antiguedad,nss,curp,noPuntos,esParrillero,esMesero,esCajero,esTortillero,esRepartidor,esTaquero,fechaIngreso)
  VALUES (3270748967,True,True,False,38,'Inness','Filkov','Tousey','itousey5@ycombinator.com','4863075202','Baja California','Vera','Tlayacapan',56,'22860','BCDM757015OAZ',41,41246.5,2,'5173250028','QFAR220421ZERMUMEV',2132,False,False,False,False,False,True,'2021-09-25');
INSERT INTO persona(idPersona,esEmpleado,esCliente,esProveedor,idSucursal,nombre,apellidoP,apellidoM,correo,telefono,estado,calle,municipio,numero,cp,rfc,edad,salario,antiguedad,nss,curp,noPuntos,esParrillero,esMesero,esCajero,esTortillero,esRepartidor,esTaquero,fechaIngreso)
  VALUES (3277409555,True,True,False,28,'Sonnnie','Dymock','Shale','sshale6@illinois.edu','8511418035','Veracruz de Ignacio de la Llave','Mockingbird','San Jernimo Tlacochahuaya',384,'9700','QSIP769739DUF',53,16666.6,28,'3210767961','TEVL662434QOEGDCRB',919,False,False,False,True,False,False,'2018-09-07');
INSERT INTO persona(idPersona,esEmpleado,esCliente,esProveedor,idSucursal,nombre,apellidoP,apellidoM,correo,telefono,estado,calle,municipio,numero,cp,rfc,edad,salario,antiguedad,nss,curp,noPuntos,esParrillero,esMesero,esCajero,esTortillero,esRepartidor,esTaquero,fechaIngreso)
  VALUES (4640330076,True,False,False,78,'Zacharia','Comino','De la Perrelle','zdelaperrelle7@vk.com','3688002047','Baja California','Ridgeway','Urique',99583,'43630','ZTXD255712ONU',46,7954.19,3,'5738536322',NULL,NULL,False,False,False,True,False,False,'2018-06-02');
INSERT INTO persona(idPersona,esEmpleado,esCliente,esProveedor,idSucursal,nombre,apellidoP,apellidoM,correo,telefono,estado,calle,municipio,numero,cp,rfc,edad,salario,antiguedad,nss,curp,noPuntos,esParrillero,esMesero,esCajero,esTortillero,esRepartidor,esTaquero,fechaIngreso)
  VALUES (3591906541,True,False,False,30,'Inge','Blethin','Late','ilate8@sohu.com','5898428639','Baja California Sur','Cardinal','San Dionisio Ocotln',4593,'840','FWGN656182AEA',33,16762,14,'6233235345',NULL,NULL,False,False,True,False,False,True,'2019-12-29');
INSERT INTO persona(idPersona,esEmpleado,esCliente,esProveedor,idSucursal,nombre,apellidoP,apellidoM,correo,telefono,estado,calle,municipio,numero,cp,rfc,edad,salario,antiguedad,nss,curp,noPuntos,esParrillero,esMesero,esCajero,esTortillero,esRepartidor,esTaquero,fechaIngreso)
  VALUES (4740409422,True,False,False,58,'Shadow','Hulke','Spores','sspores9@bluehost.com','2205014554','Jalisco','Troy','Mama',20,'63560','RDQK465951YDF',33,39582.92,17,'8143839346',NULL,NULL,False,False,False,True,False,True,'2022-01-09');
INSERT INTO persona(idPersona,esEmpleado,esCliente,esProveedor,idSucursal,nombre,apellidoP,apellidoM,correo,telefono,estado,calle,municipio,numero,cp,rfc,edad,salario,antiguedad,nss,curp,noPuntos,esParrillero,esMesero,esCajero,esTortillero,esRepartidor,esTaquero,fechaIngreso)
  VALUES (9210122320,False,True,True,NULL,'Leonelle','Archell','Feronet','lferoneta@aboutads.info','9136986583','Chihuahua','Gerald','Huamantla',3,'57570','SPRA969115VFU',NULL,NULL,NULL,NULL,'IFWJ492139VWPDLJWG',3259,False,False,False,False,False,False,NULL);
INSERT INTO persona(idPersona,esEmpleado,esCliente,esProveedor,idSucursal,nombre,apellidoP,apellidoM,correo,telefono,estado,calle,municipio,numero,cp,rfc,edad,salario,antiguedad,nss,curp,noPuntos,esParrillero,esMesero,esCajero,esTortillero,esRepartidor,esTaquero,fechaIngreso)
  VALUES (6116737685,True,False,False,60,'Theo','Medlen','Clive','tcliveb@google.cn','8638353248','Aguascalientes','Karstens','Tarmbaro',73840,'1140','EYQJ958334FVR',21,19260.98,39,'9783485400',NULL,NULL,False,False,False,False,True,True,'2021-10-25');
INSERT INTO persona(idPersona,esEmpleado,esCliente,esProveedor,idSucursal,nombre,apellidoP,apellidoM,correo,telefono,estado,calle,municipio,numero,cp,rfc,edad,salario,antiguedad,nss,curp,noPuntos,esParrillero,esMesero,esCajero,esTortillero,esRepartidor,esTaquero,fechaIngreso)
  VALUES (8584544755,False,True,False,NULL,'Gaby','Swain','Elener','gelenerc@zdnet.com','934874302','Oaxaca','Derek','Ro Blanco',41,'11430','MWWK560777ZZB',NULL,NULL,NULL,NULL,'NFRI337371YNTLNAIB',3840,False,False,False,False,False,False,NULL);
INSERT INTO persona(idPersona,esEmpleado,esCliente,esProveedor,idSucursal,nombre,apellidoP,apellidoM,correo,telefono,estado,calle,municipio,numero,cp,rfc,edad,salario,antiguedad,nss,curp,noPuntos,esParrillero,esMesero,esCajero,esTortillero,esRepartidor,esTaquero,fechaIngreso)
  VALUES (2260267619,False,False,True,NULL,'Wilhelm','Hollow','Bolderoe','wbolderoed@mashable.com','8503936441','Guanajuato','Village Green','Ahualulco de Mercado',505,'27680','KCDD982052DKE',NULL,NULL,NULL,NULL,NULL,NULL,False,False,False,False,False,False,NULL);
INSERT INTO persona(idPersona,esEmpleado,esCliente,esProveedor,idSucursal,nombre,apellidoP,apellidoM,correo,telefono,estado,calle,municipio,numero,cp,rfc,edad,salario,antiguedad,nss,curp,noPuntos,esParrillero,esMesero,esCajero,esTortillero,esRepartidor,esTaquero,fechaIngreso)
  VALUES (7084676391,False,False,True,NULL,'Alair','Sconce','Gaytor','agaytore@fc2.com','6399756980','Ciudad de México','Arizona','Domingo Arenas',4,'65360','HHMI722859ZHE',NULL,NULL,NULL,NULL,NULL,NULL,False,False,False,False,False,False,NULL);
INSERT INTO persona(idPersona,esEmpleado,esCliente,esProveedor,idSucursal,nombre,apellidoP,apellidoM,correo,telefono,estado,calle,municipio,numero,cp,rfc,edad,salario,antiguedad,nss,curp,noPuntos,esParrillero,esMesero,esCajero,esTortillero,esRepartidor,esTaquero,fechaIngreso)
  VALUES (578430369,False,True,False,NULL,'Gualterio','Jelphs','Anney','ganneyf@hugedomains.com','9970430177','Ciudad de México','Homewood','Amacuzac',1,'56330','GYIY113654UEV',NULL,NULL,NULL,NULL,'AQWA203629ETBRKMVI',4312,False,False,False,False,False,False,NULL);
INSERT INTO persona(idPersona,esEmpleado,esCliente,esProveedor,idSucursal,nombre,apellidoP,apellidoM,correo,telefono,estado,calle,municipio,numero,cp,rfc,edad,salario,antiguedad,nss,curp,noPuntos,esParrillero,esMesero,esCajero,esTortillero,esRepartidor,esTaquero,fechaIngreso)
  VALUES (4569441766,False,True,False,NULL,'Karoly','Nunnerley','Leadbitter','kleadbitterg@dmoz.org','972523547','Colima','Emmet','Santa Mara Tataltepec',63242,'73290','QIFZ363877ZRN',NULL,NULL,NULL,NULL,'PCNH837784FJYXDVMY',3930,False,False,False,False,False,False,NULL);
INSERT INTO persona(idPersona,esEmpleado,esCliente,esProveedor,idSucursal,nombre,apellidoP,apellidoM,correo,telefono,estado,calle,municipio,numero,cp,rfc,edad,salario,antiguedad,nss,curp,noPuntos,esParrillero,esMesero,esCajero,esTortillero,esRepartidor,esTaquero,fechaIngreso)
  VALUES (3373745138,False,False,True,NULL,'Joseito','Brierley','Kryzhov','jkryzhovh@macromedia.com','7891710454','Quintana Roo','Caliangt','San Andrs Duraznal',41,'53450','TQLD562258OYH',NULL,NULL,NULL,NULL,NULL,NULL,False,False,False,False,False,False,NULL);
INSERT INTO persona(idPersona,esEmpleado,esCliente,esProveedor,idSucursal,nombre,apellidoP,apellidoM,correo,telefono,estado,calle,municipio,numero,cp,rfc,edad,salario,antiguedad,nss,curp,noPuntos,esParrillero,esMesero,esCajero,esTortillero,esRepartidor,esTaquero,fechaIngreso)
  VALUES (7977993276,False,False,True,NULL,'Kendall','Daintry','Vasyuchov','kvasyuchovi@php.net','1547072331','Durango','Dryden','Jopala',17,'90430','PZSJ486847NHZ',NULL,NULL,NULL,NULL,NULL,NULL,False,False,False,False,False,False,NULL);
INSERT INTO persona(idPersona,esEmpleado,esCliente,esProveedor,idSucursal,nombre,apellidoP,apellidoM,correo,telefono,estado,calle,municipio,numero,cp,rfc,edad,salario,antiguedad,nss,curp,noPuntos,esParrillero,esMesero,esCajero,esTortillero,esRepartidor,esTaquero,fechaIngreso)
  VALUES (5490309280,True,False,False,45,'Hedvige','Bouttell','Felton','hfeltonj@goodreads.com','5759235357','Veracruz de Ignacio de la Llave','Crest Line','Mococh',616,'52450','NZLX220902GBJ',68,36325.89,37,'1246802948',NULL,NULL,False,False,True,False,False,False,'2019-02-28');
INSERT INTO persona(idPersona,esEmpleado,esCliente,esProveedor,idSucursal,nombre,apellidoP,apellidoM,correo,telefono,estado,calle,municipio,numero,cp,rfc,edad,salario,antiguedad,nss,curp,noPuntos,esParrillero,esMesero,esCajero,esTortillero,esRepartidor,esTaquero,fechaIngreso)
  VALUES (8945224079,True,False,False,41,'Dill','Urion','Goscomb','dgoscombk@illinois.edu','6933870597','Yucatan','Mallory','Santa Mara Chimalapa',8,'15660','KEHD012345ALY',48,41165.51,10,'7300518037',NULL,NULL,False,False,True,False,False,False,'2021-11-02');
INSERT INTO persona(idPersona,esEmpleado,esCliente,esProveedor,idSucursal,nombre,apellidoP,apellidoM,correo,telefono,estado,calle,municipio,numero,cp,rfc,edad,salario,antiguedad,nss,curp,noPuntos,esParrillero,esMesero,esCajero,esTortillero,esRepartidor,esTaquero,fechaIngreso)
  VALUES (7798302957,False,True,True,NULL,'Helena','Lecky','Vogel','hvogell@marketwatch.com','2546612826','Sinaloa','Del Sol','Camargo',769,'310','LNAX825519OAL',NULL,NULL,NULL,NULL,'QBHP080663FQFHGYEU',985,False,False,False,False,False,False,NULL);
INSERT INTO persona(idPersona,esEmpleado,esCliente,esProveedor,idSucursal,nombre,apellidoP,apellidoM,correo,telefono,estado,calle,municipio,numero,cp,rfc,edad,salario,antiguedad,nss,curp,noPuntos,esParrillero,esMesero,esCajero,esTortillero,esRepartidor,esTaquero,fechaIngreso)
  VALUES (9208531485,True,True,False,29,'Mag','Mullins','Brunstan','mbrunstanm@360.cn','4150614588','Quintana Roo','Lake View','San Miguel Peras',0,'97360','CEJV512499KWJ',69,21517.34,19,'3557674018','DDQT355584UAQYBWJP',4418,False,False,False,False,False,True,'2018-07-18');
INSERT INTO persona(idPersona,esEmpleado,esCliente,esProveedor,idSucursal,nombre,apellidoP,apellidoM,correo,telefono,estado,calle,municipio,numero,cp,rfc,edad,salario,antiguedad,nss,curp,noPuntos,esParrillero,esMesero,esCajero,esTortillero,esRepartidor,esTaquero,fechaIngreso)
  VALUES (6126008299,False,False,True,NULL,'Happy','Storres','De Mattia','hdemattian@cpanel.net','726146402','Tlaxcala','Paget','Xilitla',3894,'55760','XRKB979773GPQ',NULL,NULL,NULL,NULL,NULL,NULL,False,False,False,False,False,False,NULL);
INSERT INTO persona(idPersona,esEmpleado,esCliente,esProveedor,idSucursal,nombre,apellidoP,apellidoM,correo,telefono,estado,calle,municipio,numero,cp,rfc,edad,salario,antiguedad,nss,curp,noPuntos,esParrillero,esMesero,esCajero,esTortillero,esRepartidor,esTaquero,fechaIngreso)
  VALUES (1851258354,False,False,True,NULL,'Pierson','Stanmer','Whife','pwhifeo@goodreads.com','2850278675','Tabasco','Division','General Bravo',93,'76850','XPAC006440UDQ',NULL,NULL,NULL,NULL,NULL,NULL,False,False,False,False,False,False,NULL);
INSERT INTO persona(idPersona,esEmpleado,esCliente,esProveedor,idSucursal,nombre,apellidoP,apellidoM,correo,telefono,estado,calle,municipio,numero,cp,rfc,edad,salario,antiguedad,nss,curp,noPuntos,esParrillero,esMesero,esCajero,esTortillero,esRepartidor,esTaquero,fechaIngreso)
  VALUES (7726350236,False,False,True,NULL,'Stella','McKeefry','Ellacott','sellacottp@flavors.me','3343773744','Tabasco','Briar Crest','Atlixco',3772,'87480','VFXA774480BTD',NULL,NULL,NULL,NULL,NULL,NULL,False,False,False,False,False,False,NULL);
INSERT INTO persona(idPersona,esEmpleado,esCliente,esProveedor,idSucursal,nombre,apellidoP,apellidoM,correo,telefono,estado,calle,municipio,numero,cp,rfc,edad,salario,antiguedad,nss,curp,noPuntos,esParrillero,esMesero,esCajero,esTortillero,esRepartidor,esTaquero,fechaIngreso)
  VALUES (8193630594,True,True,False,64,'Carly','Laye','Ilyunin','cilyuninq@mayoclinic.com','5966608270','Coahuila de Zaragoza','Westend','Canelas',338,'87220','HMKG941144ODQ',58,31960.54,15,'6773894430','OWTD487946UZLUNGXB',1191,True,False,False,False,False,True,'2021-04-29');
INSERT INTO persona(idPersona,esEmpleado,esCliente,esProveedor,idSucursal,nombre,apellidoP,apellidoM,correo,telefono,estado,calle,municipio,numero,cp,rfc,edad,salario,antiguedad,nss,curp,noPuntos,esParrillero,esMesero,esCajero,esTortillero,esRepartidor,esTaquero,fechaIngreso)
  VALUES (7946191977,False,True,True,NULL,'Jelene','Holdren','Bande','jbander@sitemeter.com','6728764151','Morelos','Gateway','Zozocolco de Hidalgo',535,'34710','OWZL960321GJW',NULL,NULL,NULL,NULL,'YGEA137153RAMAKSHG',1942,False,False,False,False,False,False,NULL);
INSERT INTO persona(idPersona,esEmpleado,esCliente,esProveedor,idSucursal,nombre,apellidoP,apellidoM,correo,telefono,estado,calle,municipio,numero,cp,rfc,edad,salario,antiguedad,nss,curp,noPuntos,esParrillero,esMesero,esCajero,esTortillero,esRepartidor,esTaquero,fechaIngreso)
  VALUES (2610364627,False,False,True,NULL,'Odette','Zorer','Reuben','oreubens@arizona.edu','578273756','Tamaulipas','Goodland','Saltabarranca',45799,'53350','XSXN549093GQM',NULL,NULL,NULL,NULL,NULL,NULL,False,False,False,False,False,False,NULL);
INSERT INTO persona(idPersona,esEmpleado,esCliente,esProveedor,idSucursal,nombre,apellidoP,apellidoM,correo,telefono,estado,calle,municipio,numero,cp,rfc,edad,salario,antiguedad,nss,curp,noPuntos,esParrillero,esMesero,esCajero,esTortillero,esRepartidor,esTaquero,fechaIngreso)
  VALUES (7666518894,True,True,False,20,'Abelard','Hansbury','Blick','ablickt@imageshack.us','7377367698','Guerrero','Huxley','Ocotepec',6366,'38100','CNXU181538EJU',54,24468.74,2,'4591923078','TPKA357632CJTJZLSA',4367,False,True,False,False,False,False,'2018-02-28');
INSERT INTO persona(idPersona,esEmpleado,esCliente,esProveedor,idSucursal,nombre,apellidoP,apellidoM,correo,telefono,estado,calle,municipio,numero,cp,rfc,edad,salario,antiguedad,nss,curp,noPuntos,esParrillero,esMesero,esCajero,esTortillero,esRepartidor,esTaquero,fechaIngreso)
  VALUES (7055707031,False,True,True,NULL,'Codie','Etteridge','Gori','cgoriu@latimes.com','6225777252','Michoacán','Grayhawk','Heroica Villa Tezoatln de Segura y Luna, Cuna de la Independencia de Oaxaca',453,'49000','APAL226471YZY',NULL,NULL,NULL,NULL,'JYPV133633SFYVGWMJ',4859,False,False,False,False,False,False,NULL);
INSERT INTO persona(idPersona,esEmpleado,esCliente,esProveedor,idSucursal,nombre,apellidoP,apellidoM,correo,telefono,estado,calle,municipio,numero,cp,rfc,edad,salario,antiguedad,nss,curp,noPuntos,esParrillero,esMesero,esCajero,esTortillero,esRepartidor,esTaquero,fechaIngreso)
  VALUES (2669740263,True,False,False,34,'Adair','Kingsworth','Sture','asturev@pagesperso-orange.fr','9982685743','Nuevo Leon','Golf','Santa Luca Ocotln',408,'27430','BSLO250499LIZ',54,15335.21,40,'8231569513',NULL,NULL,False,True,False,False,False,False,'2021-12-01');
INSERT INTO persona(idPersona,esEmpleado,esCliente,esProveedor,idSucursal,nombre,apellidoP,apellidoM,correo,telefono,estado,calle,municipio,numero,cp,rfc,edad,salario,antiguedad,nss,curp,noPuntos,esParrillero,esMesero,esCajero,esTortillero,esRepartidor,esTaquero,fechaIngreso)
  VALUES (9769656351,True,False,False,96,'Aldo','Spottiswoode','Dunn','adunnw@de.vu','9487137397','Queretaro','Roth','Tenosique',33890,'95200','YPSK818690VSK',43,16067.51,21,'452284978',NULL,NULL,False,False,False,False,True,True,'2022-03-23');
INSERT INTO persona(idPersona,esEmpleado,esCliente,esProveedor,idSucursal,nombre,apellidoP,apellidoM,correo,telefono,estado,calle,municipio,numero,cp,rfc,edad,salario,antiguedad,nss,curp,noPuntos,esParrillero,esMesero,esCajero,esTortillero,esRepartidor,esTaquero,fechaIngreso)
  VALUES (4954683735,False,False,True,NULL,'Georgeanne','Coburn','Chippin','gchippinx@plala.or.jp','771309160','México','Magdeline','Arivechi',566,'38720','OWGY196228UZQ',NULL,NULL,NULL,NULL,NULL,NULL,False,False,False,False,False,False,NULL);
INSERT INTO persona(idPersona,esEmpleado,esCliente,esProveedor,idSucursal,nombre,apellidoP,apellidoM,correo,telefono,estado,calle,municipio,numero,cp,rfc,edad,salario,antiguedad,nss,curp,noPuntos,esParrillero,esMesero,esCajero,esTortillero,esRepartidor,esTaquero,fechaIngreso)
  VALUES (5686594441,True,False,False,38,'Hunter','Scoggans','Jirak','hjiraky@stanford.edu','1917709941','Ciudad de México','Ohio','Coacoatzintla',6,'6060','GZVQ132874BJG',27,29583.68,17,'3611638032',NULL,NULL,False,False,False,False,True,False,'2021-12-09');
INSERT INTO persona(idPersona,esEmpleado,esCliente,esProveedor,idSucursal,nombre,apellidoP,apellidoM,correo,telefono,estado,calle,municipio,numero,cp,rfc,edad,salario,antiguedad,nss,curp,noPuntos,esParrillero,esMesero,esCajero,esTortillero,esRepartidor,esTaquero,fechaIngreso)
  VALUES (4853534599,False,False,True,NULL,'Cale','Kneafsey','How to preserve','chowtopreservez@mapquest.com','8989796411','Nuevo Leon','Waxwing','Tepetongo',7,'69530','QWMS383522EVX',NULL,NULL,NULL,NULL,NULL,NULL,False,False,False,False,False,False,NULL);
INSERT INTO persona(idPersona,esEmpleado,esCliente,esProveedor,idSucursal,nombre,apellidoP,apellidoM,correo,telefono,estado,calle,municipio,numero,cp,rfc,edad,salario,antiguedad,nss,curp,noPuntos,esParrillero,esMesero,esCajero,esTortillero,esRepartidor,esTaquero,fechaIngreso)
  VALUES (611449146,True,True,False,83,'Odelle','Kimmings','Jugging','ojugging10@sciencedirect.com','3454984243','Coahuila de Zaragoza','Sherman','Santiago Yosonda',9449,'47810','RCOJ466352GAO',51,23192.91,36,'1671131489','FWDF164177GNDIGAMA',4938,False,False,False,False,True,True,'2021-05-17');
INSERT INTO persona(idPersona,esEmpleado,esCliente,esProveedor,idSucursal,nombre,apellidoP,apellidoM,correo,telefono,estado,calle,municipio,numero,cp,rfc,edad,salario,antiguedad,nss,curp,noPuntos,esParrillero,esMesero,esCajero,esTortillero,esRepartidor,esTaquero,fechaIngreso)
  VALUES (5525389907,True,False,False,71,'Sayer','Bambrough','Roskrug','sroskrug11@google.com','3493615403','Nayarit','Lyons','General Enrique Estrada',93,'64790','ZUAB268982VPU',50,11765.53,21,'2339635589',NULL,NULL,False,False,False,True,False,False,'2018-04-15');
INSERT INTO persona(idPersona,esEmpleado,esCliente,esProveedor,idSucursal,nombre,apellidoP,apellidoM,correo,telefono,estado,calle,municipio,numero,cp,rfc,edad,salario,antiguedad,nss,curp,noPuntos,esParrillero,esMesero,esCajero,esTortillero,esRepartidor,esTaquero,fechaIngreso)
  VALUES (6611469620,True,False,False,27,'Cointon','Woodhall','Dives','cdives12@simplemachines.org','6456596606','Colima','Sommers','Tepic',9,'87950','TRQS510375HHV',19,20754.81,18,'8735565518',NULL,NULL,False,False,False,False,True,False,'2022-03-22');
INSERT INTO persona(idPersona,esEmpleado,esCliente,esProveedor,idSucursal,nombre,apellidoP,apellidoM,correo,telefono,estado,calle,municipio,numero,cp,rfc,edad,salario,antiguedad,nss,curp,noPuntos,esParrillero,esMesero,esCajero,esTortillero,esRepartidor,esTaquero,fechaIngreso)
  VALUES (9625266822,False,False,True,NULL,'Rebbecca','Buzine','Bakster','rbakster13@merriam-webster.com','1348772478','Veracruz de Ignacio de la Llave','Lerdahl','Angostura',1393,'36330','RXZI532379MYT',NULL,NULL,NULL,NULL,NULL,NULL,False,False,False,False,False,False,NULL);
INSERT INTO persona(idPersona,esEmpleado,esCliente,esProveedor,idSucursal,nombre,apellidoP,apellidoM,correo,telefono,estado,calle,municipio,numero,cp,rfc,edad,salario,antiguedad,nss,curp,noPuntos,esParrillero,esMesero,esCajero,esTortillero,esRepartidor,esTaquero,fechaIngreso)
  VALUES (2679837720,False,False,True,NULL,'Rodrigo','McGown','Towl','rtowl14@youku.com','3240209799','México','Forest Dale','Santo Domingo Nuxa',422,'54020','VTMH022843NZU',NULL,NULL,NULL,NULL,NULL,NULL,False,False,False,False,False,False,NULL);
INSERT INTO persona(idPersona,esEmpleado,esCliente,esProveedor,idSucursal,nombre,apellidoP,apellidoM,correo,telefono,estado,calle,municipio,numero,cp,rfc,edad,salario,antiguedad,nss,curp,noPuntos,esParrillero,esMesero,esCajero,esTortillero,esRepartidor,esTaquero,fechaIngreso)
  VALUES (1841962890,True,False,False,8,'Sean','Winning','Merlin','smerlin15@miibeian.gov.cn','2922055122','Tlaxcala','Buhler','lvaro Obregn',33051,'33980','QCUK266169MMD',53,41733.43,15,'6219635516',NULL,NULL,False,False,False,True,False,True,'2022-05-16');
INSERT INTO persona(idPersona,esEmpleado,esCliente,esProveedor,idSucursal,nombre,apellidoP,apellidoM,correo,telefono,estado,calle,municipio,numero,cp,rfc,edad,salario,antiguedad,nss,curp,noPuntos,esParrillero,esMesero,esCajero,esTortillero,esRepartidor,esTaquero,fechaIngreso)
  VALUES (9968579265,False,True,True,NULL,'Brnaby','Elsy','Perrygo','bperrygo16@barnesandnoble.com','9925712095','Nuevo Leon','4th','Batopilas',3830,'36070','VTZH937796ZTC',NULL,NULL,NULL,NULL,'QBXV125697BFIWZTQA',1630,False,False,False,False,False,False,NULL);
INSERT INTO persona(idPersona,esEmpleado,esCliente,esProveedor,idSucursal,nombre,apellidoP,apellidoM,correo,telefono,estado,calle,municipio,numero,cp,rfc,edad,salario,antiguedad,nss,curp,noPuntos,esParrillero,esMesero,esCajero,esTortillero,esRepartidor,esTaquero,fechaIngreso)
  VALUES (8155724838,False,True,True,NULL,'Shanta','Conquer','Klosterman','sklosterman17@businesswire.com','9251204975','Queretaro','Barby','Tlaxco',3747,'6680','BJMJ948242FQE',NULL,NULL,NULL,NULL,'JVIY327001TGUOHFXZ',1390,False,False,False,False,False,False,NULL);
INSERT INTO persona(idPersona,esEmpleado,esCliente,esProveedor,idSucursal,nombre,apellidoP,apellidoM,correo,telefono,estado,calle,municipio,numero,cp,rfc,edad,salario,antiguedad,nss,curp,noPuntos,esParrillero,esMesero,esCajero,esTortillero,esRepartidor,esTaquero,fechaIngreso)
  VALUES (9060297274,True,True,False,34,'Deidre','Ivashev','MacAnelley','dmacanelley18@wordpress.org','5619420004','México','Melody','Hermenegildo Galeana',17463,'98100','GLJX907551FBH',40,44754.54,31,'3903354557','ITAN254830GTURBGEC',2062,True,False,False,False,False,False,'2019-09-23');
INSERT INTO persona(idPersona,esEmpleado,esCliente,esProveedor,idSucursal,nombre,apellidoP,apellidoM,correo,telefono,estado,calle,municipio,numero,cp,rfc,edad,salario,antiguedad,nss,curp,noPuntos,esParrillero,esMesero,esCajero,esTortillero,esRepartidor,esTaquero,fechaIngreso)
  VALUES (1648288540,False,True,True,NULL,'Sherlock','Lethardy','Karran','skarran19@creativecommons.org','4579542279','Michoacán','Harbort','Acaxochitln',5,'44720','DEQJ103192UAM',NULL,NULL,NULL,NULL,'CGGG957718KDHEUXMO',4498,False,False,False,False,False,False,NULL);
INSERT INTO persona(idPersona,esEmpleado,esCliente,esProveedor,idSucursal,nombre,apellidoP,apellidoM,correo,telefono,estado,calle,municipio,numero,cp,rfc,edad,salario,antiguedad,nss,curp,noPuntos,esParrillero,esMesero,esCajero,esTortillero,esRepartidor,esTaquero,fechaIngreso)
  VALUES (9770279408,False,True,False,NULL,'Rustin','Bohin','Innerstone','rinnerstone1a@sohu.com','9827336055','Veracruz de Ignacio de la Llave','Arrowood','Xich',99995,'10760','MAJF774535AWI',NULL,NULL,NULL,NULL,'ZYJW683534NVOIDXQL',4940,False,False,False,False,False,False,NULL);
INSERT INTO persona(idPersona,esEmpleado,esCliente,esProveedor,idSucursal,nombre,apellidoP,apellidoM,correo,telefono,estado,calle,municipio,numero,cp,rfc,edad,salario,antiguedad,nss,curp,noPuntos,esParrillero,esMesero,esCajero,esTortillero,esRepartidor,esTaquero,fechaIngreso)
  VALUES (5918667099,True,True,False,96,'Gregor','Kroger','Sapshed','gsapshed1b@wordpress.org','7386032193','Yucatan','Columbus','Kinchil',6604,'57910','GOGE128266VHW',70,29794.29,6,'8116099101','LXNH175791QJRRAISQ',95,False,False,False,True,False,True,'2020-03-24');
INSERT INTO persona(idPersona,esEmpleado,esCliente,esProveedor,idSucursal,nombre,apellidoP,apellidoM,correo,telefono,estado,calle,municipio,numero,cp,rfc,edad,salario,antiguedad,nss,curp,noPuntos,esParrillero,esMesero,esCajero,esTortillero,esRepartidor,esTaquero,fechaIngreso)
  VALUES (9904432753,False,False,True,NULL,'Sylvan','Sandbach','Rayment','srayment1c@theglobeandmail.com','7010823077','Durango','Eastwood','Villa Corona',4,'90580','ZTWT860603DYW',NULL,NULL,NULL,NULL,NULL,NULL,False,False,False,False,False,False,NULL);
INSERT INTO persona(idPersona,esEmpleado,esCliente,esProveedor,idSucursal,nombre,apellidoP,apellidoM,correo,telefono,estado,calle,municipio,numero,cp,rfc,edad,salario,antiguedad,nss,curp,noPuntos,esParrillero,esMesero,esCajero,esTortillero,esRepartidor,esTaquero,fechaIngreso)
  VALUES (4049744431,False,True,True,NULL,'Hogan','Suatt','Polle','hpolle1d@bluehost.com','2100664119','Queretaro','Elmside','San Martn Hidalgo',296,'97810','RZTF835851FUT',NULL,NULL,NULL,NULL,'YQQH496123VCMGKJKW',42,False,False,False,False,False,False,NULL);
INSERT INTO persona(idPersona,esEmpleado,esCliente,esProveedor,idSucursal,nombre,apellidoP,apellidoM,correo,telefono,estado,calle,municipio,numero,cp,rfc,edad,salario,antiguedad,nss,curp,noPuntos,esParrillero,esMesero,esCajero,esTortillero,esRepartidor,esTaquero,fechaIngreso)
  VALUES (1713933127,True,False,False,61,'Ali','Lucy','Livingston','alivingston1e@virginia.edu','1316527312','Queretaro','Clove','Santa Ana',6,'45810','APZL283949JAD',60,16724.87,20,'2324543643',NULL,NULL,False,False,False,True,False,True,'2022-05-03');
INSERT INTO persona(idPersona,esEmpleado,esCliente,esProveedor,idSucursal,nombre,apellidoP,apellidoM,correo,telefono,estado,calle,municipio,numero,cp,rfc,edad,salario,antiguedad,nss,curp,noPuntos,esParrillero,esMesero,esCajero,esTortillero,esRepartidor,esTaquero,fechaIngreso)
  VALUES (4921704866,True,True,False,55,'Yale','Landre','Snadden','ysnadden1f@list-manage.com','579231624','Campeche','Thackeray','Teuchitln',6019,'82350','KFRU017479YDM',45,10209.7,40,'4598919075','GXAH866437QQZYJRMR',4175,False,False,True,False,False,False,'2020-05-25');
INSERT INTO persona(idPersona,esEmpleado,esCliente,esProveedor,idSucursal,nombre,apellidoP,apellidoM,correo,telefono,estado,calle,municipio,numero,cp,rfc,edad,salario,antiguedad,nss,curp,noPuntos,esParrillero,esMesero,esCajero,esTortillero,esRepartidor,esTaquero,fechaIngreso)
  VALUES (8911258812,True,True,False,53,'Wes','Wontner','Peterson','wpeterson1g@uiuc.edu','5736803839','San Luis Potosi','Harbort','San Lorenzo Victoria',5588,'44940','ADUJ417600HMT',26,17727.21,3,'6624778779','CEYF285178CTHJOQQX',1602,False,False,True,False,False,True,'2021-04-28');
INSERT INTO persona(idPersona,esEmpleado,esCliente,esProveedor,idSucursal,nombre,apellidoP,apellidoM,correo,telefono,estado,calle,municipio,numero,cp,rfc,edad,salario,antiguedad,nss,curp,noPuntos,esParrillero,esMesero,esCajero,esTortillero,esRepartidor,esTaquero,fechaIngreso)
  VALUES (6935275585,False,False,True,NULL,'Annalise','Georgeot','Dreakin','adreakin1h@tmall.com','4674083587','Ciudad de México','Saint Paul','Iztapalapa',100,'55010','PZKH674599PCE',NULL,NULL,NULL,NULL,NULL,NULL,False,False,False,False,False,False,NULL);
INSERT INTO persona(idPersona,esEmpleado,esCliente,esProveedor,idSucursal,nombre,apellidoP,apellidoM,correo,telefono,estado,calle,municipio,numero,cp,rfc,edad,salario,antiguedad,nss,curp,noPuntos,esParrillero,esMesero,esCajero,esTortillero,esRepartidor,esTaquero,fechaIngreso)
  VALUES (4199776163,True,True,False,53,'Riane','Britner','Steanson','rsteanson1i@1und1.de','9491431250','Sonora','Oak','Hoctn',1345,'85420','OTRN318361RIH',60,29969.79,28,'3354502968','PCTX646645SQUNPVII',3890,False,False,False,False,False,True,'2021-02-21');
INSERT INTO persona(idPersona,esEmpleado,esCliente,esProveedor,idSucursal,nombre,apellidoP,apellidoM,correo,telefono,estado,calle,municipio,numero,cp,rfc,edad,salario,antiguedad,nss,curp,noPuntos,esParrillero,esMesero,esCajero,esTortillero,esRepartidor,esTaquero,fechaIngreso)
  VALUES (8065477932,True,True,False,86,'Courtney','Rabbet','Bonnesen','cbonnesen1j@squidoo.com','1188119354','Durango','Farmco','Ixtapaluca',9798,'20860','JNOS723711VWL',51,9419.36,16,'7298267681','UXFY360366JTPSUEPO',4566,True,False,False,False,False,True,'2021-08-24');
INSERT INTO persona(idPersona,esEmpleado,esCliente,esProveedor,idSucursal,nombre,apellidoP,apellidoM,correo,telefono,estado,calle,municipio,numero,cp,rfc,edad,salario,antiguedad,nss,curp,noPuntos,esParrillero,esMesero,esCajero,esTortillero,esRepartidor,esTaquero,fechaIngreso)
  VALUES (4284753104,False,True,True,NULL,'Ringo','Giraux','Szapiro','rszapiro1k@weebly.com','7548138092','Sonora','Dahle','Ticul',1754,'140','IDIU261417ADG',NULL,NULL,NULL,NULL,'RDKD928147NWAYQDBO',1812,False,False,False,False,False,False,NULL);
INSERT INTO persona(idPersona,esEmpleado,esCliente,esProveedor,idSucursal,nombre,apellidoP,apellidoM,correo,telefono,estado,calle,municipio,numero,cp,rfc,edad,salario,antiguedad,nss,curp,noPuntos,esParrillero,esMesero,esCajero,esTortillero,esRepartidor,esTaquero,fechaIngreso)
  VALUES (2261977752,True,False,False,39,'Iggie','Ties','Bachelor','ibachelor1l@google.com.hk','9697070772','Queretaro','1st','Santiago Nundiche',9294,'94400','JHQT794306TXA',32,17898.86,10,'9715319015',NULL,NULL,False,False,False,False,True,False,'2021-07-05');
INSERT INTO persona(idPersona,esEmpleado,esCliente,esProveedor,idSucursal,nombre,apellidoP,apellidoM,correo,telefono,estado,calle,municipio,numero,cp,rfc,edad,salario,antiguedad,nss,curp,noPuntos,esParrillero,esMesero,esCajero,esTortillero,esRepartidor,esTaquero,fechaIngreso)
  VALUES (3004599448,True,False,False,16,'Budd','Mayoh','McFie','bmcfie1m@amazonaws.com','916247709','Oaxaca','Westerfield','Purundiro',30,'35950','AHLH016380QKN',54,5656.97,18,'8649111587',NULL,NULL,False,False,False,False,False,True,'2018-08-21');
INSERT INTO persona(idPersona,esEmpleado,esCliente,esProveedor,idSucursal,nombre,apellidoP,apellidoM,correo,telefono,estado,calle,municipio,numero,cp,rfc,edad,salario,antiguedad,nss,curp,noPuntos,esParrillero,esMesero,esCajero,esTortillero,esRepartidor,esTaquero,fechaIngreso)
  VALUES (1360440906,True,False,False,33,'Glyn','Keays','Merida','gmerida1n@weather.com','7191412231','Coahuila de Zaragoza','Waubesa','Temoac',35110,'2680','DJPP304810CZY',23,20894.66,9,'7543641703',NULL,NULL,False,False,False,False,False,True,'2020-11-19');
INSERT INTO persona(idPersona,esEmpleado,esCliente,esProveedor,idSucursal,nombre,apellidoP,apellidoM,correo,telefono,estado,calle,municipio,numero,cp,rfc,edad,salario,antiguedad,nss,curp,noPuntos,esParrillero,esMesero,esCajero,esTortillero,esRepartidor,esTaquero,fechaIngreso)
  VALUES (2305944553,True,False,False,67,'Van','Clemmens','Easterby','veasterby1o@latimes.com','3049070395','Jalisco','School','San Sebastin Tutla',0,'59610','PBOO717115MNE',69,36199.7,2,'1190031435',NULL,NULL,False,True,False,False,False,False,'2020-07-31');
INSERT INTO persona(idPersona,esEmpleado,esCliente,esProveedor,idSucursal,nombre,apellidoP,apellidoM,correo,telefono,estado,calle,municipio,numero,cp,rfc,edad,salario,antiguedad,nss,curp,noPuntos,esParrillero,esMesero,esCajero,esTortillero,esRepartidor,esTaquero,fechaIngreso)
  VALUES (5709938959,True,False,False,59,'Bobbee','Manuely','Stopp','bstopp1p@cornell.edu','8940509695','Tamaulipas','Surrey','Mazapiltepec de Jurez',421,'30950','DCVB677438XDQ',33,48143.91,19,'1790034851',NULL,NULL,False,False,False,False,False,True,'2021-06-08');
INSERT INTO persona(idPersona,esEmpleado,esCliente,esProveedor,idSucursal,nombre,apellidoP,apellidoM,correo,telefono,estado,calle,municipio,numero,cp,rfc,edad,salario,antiguedad,nss,curp,noPuntos,esParrillero,esMesero,esCajero,esTortillero,esRepartidor,esTaquero,fechaIngreso)
  VALUES (8131402920,True,True,False,67,'Andrus','Fresson','Southerden','asoutherden1q@intel.com','9231724585','Baja California Sur','Wayridge','La Colorada',4,'22710','FDUR222350CWW',30,49122.72,2,'5556871764','XKVV183361SBFSORTB',2301,False,False,False,False,True,False,'2021-05-18');
INSERT INTO persona(idPersona,esEmpleado,esCliente,esProveedor,idSucursal,nombre,apellidoP,apellidoM,correo,telefono,estado,calle,municipio,numero,cp,rfc,edad,salario,antiguedad,nss,curp,noPuntos,esParrillero,esMesero,esCajero,esTortillero,esRepartidor,esTaquero,fechaIngreso)
  VALUES (5579040262,True,True,False,1,'Blisse','Rysom','Joberne','bjoberne1r@barnesandnoble.com','3047755769','México','Algoma','Tantima',8,'18780','YIJP586710VUW',46,46601.69,8,'7535114941','HWJC350184GNTUHBHU',4781,False,False,True,False,False,False,'2020-11-05');
INSERT INTO persona(idPersona,esEmpleado,esCliente,esProveedor,idSucursal,nombre,apellidoP,apellidoM,correo,telefono,estado,calle,municipio,numero,cp,rfc,edad,salario,antiguedad,nss,curp,noPuntos,esParrillero,esMesero,esCajero,esTortillero,esRepartidor,esTaquero,fechaIngreso)
  VALUES (9617377086,True,False,False,62,'Sergio','Benzies','Boram','sboram1s@newsvine.com','6419979257','Yucatan','Dahle','Tlahuelilpan',710,'70180','OKKL573909VRR',53,37035.31,13,'4115840239',NULL,NULL,True,False,False,False,False,False,'2021-08-25');
INSERT INTO persona(idPersona,esEmpleado,esCliente,esProveedor,idSucursal,nombre,apellidoP,apellidoM,correo,telefono,estado,calle,municipio,numero,cp,rfc,edad,salario,antiguedad,nss,curp,noPuntos,esParrillero,esMesero,esCajero,esTortillero,esRepartidor,esTaquero,fechaIngreso)
  VALUES (7489794106,True,False,False,38,'Rhett','Hillburn','Dunrige','rdunrige1t@cocolog-nifty.com','9836120903','Chihuahua','8th','Cozumel',344,'33730','IPLH246437FMQ',66,28372.01,1,'6226342240',NULL,NULL,False,False,False,False,True,False,'2021-05-20');
INSERT INTO persona(idPersona,esEmpleado,esCliente,esProveedor,idSucursal,nombre,apellidoP,apellidoM,correo,telefono,estado,calle,municipio,numero,cp,rfc,edad,salario,antiguedad,nss,curp,noPuntos,esParrillero,esMesero,esCajero,esTortillero,esRepartidor,esTaquero,fechaIngreso)
  VALUES (3515360344,True,False,False,87,'Annis','Vondrach','Bigglestone','abigglestone1u@networksolutions.com','778485754','Veracruz de Ignacio de la Llave','Golf Course','Santa Mara Zoquitln',32,'35430','ATIS106577DQC',20,23670.54,10,'3862524772',NULL,NULL,False,False,False,True,False,True,'2020-12-17');
INSERT INTO persona(idPersona,esEmpleado,esCliente,esProveedor,idSucursal,nombre,apellidoP,apellidoM,correo,telefono,estado,calle,municipio,numero,cp,rfc,edad,salario,antiguedad,nss,curp,noPuntos,esParrillero,esMesero,esCajero,esTortillero,esRepartidor,esTaquero,fechaIngreso)
  VALUES (4263287800,True,True,False,90,'Kenn','Dietsche','Challoner','kchalloner1v@dell.com','4675187042','Ciudad de México','Hauk','Tenabo',3431,'89040','WSEL859040IPK',68,23999.25,7,'1157299759','XVSU496669JQVGFBCL',4750,False,False,False,False,False,True,'2019-11-11');
INSERT INTO persona(idPersona,esEmpleado,esCliente,esProveedor,idSucursal,nombre,apellidoP,apellidoM,correo,telefono,estado,calle,municipio,numero,cp,rfc,edad,salario,antiguedad,nss,curp,noPuntos,esParrillero,esMesero,esCajero,esTortillero,esRepartidor,esTaquero,fechaIngreso)
  VALUES (9795006736,False,False,True,NULL,'Kare','Flarity','Dusey','kdusey1w@craigslist.org','2120083979','Sinaloa','Kings','Pueblo Nuevo',89,'78490','TAVH143472AVU',NULL,NULL,NULL,NULL,NULL,NULL,False,False,False,False,False,False,NULL);
INSERT INTO persona(idPersona,esEmpleado,esCliente,esProveedor,idSucursal,nombre,apellidoP,apellidoM,correo,telefono,estado,calle,municipio,numero,cp,rfc,edad,salario,antiguedad,nss,curp,noPuntos,esParrillero,esMesero,esCajero,esTortillero,esRepartidor,esTaquero,fechaIngreso)
  VALUES (8464147131,False,False,True,NULL,'Nance','Drewell','Sawney','nsawney1x@reverbnation.com','3971152064','Nuevo Leon','Scott','Villa Aldama',723,'37810','NCDD291230WGO',NULL,NULL,NULL,NULL,NULL,NULL,False,False,False,False,False,False,NULL);
INSERT INTO persona(idPersona,esEmpleado,esCliente,esProveedor,idSucursal,nombre,apellidoP,apellidoM,correo,telefono,estado,calle,municipio,numero,cp,rfc,edad,salario,antiguedad,nss,curp,noPuntos,esParrillero,esMesero,esCajero,esTortillero,esRepartidor,esTaquero,fechaIngreso)
  VALUES (1819451701,True,True,False,97,'Chantal','Lukianov','Tegeller','ctegeller1y@loc.gov','3255199172','Quintana Roo','Blue Bill Park','San Pedro Ocotepec',847,'71700','OBXX127837MXJ',67,6262.47,16,'7551575370','DMKB024701YRFNIIOT',3932,False,False,False,True,False,False,'2021-01-12');
INSERT INTO persona(idPersona,esEmpleado,esCliente,esProveedor,idSucursal,nombre,apellidoP,apellidoM,correo,telefono,estado,calle,municipio,numero,cp,rfc,edad,salario,antiguedad,nss,curp,noPuntos,esParrillero,esMesero,esCajero,esTortillero,esRepartidor,esTaquero,fechaIngreso)
  VALUES (9362053005,True,False,False,56,'Daven','Walkden','Pettingall','dpettingall1z@shareasale.com','1894724514','Chihuahua','Annamark','Santa Cruz de Juventino Rosas',93,'23980','FZIR042113ZUB',36,34859.07,39,'5862794400',NULL,NULL,False,False,False,False,True,True,'2021-10-16');
INSERT INTO persona(idPersona,esEmpleado,esCliente,esProveedor,idSucursal,nombre,apellidoP,apellidoM,correo,telefono,estado,calle,municipio,numero,cp,rfc,edad,salario,antiguedad,nss,curp,noPuntos,esParrillero,esMesero,esCajero,esTortillero,esRepartidor,esTaquero,fechaIngreso)
  VALUES (9124372689,False,True,False,NULL,'Ulberto','Aylesbury','Dollin','udollin20@youku.com','2923350856','Colima','Hovde','Naranjal',1545,'66100','TVYV418348GBP',NULL,NULL,NULL,NULL,'PMBM354154WCPRBMQK',1831,False,False,False,False,False,False,NULL);
INSERT INTO persona(idPersona,esEmpleado,esCliente,esProveedor,idSucursal,nombre,apellidoP,apellidoM,correo,telefono,estado,calle,municipio,numero,cp,rfc,edad,salario,antiguedad,nss,curp,noPuntos,esParrillero,esMesero,esCajero,esTortillero,esRepartidor,esTaquero,fechaIngreso)
  VALUES (2904319393,True,True,False,85,'Rafa','Gager','Yegorev','ryegorev21@chronoengine.com','6744820470','Coahuila de Zaragoza','Mayfield','San Miguel Huautla',290,'88090','CFUL655987JQE',65,18066.03,20,'5312220108','SHPQ665777NXYQEVPF',4484,False,False,False,False,False,True,'2018-11-26');
INSERT INTO persona(idPersona,esEmpleado,esCliente,esProveedor,idSucursal,nombre,apellidoP,apellidoM,correo,telefono,estado,calle,municipio,numero,cp,rfc,edad,salario,antiguedad,nss,curp,noPuntos,esParrillero,esMesero,esCajero,esTortillero,esRepartidor,esTaquero,fechaIngreso)
  VALUES (5366809534,True,False,False,72,'Dalston','Mordy','Jope','djope22@nymag.com','4131795466','Chiapas','Pennsylvania','Santa Mara Camotln',9,'26550','GNEE066760HNU',35,32035.23,14,'5936483607',NULL,NULL,False,False,False,True,False,True,'2019-02-17');
INSERT INTO persona(idPersona,esEmpleado,esCliente,esProveedor,idSucursal,nombre,apellidoP,apellidoM,correo,telefono,estado,calle,municipio,numero,cp,rfc,edad,salario,antiguedad,nss,curp,noPuntos,esParrillero,esMesero,esCajero,esTortillero,esRepartidor,esTaquero,fechaIngreso)
  VALUES (1985335434,False,True,True,NULL,'Jody','Kew','Pook','jpook23@bizjournals.com','8819341908','Yucatan','Milwaukee','Tonayn',9,'42480','DHYZ828233FWW',NULL,NULL,NULL,NULL,'CDSH185488MAFKYADE',3999,False,False,False,False,False,False,NULL);
INSERT INTO persona(idPersona,esEmpleado,esCliente,esProveedor,idSucursal,nombre,apellidoP,apellidoM,correo,telefono,estado,calle,municipio,numero,cp,rfc,edad,salario,antiguedad,nss,curp,noPuntos,esParrillero,esMesero,esCajero,esTortillero,esRepartidor,esTaquero,fechaIngreso)
  VALUES (2090377515,True,True,False,12,'Lilas','Sheard','Carlon','lcarlon24@marketwatch.com','2353970318','Tamaulipas','Lien','Juan Galindo',34,'40610','EUOG846783LSO',36,31550.65,8,'7331509225','SXHY245561RLQNJQJJ',410,False,False,False,False,True,True,'2021-05-28');
INSERT INTO persona(idPersona,esEmpleado,esCliente,esProveedor,idSucursal,nombre,apellidoP,apellidoM,correo,telefono,estado,calle,municipio,numero,cp,rfc,edad,salario,antiguedad,nss,curp,noPuntos,esParrillero,esMesero,esCajero,esTortillero,esRepartidor,esTaquero,fechaIngreso)
  VALUES (1360439518,True,False,False,30,'Yehudit','Bampfield','Prendergast','yprendergast25@shop-pro.jp','9772360001','México','Amoth','Huitiupn',9,'84270','OUYN728272CMO',49,12814.06,8,'6650415471',NULL,NULL,False,False,True,False,False,False,'2018-04-16');
INSERT INTO persona(idPersona,esEmpleado,esCliente,esProveedor,idSucursal,nombre,apellidoP,apellidoM,correo,telefono,estado,calle,municipio,numero,cp,rfc,edad,salario,antiguedad,nss,curp,noPuntos,esParrillero,esMesero,esCajero,esTortillero,esRepartidor,esTaquero,fechaIngreso)
  VALUES (3714859906,True,True,False,93,'Tibold','Grigoletti','Tolley','ttolley26@icio.us','8553691489','Puebla','Dovetail','Ixtapan de la Sal',3580,'2170','TODV744571FRM',45,7964.34,5,'6680563139','IMEH839384GJLJBCAY',378,False,True,False,False,False,False,'2018-08-30');
INSERT INTO persona(idPersona,esEmpleado,esCliente,esProveedor,idSucursal,nombre,apellidoP,apellidoM,correo,telefono,estado,calle,municipio,numero,cp,rfc,edad,salario,antiguedad,nss,curp,noPuntos,esParrillero,esMesero,esCajero,esTortillero,esRepartidor,esTaquero,fechaIngreso)
  VALUES (3925971380,False,True,False,NULL,'Dominga','Haskayne','Kilbourn','dkilbourn27@aboutads.info','5866525416','Nayarit','Sherman','Manzanillo',811,'9650','SFWL329561UWP',NULL,NULL,NULL,NULL,'PRFH100762WXBMGWKN',3163,False,False,False,False,False,False,NULL);
INSERT INTO persona(idPersona,esEmpleado,esCliente,esProveedor,idSucursal,nombre,apellidoP,apellidoM,correo,telefono,estado,calle,municipio,numero,cp,rfc,edad,salario,antiguedad,nss,curp,noPuntos,esParrillero,esMesero,esCajero,esTortillero,esRepartidor,esTaquero,fechaIngreso)
  VALUES (1895109845,False,True,False,NULL,'Tamarah','Swin','Baylay','tbaylay28@nbcnews.com','1131537903','Aguascalientes','Mcbride','Mesones Hidalgo',48,'62840','QDIG908258LTO',NULL,NULL,NULL,NULL,'ZVEC747759UJGEGFAC',230,False,False,False,False,False,False,NULL);
INSERT INTO persona(idPersona,esEmpleado,esCliente,esProveedor,idSucursal,nombre,apellidoP,apellidoM,correo,telefono,estado,calle,municipio,numero,cp,rfc,edad,salario,antiguedad,nss,curp,noPuntos,esParrillero,esMesero,esCajero,esTortillero,esRepartidor,esTaquero,fechaIngreso)
  VALUES (1540233358,False,True,False,NULL,'Phyllis','Thornton','Heare','pheare29@oakley.com','179016315','Guerrero','Namekagon','San Juan Atzompa',608,'92220','MYWX929464HXB',NULL,NULL,NULL,NULL,'DJKV750865AGUTQFAK',1882,False,False,False,False,False,False,NULL);
INSERT INTO persona(idPersona,esEmpleado,esCliente,esProveedor,idSucursal,nombre,apellidoP,apellidoM,correo,telefono,estado,calle,municipio,numero,cp,rfc,edad,salario,antiguedad,nss,curp,noPuntos,esParrillero,esMesero,esCajero,esTortillero,esRepartidor,esTaquero,fechaIngreso)
  VALUES (8344786324,True,False,False,53,'Luelle','Overel','Ridewood','lridewood2a@fema.gov','7172231016','Veracruz de Ignacio de la Llave','Ridgeway','Emiliano Zapata',546,'56520','BQEB394058VTT',47,18285.89,27,'8307595292',NULL,NULL,False,True,False,False,False,False,'2021-11-26');
INSERT INTO persona(idPersona,esEmpleado,esCliente,esProveedor,idSucursal,nombre,apellidoP,apellidoM,correo,telefono,estado,calle,municipio,numero,cp,rfc,edad,salario,antiguedad,nss,curp,noPuntos,esParrillero,esMesero,esCajero,esTortillero,esRepartidor,esTaquero,fechaIngreso)
  VALUES (5682280513,True,True,False,46,'Charo','Ainslee','Egre','cegre2b@thetimes.co.uk','2027103952','Campeche','Ludington','Calpulalpan',878,'90950','THCW411297BOB',60,33246.83,11,'4718585083','NLHZ776347YAEKIACW',2998,False,True,False,False,False,True,'2018-01-30');
INSERT INTO persona(idPersona,esEmpleado,esCliente,esProveedor,idSucursal,nombre,apellidoP,apellidoM,correo,telefono,estado,calle,municipio,numero,cp,rfc,edad,salario,antiguedad,nss,curp,noPuntos,esParrillero,esMesero,esCajero,esTortillero,esRepartidor,esTaquero,fechaIngreso)
  VALUES (5036031688,False,False,True,NULL,'Jacqueline','Gabitis','Saw','jsaw2c@blogspot.com','2460475074','Aguascalientes','Holy Cross','Yehualtepec',1930,'23610','CQWR286666BHQ',NULL,NULL,NULL,NULL,NULL,NULL,False,False,False,False,False,False,NULL);
INSERT INTO persona(idPersona,esEmpleado,esCliente,esProveedor,idSucursal,nombre,apellidoP,apellidoM,correo,telefono,estado,calle,municipio,numero,cp,rfc,edad,salario,antiguedad,nss,curp,noPuntos,esParrillero,esMesero,esCajero,esTortillero,esRepartidor,esTaquero,fechaIngreso)
  VALUES (4511377174,True,False,False,46,'Tim','Openshaw','Hesse','thesse2d@yahoo.co.jp','210407190','Colima','Corry','Lafragua',59384,'42560','MLIV503109XMR',41,44797.19,38,'7330175042',NULL,NULL,False,False,False,True,False,False,'2020-07-12');
INSERT INTO persona(idPersona,esEmpleado,esCliente,esProveedor,idSucursal,nombre,apellidoP,apellidoM,correo,telefono,estado,calle,municipio,numero,cp,rfc,edad,salario,antiguedad,nss,curp,noPuntos,esParrillero,esMesero,esCajero,esTortillero,esRepartidor,esTaquero,fechaIngreso)
  VALUES (8226214329,True,True,False,76,'Xerxes','Mervyn','Clementucci','xclementucci2e@apple.com','7860383818','Tabasco','Veith','Ayotzintepec',4479,'44260','WEPR072191EMR',39,1618.32,28,'4912088487','CNOA625439JYCSBBMJ',1085,False,False,True,False,False,False,'2022-04-25');
INSERT INTO persona(idPersona,esEmpleado,esCliente,esProveedor,idSucursal,nombre,apellidoP,apellidoM,correo,telefono,estado,calle,municipio,numero,cp,rfc,edad,salario,antiguedad,nss,curp,noPuntos,esParrillero,esMesero,esCajero,esTortillero,esRepartidor,esTaquero,fechaIngreso)
  VALUES (790523475,False,True,False,NULL,'Robbyn','Lawrance','Lattie','rlattie2f@soundcloud.com','3493035621','Michoacán','Loomis','San Antonio Sinicahua',7150,'7990','XUAW949801GEY',NULL,NULL,NULL,NULL,'WGHR864400LMHOMLQT',4594,False,False,False,False,False,False,NULL);
INSERT INTO persona(idPersona,esEmpleado,esCliente,esProveedor,idSucursal,nombre,apellidoP,apellidoM,correo,telefono,estado,calle,municipio,numero,cp,rfc,edad,salario,antiguedad,nss,curp,noPuntos,esParrillero,esMesero,esCajero,esTortillero,esRepartidor,esTaquero,fechaIngreso)
  VALUES (5975971605,True,False,False,94,'Yard','Ruck','Fronks','yfronks2g@house.gov','8450236355','Tabasco','Corry','Teocuitatln de Corona',768,'43450','RRMV276238QEL',62,34427.65,38,'4192518897',NULL,NULL,False,False,False,False,True,False,'2019-06-17');
INSERT INTO persona(idPersona,esEmpleado,esCliente,esProveedor,idSucursal,nombre,apellidoP,apellidoM,correo,telefono,estado,calle,municipio,numero,cp,rfc,edad,salario,antiguedad,nss,curp,noPuntos,esParrillero,esMesero,esCajero,esTortillero,esRepartidor,esTaquero,fechaIngreso)
  VALUES (4403158942,False,False,True,NULL,'Idelle','Gomby','Edgley','iedgley2h@home.pl','7078974670','Michoacán','Cody','Coatepec',3057,'76210','LWKT023047NKZ',NULL,NULL,NULL,NULL,NULL,NULL,False,False,False,False,False,False,NULL);
INSERT INTO persona(idPersona,esEmpleado,esCliente,esProveedor,idSucursal,nombre,apellidoP,apellidoM,correo,telefono,estado,calle,municipio,numero,cp,rfc,edad,salario,antiguedad,nss,curp,noPuntos,esParrillero,esMesero,esCajero,esTortillero,esRepartidor,esTaquero,fechaIngreso)
  VALUES (6533511217,True,False,False,85,'Umeko','Rosekilly','Valentetti','uvalentetti2i@mit.edu','4022104569','Veracruz de Ignacio de la Llave','Butternut','San Jos del Peasco',5,'79170','DHPD139711GFL',31,13543.29,13,'6768189712',NULL,NULL,False,False,True,False,False,True,'2021-11-12');
INSERT INTO persona(idPersona,esEmpleado,esCliente,esProveedor,idSucursal,nombre,apellidoP,apellidoM,correo,telefono,estado,calle,municipio,numero,cp,rfc,edad,salario,antiguedad,nss,curp,noPuntos,esParrillero,esMesero,esCajero,esTortillero,esRepartidor,esTaquero,fechaIngreso)
  VALUES (5196244432,True,False,False,15,'Gilberto','Doret','Illes','gilles2j@parallels.com','6556576063','Tabasco','Nancy','Cocula',269,'87550','YGJM081229PLD',68,37304.93,31,'420163379',NULL,NULL,False,True,False,False,False,True,'2022-05-06');
INSERT INTO persona(idPersona,esEmpleado,esCliente,esProveedor,idSucursal,nombre,apellidoP,apellidoM,correo,telefono,estado,calle,municipio,numero,cp,rfc,edad,salario,antiguedad,nss,curp,noPuntos,esParrillero,esMesero,esCajero,esTortillero,esRepartidor,esTaquero,fechaIngreso)
  VALUES (4990640057,False,True,True,NULL,'Ingamar','O''Lehane','Mum','imum2k@imageshack.us','1931133522','Guanajuato','Everett','Amatitn',4374,'3100','CZPL930442FIS',NULL,NULL,NULL,NULL,'NHWV117877ZZSJFKAO',182,False,False,False,False,False,False,NULL);
INSERT INTO persona(idPersona,esEmpleado,esCliente,esProveedor,idSucursal,nombre,apellidoP,apellidoM,correo,telefono,estado,calle,municipio,numero,cp,rfc,edad,salario,antiguedad,nss,curp,noPuntos,esParrillero,esMesero,esCajero,esTortillero,esRepartidor,esTaquero,fechaIngreso)
  VALUES (3632802839,True,False,False,34,'Amata','Danielian','Feast','afeast2l@globo.com','3506291077','Campeche','Maryland','Sabinas Hidalgo',176,'64050','HAAA454860LIQ',19,3301.06,38,'811585373',NULL,NULL,True,False,False,False,False,False,'2018-09-16');
INSERT INTO persona(idPersona,esEmpleado,esCliente,esProveedor,idSucursal,nombre,apellidoP,apellidoM,correo,telefono,estado,calle,municipio,numero,cp,rfc,edad,salario,antiguedad,nss,curp,noPuntos,esParrillero,esMesero,esCajero,esTortillero,esRepartidor,esTaquero,fechaIngreso)
  VALUES (7812901983,True,True,False,40,'Chiarra','Pauley','Kruger','ckruger2m@geocities.jp','8292280583','Sinaloa','Sugar','Pnuco',43,'8950','AHLO222430ARQ',23,32120.15,4,'3583425593','IDYF004705ARTJWCFE',1226,False,False,False,True,False,False,'2020-07-12');
INSERT INTO persona(idPersona,esEmpleado,esCliente,esProveedor,idSucursal,nombre,apellidoP,apellidoM,correo,telefono,estado,calle,municipio,numero,cp,rfc,edad,salario,antiguedad,nss,curp,noPuntos,esParrillero,esMesero,esCajero,esTortillero,esRepartidor,esTaquero,fechaIngreso)
  VALUES (4636980244,True,False,False,52,'Findlay','Viel','Plenderleith','fplenderleith2n@github.io','3486305957','Ciudad de México','Brown','Joquicingo',62848,'56670','XBKT137550CRV',34,4570.33,1,'5874485611',NULL,NULL,False,False,True,False,False,False,'2020-05-04');
INSERT INTO persona(idPersona,esEmpleado,esCliente,esProveedor,idSucursal,nombre,apellidoP,apellidoM,correo,telefono,estado,calle,municipio,numero,cp,rfc,edad,salario,antiguedad,nss,curp,noPuntos,esParrillero,esMesero,esCajero,esTortillero,esRepartidor,esTaquero,fechaIngreso)
  VALUES (2978051601,True,False,False,39,'Betsey','Beagles','Sijmons','bsijmons2o@youku.com','8539330647','Ciudad de México','Russell','Tultepec',6,'62300','ZTSJ607638FYF',24,8422.81,26,'6609869665',NULL,NULL,False,False,False,False,True,False,'2020-12-22');
INSERT INTO persona(idPersona,esEmpleado,esCliente,esProveedor,idSucursal,nombre,apellidoP,apellidoM,correo,telefono,estado,calle,municipio,numero,cp,rfc,edad,salario,antiguedad,nss,curp,noPuntos,esParrillero,esMesero,esCajero,esTortillero,esRepartidor,esTaquero,fechaIngreso)
  VALUES (7808150879,False,False,True,NULL,'Kailey','Beels','Paddock','kpaddock2p@goo.gl','5191472404','Michoacán','Laurel','Mrtires de Tacubaya',5,'85380','VJIZ375393SQG',NULL,NULL,NULL,NULL,NULL,NULL,False,False,False,False,False,False,NULL);
INSERT INTO persona(idPersona,esEmpleado,esCliente,esProveedor,idSucursal,nombre,apellidoP,apellidoM,correo,telefono,estado,calle,municipio,numero,cp,rfc,edad,salario,antiguedad,nss,curp,noPuntos,esParrillero,esMesero,esCajero,esTortillero,esRepartidor,esTaquero,fechaIngreso)
  VALUES (770926685,False,False,True,NULL,'Sondra','Twiddy','Droghan','sdroghan2q@liveinternet.ru','9632168650','Sonora','Londonderry','Tepexi de Rodrguez',61,'48610','LOLL075370XXC',NULL,NULL,NULL,NULL,NULL,NULL,False,False,False,False,False,False,NULL);
INSERT INTO persona(idPersona,esEmpleado,esCliente,esProveedor,idSucursal,nombre,apellidoP,apellidoM,correo,telefono,estado,calle,municipio,numero,cp,rfc,edad,salario,antiguedad,nss,curp,noPuntos,esParrillero,esMesero,esCajero,esTortillero,esRepartidor,esTaquero,fechaIngreso)
  VALUES (5099047611,False,False,True,NULL,'Cortney','Fish','Try','ctry2r@house.gov','860907339','Veracruz de Ignacio de la Llave','Heath','Hermosillo',93494,'47200','TLJB031030SAX',NULL,NULL,NULL,NULL,NULL,NULL,False,False,False,False,False,False,NULL);
INSERT INTO persona(idPersona,esEmpleado,esCliente,esProveedor,idSucursal,nombre,apellidoP,apellidoM,correo,telefono,estado,calle,municipio,numero,cp,rfc,edad,salario,antiguedad,nss,curp,noPuntos,esParrillero,esMesero,esCajero,esTortillero,esRepartidor,esTaquero,fechaIngreso)
  VALUES (1026603111,False,False,True,NULL,'Carmine','Cavey','Proudlove','cproudlove2s@yellowpages.com','3043430908','Baja California Sur','Holmberg','Tepexco',9,'21350','GPDX726091LES',NULL,NULL,NULL,NULL,NULL,NULL,False,False,False,False,False,False,NULL);
INSERT INTO persona(idPersona,esEmpleado,esCliente,esProveedor,idSucursal,nombre,apellidoP,apellidoM,correo,telefono,estado,calle,municipio,numero,cp,rfc,edad,salario,antiguedad,nss,curp,noPuntos,esParrillero,esMesero,esCajero,esTortillero,esRepartidor,esTaquero,fechaIngreso)
  VALUES (9420065697,True,False,False,49,'Chery','MacVean','de Clerq','cdeclerq2t@census.gov','3795583493','Sinaloa','Delaware','Medelln de Bravo',87092,'56650','CXBG156363GCH',48,22618.39,26,'7874501913',NULL,NULL,False,False,True,False,False,False,'2021-12-04');
INSERT INTO persona(idPersona,esEmpleado,esCliente,esProveedor,idSucursal,nombre,apellidoP,apellidoM,correo,telefono,estado,calle,municipio,numero,cp,rfc,edad,salario,antiguedad,nss,curp,noPuntos,esParrillero,esMesero,esCajero,esTortillero,esRepartidor,esTaquero,fechaIngreso)
  VALUES (1982826289,True,True,False,43,'Leonanie','Cufflin','Glidder','lglidder2u@cocolog-nifty.com','4129118337','Baja California','Green','Mrida',6967,'88520','LOHB586771IPN',50,7994.16,29,'9899304961','KDHN566759KANECDYE',4855,False,True,False,False,False,False,'2020-04-02');
INSERT INTO persona(idPersona,esEmpleado,esCliente,esProveedor,idSucursal,nombre,apellidoP,apellidoM,correo,telefono,estado,calle,municipio,numero,cp,rfc,edad,salario,antiguedad,nss,curp,noPuntos,esParrillero,esMesero,esCajero,esTortillero,esRepartidor,esTaquero,fechaIngreso)
  VALUES (317066168,True,False,False,57,'Fredric','Sulley','Illsley','fillsley2v@comcast.net','6952374975','Ciudad de México','Blue Bill Park','Cuauhtmoc',1997,'5530','BPMS700739KQJ',61,23838.99,11,'7024263777',NULL,NULL,False,False,True,False,False,True,'2020-03-30');
INSERT INTO persona(idPersona,esEmpleado,esCliente,esProveedor,idSucursal,nombre,apellidoP,apellidoM,correo,telefono,estado,calle,municipio,numero,cp,rfc,edad,salario,antiguedad,nss,curp,noPuntos,esParrillero,esMesero,esCajero,esTortillero,esRepartidor,esTaquero,fechaIngreso)
  VALUES (6216334768,True,True,False,34,'Alvin','Antonik','Chellam','achellam2w@pen.io','3650785449','Tabasco','Dryden','Tel de Gonzlez Ortega',7703,'44690','FEKS838690KZS',62,39295,25,'6813374704','HHZC344682QNLZEKST',803,False,False,True,False,False,False,'2021-05-17');
INSERT INTO persona(idPersona,esEmpleado,esCliente,esProveedor,idSucursal,nombre,apellidoP,apellidoM,correo,telefono,estado,calle,municipio,numero,cp,rfc,edad,salario,antiguedad,nss,curp,noPuntos,esParrillero,esMesero,esCajero,esTortillero,esRepartidor,esTaquero,fechaIngreso)
  VALUES (4535694681,True,True,False,32,'Syd','Barrar','Leuty','sleuty2x@cpanel.net','4256565320','Sonora','Buena Vista','General Zaragoza',66,'16590','CORR260795JOW',39,47289.7,33,'5932817673','WGMP646279PXCRIEXX',448,False,False,False,False,False,True,'2020-02-23');
INSERT INTO persona(idPersona,esEmpleado,esCliente,esProveedor,idSucursal,nombre,apellidoP,apellidoM,correo,telefono,estado,calle,municipio,numero,cp,rfc,edad,salario,antiguedad,nss,curp,noPuntos,esParrillero,esMesero,esCajero,esTortillero,esRepartidor,esTaquero,fechaIngreso)
  VALUES (2072125457,True,True,False,3,'Auberta','Binnell','Hayes','ahayes2y@altervista.org','1936577435','Campeche','Hintze','San Pedro Mrtir Quiechapa',663,'9010','QJZW100916URQ',54,38519.24,32,'4972912328','MBUB396983JDQCUURA',3862,False,False,True,False,False,True,'2021-10-09');
INSERT INTO persona(idPersona,esEmpleado,esCliente,esProveedor,idSucursal,nombre,apellidoP,apellidoM,correo,telefono,estado,calle,municipio,numero,cp,rfc,edad,salario,antiguedad,nss,curp,noPuntos,esParrillero,esMesero,esCajero,esTortillero,esRepartidor,esTaquero,fechaIngreso)
  VALUES (9435837047,False,False,True,NULL,'Ailis','Harsum','Buckby','abuckby2z@artisteer.com','6326997617','Morelos','Havey','Magdalena',9,'48290','NAZQ243250QDX',NULL,NULL,NULL,NULL,NULL,NULL,False,False,False,False,False,False,NULL);
INSERT INTO persona(idPersona,esEmpleado,esCliente,esProveedor,idSucursal,nombre,apellidoP,apellidoM,correo,telefono,estado,calle,municipio,numero,cp,rfc,edad,salario,antiguedad,nss,curp,noPuntos,esParrillero,esMesero,esCajero,esTortillero,esRepartidor,esTaquero,fechaIngreso)
  VALUES (430044046,False,True,True,NULL,'Kara','Firth','Addy','kaddy30@tinypic.com','5994936269','Baja California Sur','Brentwood','Tlacotepec Plumas',3,'30030','IXUR452403JGY',NULL,NULL,NULL,NULL,'XXVH463017OQDIEXRN',2745,False,False,False,False,False,False,NULL);
INSERT INTO persona(idPersona,esEmpleado,esCliente,esProveedor,idSucursal,nombre,apellidoP,apellidoM,correo,telefono,estado,calle,municipio,numero,cp,rfc,edad,salario,antiguedad,nss,curp,noPuntos,esParrillero,esMesero,esCajero,esTortillero,esRepartidor,esTaquero,fechaIngreso)
  VALUES (5274510639,True,False,False,21,'Teddy','Brunnen','McInnerny','tmcinnerny31@aol.com','7734906011','Sinaloa','American Ash','Zacualtipn de ngeles',10,'13580','THEZ921263SWI',69,25866.17,38,'467707519',NULL,NULL,False,False,False,False,False,True,'2021-09-14');
INSERT INTO persona(idPersona,esEmpleado,esCliente,esProveedor,idSucursal,nombre,apellidoP,apellidoM,correo,telefono,estado,calle,municipio,numero,cp,rfc,edad,salario,antiguedad,nss,curp,noPuntos,esParrillero,esMesero,esCajero,esTortillero,esRepartidor,esTaquero,fechaIngreso)
  VALUES (7493248726,False,False,True,NULL,'Robbie','Kybert','Anelay','ranelay32@umn.edu','9081729792','Tamaulipas','7th','Jaltenco',146,'39980','ENFZ232140IQX',NULL,NULL,NULL,NULL,NULL,NULL,False,False,False,False,False,False,NULL);
INSERT INTO persona(idPersona,esEmpleado,esCliente,esProveedor,idSucursal,nombre,apellidoP,apellidoM,correo,telefono,estado,calle,municipio,numero,cp,rfc,edad,salario,antiguedad,nss,curp,noPuntos,esParrillero,esMesero,esCajero,esTortillero,esRepartidor,esTaquero,fechaIngreso)
  VALUES (2001345257,False,False,True,NULL,'Leeann','Arp','Vedikhov','lvedikhov33@who.int','4514945065','Ciudad de México','Westport','Vetagrande',19128,'81970','KTPA181895RFB',NULL,NULL,NULL,NULL,NULL,NULL,False,False,False,False,False,False,NULL);
INSERT INTO persona(idPersona,esEmpleado,esCliente,esProveedor,idSucursal,nombre,apellidoP,apellidoM,correo,telefono,estado,calle,municipio,numero,cp,rfc,edad,salario,antiguedad,nss,curp,noPuntos,esParrillero,esMesero,esCajero,esTortillero,esRepartidor,esTaquero,fechaIngreso)
  VALUES (89859717,True,True,False,57,'Xymenes','Fowls','Poynor','xpoynor34@liveinternet.ru','2710504484','Coahuila de Zaragoza','Golf View','Santiago Huauclilla',92266,'31270','IJEL475776QGP',65,12197.76,20,'7953594280','TYVB280044QHNKUBEW',1469,False,False,False,False,False,True,'2021-01-08');
INSERT INTO persona(idPersona,esEmpleado,esCliente,esProveedor,idSucursal,nombre,apellidoP,apellidoM,correo,telefono,estado,calle,municipio,numero,cp,rfc,edad,salario,antiguedad,nss,curp,noPuntos,esParrillero,esMesero,esCajero,esTortillero,esRepartidor,esTaquero,fechaIngreso)
  VALUES (1519331946,False,False,True,NULL,'Tuck','Claus','Raper','traper35@studiopress.com','670303253','Tamaulipas','Jenifer','Benito Jurez',65,'11900','TJXA622165TSO',NULL,NULL,NULL,NULL,NULL,NULL,False,False,False,False,False,False,NULL);
INSERT INTO persona(idPersona,esEmpleado,esCliente,esProveedor,idSucursal,nombre,apellidoP,apellidoM,correo,telefono,estado,calle,municipio,numero,cp,rfc,edad,salario,antiguedad,nss,curp,noPuntos,esParrillero,esMesero,esCajero,esTortillero,esRepartidor,esTaquero,fechaIngreso)
  VALUES (3600161760,False,True,True,NULL,'Donica','Trubshaw','Stollard','dstollard36@4shared.com','6054188198','Yucatan','Merry','San Salvador el Verde',9,'37830','MXFT955546GQP',NULL,NULL,NULL,NULL,'LNWM767032ARUJUHBG',2617,False,False,False,False,False,False,NULL);
INSERT INTO persona(idPersona,esEmpleado,esCliente,esProveedor,idSucursal,nombre,apellidoP,apellidoM,correo,telefono,estado,calle,municipio,numero,cp,rfc,edad,salario,antiguedad,nss,curp,noPuntos,esParrillero,esMesero,esCajero,esTortillero,esRepartidor,esTaquero,fechaIngreso)
  VALUES (3327640529,False,False,True,NULL,'Robinet','McComas','Dukesbury','rdukesbury37@uiuc.edu','215682413','Baja California','Mcbride','Tantoyuca',79,'64620','DFBV418929FXT',NULL,NULL,NULL,NULL,NULL,NULL,False,False,False,False,False,False,NULL);
INSERT INTO persona(idPersona,esEmpleado,esCliente,esProveedor,idSucursal,nombre,apellidoP,apellidoM,correo,telefono,estado,calle,municipio,numero,cp,rfc,edad,salario,antiguedad,nss,curp,noPuntos,esParrillero,esMesero,esCajero,esTortillero,esRepartidor,esTaquero,fechaIngreso)
  VALUES (9948274677,False,True,True,NULL,'Dwight','Labdon','Biddlecombe','dbiddlecombe38@ucoz.ru','8745805951','Aguascalientes','Elmside','Puebla',4,'41270','UDNC899809VXY',NULL,NULL,NULL,NULL,'DHCG286145UTDHUFIH',2014,False,False,False,False,False,False,NULL);
INSERT INTO persona(idPersona,esEmpleado,esCliente,esProveedor,idSucursal,nombre,apellidoP,apellidoM,correo,telefono,estado,calle,municipio,numero,cp,rfc,edad,salario,antiguedad,nss,curp,noPuntos,esParrillero,esMesero,esCajero,esTortillero,esRepartidor,esTaquero,fechaIngreso)
  VALUES (5912515854,True,True,False,27,'Tucky','Spencers','Setterfield','tsetterfield39@reverbnation.com','8748572580','Chihuahua','Dixon','Jala',8,'30420','SJDW719658WAY',39,29591.97,38,'7589859977','AZYF431970BVGWZOAS',3563,False,False,False,True,False,False,'2021-11-09');
INSERT INTO persona(idPersona,esEmpleado,esCliente,esProveedor,idSucursal,nombre,apellidoP,apellidoM,correo,telefono,estado,calle,municipio,numero,cp,rfc,edad,salario,antiguedad,nss,curp,noPuntos,esParrillero,esMesero,esCajero,esTortillero,esRepartidor,esTaquero,fechaIngreso)
  VALUES (6452993458,True,False,False,14,'Waldemar','Jolin','Jarrel','wjarrel3a@nasa.gov','5249739117','Baja California','Reinke','San Miguel Santa Flor',4067,'7560','PAMM268538PIW',57,21419.34,39,'5817450507',NULL,NULL,False,False,False,False,False,True,'2019-01-17');
INSERT INTO persona(idPersona,esEmpleado,esCliente,esProveedor,idSucursal,nombre,apellidoP,apellidoM,correo,telefono,estado,calle,municipio,numero,cp,rfc,edad,salario,antiguedad,nss,curp,noPuntos,esParrillero,esMesero,esCajero,esTortillero,esRepartidor,esTaquero,fechaIngreso)
  VALUES (2237167889,False,True,False,NULL,'Grier','Mablestone','Brear','gbrear3b@wufoo.com','7252300476','Tlaxcala','Ridgeway','San Felipe Tejalpam',69485,'41930','XKXC265548QLV',NULL,NULL,NULL,NULL,'ODMV508547PONDZDQP',2657,False,False,False,False,False,False,NULL);
INSERT INTO persona(idPersona,esEmpleado,esCliente,esProveedor,idSucursal,nombre,apellidoP,apellidoM,correo,telefono,estado,calle,municipio,numero,cp,rfc,edad,salario,antiguedad,nss,curp,noPuntos,esParrillero,esMesero,esCajero,esTortillero,esRepartidor,esTaquero,fechaIngreso)
  VALUES (4336199507,False,True,False,NULL,'Malena','Haddrell','Sibthorpe','msibthorpe3c@quantcast.com','6744719553','Durango','Manley','Tenampulco',47573,'60480','RVDS463273KLU',NULL,NULL,NULL,NULL,'AQMT440448QFYCTAOB',1699,False,False,False,False,False,False,NULL);
INSERT INTO persona(idPersona,esEmpleado,esCliente,esProveedor,idSucursal,nombre,apellidoP,apellidoM,correo,telefono,estado,calle,municipio,numero,cp,rfc,edad,salario,antiguedad,nss,curp,noPuntos,esParrillero,esMesero,esCajero,esTortillero,esRepartidor,esTaquero,fechaIngreso)
  VALUES (389450281,False,True,True,NULL,'Ganny','Anderton','Schuler','gschuler3d@example.com','3759955679','Oaxaca','Melrose','Cinega de Zimatln',26642,'19950','YGMW272141HNS',NULL,NULL,NULL,NULL,'FBKA680991CLYEVHOM',3161,False,False,False,False,False,False,NULL);
INSERT INTO persona(idPersona,esEmpleado,esCliente,esProveedor,idSucursal,nombre,apellidoP,apellidoM,correo,telefono,estado,calle,municipio,numero,cp,rfc,edad,salario,antiguedad,nss,curp,noPuntos,esParrillero,esMesero,esCajero,esTortillero,esRepartidor,esTaquero,fechaIngreso)
  VALUES (4322192418,False,False,True,NULL,'Delbert','Bartolomucci','Jagels','djagels3e@mapy.cz','5977724659','Michoacán','Fallview','San Andrs Paxtln',2,'29720','AFTH761870XZK',NULL,NULL,NULL,NULL,NULL,NULL,False,False,False,False,False,False,NULL);
INSERT INTO persona(idPersona,esEmpleado,esCliente,esProveedor,idSucursal,nombre,apellidoP,apellidoM,correo,telefono,estado,calle,municipio,numero,cp,rfc,edad,salario,antiguedad,nss,curp,noPuntos,esParrillero,esMesero,esCajero,esTortillero,esRepartidor,esTaquero,fechaIngreso)
  VALUES (4649430798,True,True,False,49,'Jessika','Ravenshear','Bamforth','jbamforth3f@sourceforge.net','9417968046','Durango','Sachs','Tlanepantla',72754,'43030','DFAK622400YSD',26,35238.67,3,'3647877750','TVXZ013894BGOFLXNY',4980,False,False,True,False,False,False,'2021-12-04');
INSERT INTO persona(idPersona,esEmpleado,esCliente,esProveedor,idSucursal,nombre,apellidoP,apellidoM,correo,telefono,estado,calle,municipio,numero,cp,rfc,edad,salario,antiguedad,nss,curp,noPuntos,esParrillero,esMesero,esCajero,esTortillero,esRepartidor,esTaquero,fechaIngreso)
  VALUES (2181256089,True,False,False,76,'Camella','Nutkins','Ector','cector3g@canalblog.com','4334275029','Zacatecas','Pennsylvania','Penjamillo',24,'23230','WZAD289122PHX',61,34931.07,37,'1758973690',NULL,NULL,False,False,False,False,True,True,'2019-07-11');
INSERT INTO persona(idPersona,esEmpleado,esCliente,esProveedor,idSucursal,nombre,apellidoP,apellidoM,correo,telefono,estado,calle,municipio,numero,cp,rfc,edad,salario,antiguedad,nss,curp,noPuntos,esParrillero,esMesero,esCajero,esTortillero,esRepartidor,esTaquero,fechaIngreso)
  VALUES (7443380397,True,True,False,77,'Roderigo','O''Geneay','Dyers','rdyers3h@howstuffworks.com','4680014798','Colima','Dahle','Ensenada',828,'20090','LKJU422141JSJ',27,22566.95,10,'1495428814','JLDN730526VXFPEUSZ',3025,False,False,False,False,True,False,'2020-10-19');
INSERT INTO persona(idPersona,esEmpleado,esCliente,esProveedor,idSucursal,nombre,apellidoP,apellidoM,correo,telefono,estado,calle,municipio,numero,cp,rfc,edad,salario,antiguedad,nss,curp,noPuntos,esParrillero,esMesero,esCajero,esTortillero,esRepartidor,esTaquero,fechaIngreso)
  VALUES (3779789958,False,False,True,NULL,'Dori','McWhannel','Malenfant','dmalenfant3i@businessweek.com','9951770181','Baja California Sur','Maple','Matlapa',6,'90420','YWBE508200BQQ',NULL,NULL,NULL,NULL,NULL,NULL,False,False,False,False,False,False,NULL);
INSERT INTO persona(idPersona,esEmpleado,esCliente,esProveedor,idSucursal,nombre,apellidoP,apellidoM,correo,telefono,estado,calle,municipio,numero,cp,rfc,edad,salario,antiguedad,nss,curp,noPuntos,esParrillero,esMesero,esCajero,esTortillero,esRepartidor,esTaquero,fechaIngreso)
  VALUES (263502618,True,True,False,91,'Hilly','Normadell','Fellgatt','hfellgatt3j@comcast.net','600658148','Quintana Roo','Fair Oaks','Gustavo Daz Ordaz',2949,'5310','GHOS690306JVK',42,12098.6,40,'5990439441','XSZD361902REYHHOAB',1133,True,False,False,False,False,True,'2022-06-28');
INSERT INTO persona(idPersona,esEmpleado,esCliente,esProveedor,idSucursal,nombre,apellidoP,apellidoM,correo,telefono,estado,calle,municipio,numero,cp,rfc,edad,salario,antiguedad,nss,curp,noPuntos,esParrillero,esMesero,esCajero,esTortillero,esRepartidor,esTaquero,fechaIngreso)
  VALUES (2898922803,True,True,False,21,'Albertina','Yeld','Belderson','abelderson3k@patch.com','442982083','Baja California Sur','Porter','Totutla',1263,'32280','HUFQ482623RXX',69,40531.57,27,'455667758','FNRE608051LJVLBUYT',4654,False,True,False,False,False,True,'2018-03-08');
INSERT INTO persona(idPersona,esEmpleado,esCliente,esProveedor,idSucursal,nombre,apellidoP,apellidoM,correo,telefono,estado,calle,municipio,numero,cp,rfc,edad,salario,antiguedad,nss,curp,noPuntos,esParrillero,esMesero,esCajero,esTortillero,esRepartidor,esTaquero,fechaIngreso)
  VALUES (361692480,False,True,False,NULL,'Alexina','Risbridger','Manuaud','amanuaud3l@nsw.gov.au','3651486619','Hidalgo','Twin Pines','San Juanito de Escobedo',5690,'54280','IKNH339726TOQ',NULL,NULL,NULL,NULL,'DSMW754218OEOXUJKP',2315,False,False,False,False,False,False,NULL);
INSERT INTO persona(idPersona,esEmpleado,esCliente,esProveedor,idSucursal,nombre,apellidoP,apellidoM,correo,telefono,estado,calle,municipio,numero,cp,rfc,edad,salario,antiguedad,nss,curp,noPuntos,esParrillero,esMesero,esCajero,esTortillero,esRepartidor,esTaquero,fechaIngreso)
  VALUES (9713347057,True,True,False,91,'James','Wride','Petr','jpetr3m@51.la','2730567781','Veracruz de Ignacio de la Llave','Dryden','Chinantla',52,'98320','JKAU197636MBK',56,25597.47,33,'6451253614','FAJM720678GJEOUBGV',17,False,False,True,False,False,False,'2018-07-03');
INSERT INTO persona(idPersona,esEmpleado,esCliente,esProveedor,idSucursal,nombre,apellidoP,apellidoM,correo,telefono,estado,calle,municipio,numero,cp,rfc,edad,salario,antiguedad,nss,curp,noPuntos,esParrillero,esMesero,esCajero,esTortillero,esRepartidor,esTaquero,fechaIngreso)
  VALUES (4992115234,False,True,False,NULL,'Shayne','O'' Meara','Gozard','sgozard3n@qq.com','6235267766','Veracruz de Ignacio de la Llave','Hovde','Villa de Tututepec de Melchor Ocampo',1123,'80810','YGQD608343HOD',NULL,NULL,NULL,NULL,'FSIP550138AKWLDHDG',3769,False,False,False,False,False,False,NULL);
INSERT INTO persona(idPersona,esEmpleado,esCliente,esProveedor,idSucursal,nombre,apellidoP,apellidoM,correo,telefono,estado,calle,municipio,numero,cp,rfc,edad,salario,antiguedad,nss,curp,noPuntos,esParrillero,esMesero,esCajero,esTortillero,esRepartidor,esTaquero,fechaIngreso)
  VALUES (2963956836,True,False,False,31,'Shawna','Stribling','Holtham','sholtham3o@census.gov','2479105888','Ciudad de México','Dryden','Colotln',2,'48790','JIUN529726OVB',26,23764.97,1,'7936938430',NULL,NULL,False,False,True,False,False,False,'2018-05-23');
INSERT INTO persona(idPersona,esEmpleado,esCliente,esProveedor,idSucursal,nombre,apellidoP,apellidoM,correo,telefono,estado,calle,municipio,numero,cp,rfc,edad,salario,antiguedad,nss,curp,noPuntos,esParrillero,esMesero,esCajero,esTortillero,esRepartidor,esTaquero,fechaIngreso)
  VALUES (8540079398,False,True,True,NULL,'Bebe','Dawdary','MacAnespie','bmacanespie3p@virginia.edu','1184792238','Jalisco','Claremont','Pnuco de Coronado',755,'45750','CXAK417955UPR',NULL,NULL,NULL,NULL,'DYKQ552748ULVTQOIJ',1320,False,False,False,False,False,False,NULL);
INSERT INTO persona(idPersona,esEmpleado,esCliente,esProveedor,idSucursal,nombre,apellidoP,apellidoM,correo,telefono,estado,calle,municipio,numero,cp,rfc,edad,salario,antiguedad,nss,curp,noPuntos,esParrillero,esMesero,esCajero,esTortillero,esRepartidor,esTaquero,fechaIngreso)
  VALUES (1630148845,True,True,False,44,'Allegra','Duker','Yerborn','ayerborn3q@weebly.com','9617405255','Aguascalientes','Trailsway','Guanajuato',54251,'5120','KNFL866766XHK',48,23513.27,2,'1979934103','YUAZ698099EKRHEJSC',276,False,False,False,False,False,True,'2019-10-20');
INSERT INTO persona(idPersona,esEmpleado,esCliente,esProveedor,idSucursal,nombre,apellidoP,apellidoM,correo,telefono,estado,calle,municipio,numero,cp,rfc,edad,salario,antiguedad,nss,curp,noPuntos,esParrillero,esMesero,esCajero,esTortillero,esRepartidor,esTaquero,fechaIngreso)
  VALUES (7678826123,True,False,False,42,'Si','Govern','Gilhespy','sgilhespy3r@nytimes.com','1999711384','Nayarit','Farmco','La Perla',71636,'32180','AXDQ103667ZBX',31,45540.41,34,'6437826022',NULL,NULL,False,False,False,False,False,True,'2020-06-15');
INSERT INTO persona(idPersona,esEmpleado,esCliente,esProveedor,idSucursal,nombre,apellidoP,apellidoM,correo,telefono,estado,calle,municipio,numero,cp,rfc,edad,salario,antiguedad,nss,curp,noPuntos,esParrillero,esMesero,esCajero,esTortillero,esRepartidor,esTaquero,fechaIngreso)
  VALUES (5936199493,False,True,False,NULL,'Bernard','McNirlin','Cracoe','bcracoe3s@vistaprint.com','8069417776','Sonora','Buhler','San Buenaventura',33,'67360','CIID252527TWG',NULL,NULL,NULL,NULL,'VBTB220911IURIYWXF',4296,False,False,False,False,False,False,NULL);
INSERT INTO persona(idPersona,esEmpleado,esCliente,esProveedor,idSucursal,nombre,apellidoP,apellidoM,correo,telefono,estado,calle,municipio,numero,cp,rfc,edad,salario,antiguedad,nss,curp,noPuntos,esParrillero,esMesero,esCajero,esTortillero,esRepartidor,esTaquero,fechaIngreso)
  VALUES (859577501,True,False,False,82,'Hilda','Landon','Kebbell','hkebbell3t@economist.com','5014582684','Nuevo Leon','Buhler','San Juan de los Lagos',47,'86760','GBHP397962KZL',65,3461.26,16,'2930365354',NULL,NULL,True,False,False,False,False,True,'2020-01-29');
INSERT INTO persona(idPersona,esEmpleado,esCliente,esProveedor,idSucursal,nombre,apellidoP,apellidoM,correo,telefono,estado,calle,municipio,numero,cp,rfc,edad,salario,antiguedad,nss,curp,noPuntos,esParrillero,esMesero,esCajero,esTortillero,esRepartidor,esTaquero,fechaIngreso)
  VALUES (5208743413,False,True,True,NULL,'Corabella','Crosland','Poyzer','cpoyzer3u@cornell.edu','731933509','Oaxaca','Grayhawk','Luvianos',18061,'32920','GCBD958406YVA',NULL,NULL,NULL,NULL,'GEPQ396514ZULUFBFW',3102,False,False,False,False,False,False,NULL);
INSERT INTO persona(idPersona,esEmpleado,esCliente,esProveedor,idSucursal,nombre,apellidoP,apellidoM,correo,telefono,estado,calle,municipio,numero,cp,rfc,edad,salario,antiguedad,nss,curp,noPuntos,esParrillero,esMesero,esCajero,esTortillero,esRepartidor,esTaquero,fechaIngreso)
  VALUES (9704793735,False,True,False,NULL,'Michelina','Rooson','Chotty','mchotty3v@accuweather.com','4767343275','Tabasco','Meadow Vale','Pihuamo',4121,'8270','KOCK977771NED',NULL,NULL,NULL,NULL,'LUST651564HOFRBKYN',4933,False,False,False,False,False,False,NULL);
INSERT INTO persona(idPersona,esEmpleado,esCliente,esProveedor,idSucursal,nombre,apellidoP,apellidoM,correo,telefono,estado,calle,municipio,numero,cp,rfc,edad,salario,antiguedad,nss,curp,noPuntos,esParrillero,esMesero,esCajero,esTortillero,esRepartidor,esTaquero,fechaIngreso)
  VALUES (3344604514,False,False,True,NULL,'Kendell','Twells','Pfeffel','kpfeffel3w@privacy.gov.au','8254295180','Puebla','Banding','Esperanza',498,'74770','AZEB721873WNW',NULL,NULL,NULL,NULL,NULL,NULL,False,False,False,False,False,False,NULL);
INSERT INTO persona(idPersona,esEmpleado,esCliente,esProveedor,idSucursal,nombre,apellidoP,apellidoM,correo,telefono,estado,calle,municipio,numero,cp,rfc,edad,salario,antiguedad,nss,curp,noPuntos,esParrillero,esMesero,esCajero,esTortillero,esRepartidor,esTaquero,fechaIngreso)
  VALUES (4197988907,False,True,True,NULL,'Aleda','Plenderleith','Poff','apoff3x@sitemeter.com','2447780371','Colima','Northridge','San Sebastin Tecomaxtlahuaca',57,'85470','BHXP907889ZAQ',NULL,NULL,NULL,NULL,'SWFA859064HCLBGPLS',3665,False,False,False,False,False,False,NULL);
INSERT INTO persona(idPersona,esEmpleado,esCliente,esProveedor,idSucursal,nombre,apellidoP,apellidoM,correo,telefono,estado,calle,municipio,numero,cp,rfc,edad,salario,antiguedad,nss,curp,noPuntos,esParrillero,esMesero,esCajero,esTortillero,esRepartidor,esTaquero,fechaIngreso)
  VALUES (3241981965,True,False,False,7,'Kathi','Belli','Jerzycowski','kjerzycowski3y@unesco.org','9034111383','Baja California Sur','Melrose','Tlachichuca',39746,'97250','HWHN720288CDU',18,1634.46,39,'9834192186',NULL,NULL,False,True,False,False,False,False,'2022-03-14');
INSERT INTO persona(idPersona,esEmpleado,esCliente,esProveedor,idSucursal,nombre,apellidoP,apellidoM,correo,telefono,estado,calle,municipio,numero,cp,rfc,edad,salario,antiguedad,nss,curp,noPuntos,esParrillero,esMesero,esCajero,esTortillero,esRepartidor,esTaquero,fechaIngreso)
  VALUES (5053860298,False,True,True,NULL,'Anthiathia','Stapleford','Cassella','acassella3z@abc.net.au','6536041530','Guerrero','Sloan','Santa Ins del Monte',2488,'2150','NURV533995TKZ',NULL,NULL,NULL,NULL,'GFZM670435GFUAKNMR',657,False,False,False,False,False,False,NULL);
INSERT INTO persona(idPersona,esEmpleado,esCliente,esProveedor,idSucursal,nombre,apellidoP,apellidoM,correo,telefono,estado,calle,municipio,numero,cp,rfc,edad,salario,antiguedad,nss,curp,noPuntos,esParrillero,esMesero,esCajero,esTortillero,esRepartidor,esTaquero,fechaIngreso)
  VALUES (9467139113,True,True,False,17,'Devlen','Cabel','Feasley','dfeasley40@typepad.com','6618724095','Quintana Roo','Grover','Coronado',391,'64120','USKM784920JCB',61,49754.73,37,'4457131841','DJFA233358RFQJNKHE',2800,False,False,False,False,True,True,'2020-08-29');
INSERT INTO persona(idPersona,esEmpleado,esCliente,esProveedor,idSucursal,nombre,apellidoP,apellidoM,correo,telefono,estado,calle,municipio,numero,cp,rfc,edad,salario,antiguedad,nss,curp,noPuntos,esParrillero,esMesero,esCajero,esTortillero,esRepartidor,esTaquero,fechaIngreso)
  VALUES (5277893130,True,False,False,13,'Roda','Sherborne','MacDwyer','rmacdwyer41@sun.com','3238617341','San Luis Potosi','Thompson','Ignacio Zaragoza',453,'79240','LQEY949413UJC',53,39489.22,19,'5939309401',NULL,NULL,True,False,False,False,False,True,'2021-02-19');
INSERT INTO persona(idPersona,esEmpleado,esCliente,esProveedor,idSucursal,nombre,apellidoP,apellidoM,correo,telefono,estado,calle,municipio,numero,cp,rfc,edad,salario,antiguedad,nss,curp,noPuntos,esParrillero,esMesero,esCajero,esTortillero,esRepartidor,esTaquero,fechaIngreso)
  VALUES (3266169129,True,False,False,74,'Caril','Hampstead','Koppes','ckoppes42@yandex.ru','1670765533','Veracruz de Ignacio de la Llave','Karstens','San Juan Bautista Tlachichilco',236,'31600','YEAR425017RKX',45,9433.87,7,'4653834399',NULL,NULL,False,True,False,False,False,False,'2018-09-30');
INSERT INTO persona(idPersona,esEmpleado,esCliente,esProveedor,idSucursal,nombre,apellidoP,apellidoM,correo,telefono,estado,calle,municipio,numero,cp,rfc,edad,salario,antiguedad,nss,curp,noPuntos,esParrillero,esMesero,esCajero,esTortillero,esRepartidor,esTaquero,fechaIngreso)
  VALUES (1968274558,False,True,True,NULL,'Meara','Cockitt','Starton','mstarton43@homestead.com','7558337653','Zacatecas','Waubesa','Villa de Reyes',62684,'18110','ZITG283229HCT',NULL,NULL,NULL,NULL,'BBBQ180327VHMUQOKJ',4197,False,False,False,False,False,False,NULL);
INSERT INTO persona(idPersona,esEmpleado,esCliente,esProveedor,idSucursal,nombre,apellidoP,apellidoM,correo,telefono,estado,calle,municipio,numero,cp,rfc,edad,salario,antiguedad,nss,curp,noPuntos,esParrillero,esMesero,esCajero,esTortillero,esRepartidor,esTaquero,fechaIngreso)
  VALUES (8988114759,False,True,True,NULL,'Tanhya','Limon','Haughey','thaughey44@sitemeter.com','3733557722','Chiapas','Upham','Texcaltitln',47,'52120','JOMX571574OKV',NULL,NULL,NULL,NULL,'XEHF786877MXCOHBME',315,False,False,False,False,False,False,NULL);
INSERT INTO persona(idPersona,esEmpleado,esCliente,esProveedor,idSucursal,nombre,apellidoP,apellidoM,correo,telefono,estado,calle,municipio,numero,cp,rfc,edad,salario,antiguedad,nss,curp,noPuntos,esParrillero,esMesero,esCajero,esTortillero,esRepartidor,esTaquero,fechaIngreso)
  VALUES (1600605085,False,True,False,NULL,'Bryana','Eckert','Newvell','bnewvell45@virginia.edu','8421381325','Tamaulipas','Nelson','Navolato',6631,'55450','EMIF833694SXQ',NULL,NULL,NULL,NULL,'YONW663873PQGIRPLW',3938,False,False,False,False,False,False,NULL);
INSERT INTO persona(idPersona,esEmpleado,esCliente,esProveedor,idSucursal,nombre,apellidoP,apellidoM,correo,telefono,estado,calle,municipio,numero,cp,rfc,edad,salario,antiguedad,nss,curp,noPuntos,esParrillero,esMesero,esCajero,esTortillero,esRepartidor,esTaquero,fechaIngreso)
  VALUES (8879203287,True,True,False,45,'Shurwood','Dollin','Hornung','shornung46@miitbeian.gov.cn','7282395695','Coahuila de Zaragoza','Trailsway','Lerdo de Tejada',57,'13930','AARD169596AQD',35,37735.32,5,'6843184259','LXJF246815ASTMDMCU',2088,False,False,False,True,False,True,'2018-10-10');
INSERT INTO persona(idPersona,esEmpleado,esCliente,esProveedor,idSucursal,nombre,apellidoP,apellidoM,correo,telefono,estado,calle,municipio,numero,cp,rfc,edad,salario,antiguedad,nss,curp,noPuntos,esParrillero,esMesero,esCajero,esTortillero,esRepartidor,esTaquero,fechaIngreso)
  VALUES (4474238046,False,True,False,NULL,'Delano','Larmett','Feige','dfeige47@godaddy.com','845028687','Nuevo Leon','Troy','Tamun',77290,'97740','ZRFY165729OQR',NULL,NULL,NULL,NULL,'QELN684516TMHODMXH',754,False,False,False,False,False,False,NULL);
INSERT INTO persona(idPersona,esEmpleado,esCliente,esProveedor,idSucursal,nombre,apellidoP,apellidoM,correo,telefono,estado,calle,municipio,numero,cp,rfc,edad,salario,antiguedad,nss,curp,noPuntos,esParrillero,esMesero,esCajero,esTortillero,esRepartidor,esTaquero,fechaIngreso)
  VALUES (732357583,True,False,False,49,'Elladine','Abrahams','MacNeish','emacneish48@google.com.au','239675417','Yucatan','Spohn','Xochistlahuaca',439,'19260','LPRP650731SAZ',35,16669.45,40,'4211373899',NULL,NULL,False,False,True,False,False,True,'2019-11-27');
INSERT INTO persona(idPersona,esEmpleado,esCliente,esProveedor,idSucursal,nombre,apellidoP,apellidoM,correo,telefono,estado,calle,municipio,numero,cp,rfc,edad,salario,antiguedad,nss,curp,noPuntos,esParrillero,esMesero,esCajero,esTortillero,esRepartidor,esTaquero,fechaIngreso)
  VALUES (7104153278,True,True,False,84,'Patricia','Aleveque','Hullyer','phullyer49@gmpg.org','3673333071','Yucatan','Fieldstone','Naranjos Amatln',86,'44990','HPBI880326YCH',41,41106.05,38,'4200768988','YIMD289918DVMSBRMA',3090,True,False,False,False,False,True,'2020-02-04');
INSERT INTO persona(idPersona,esEmpleado,esCliente,esProveedor,idSucursal,nombre,apellidoP,apellidoM,correo,telefono,estado,calle,municipio,numero,cp,rfc,edad,salario,antiguedad,nss,curp,noPuntos,esParrillero,esMesero,esCajero,esTortillero,esRepartidor,esTaquero,fechaIngreso)
  VALUES (4038903146,False,True,True,NULL,'Ichabod','Austwick','Mattioli','imattioli4a@booking.com','3883543498','Nuevo Leon','Browning','Chalco',9156,'8570','HEXA395940LCR',NULL,NULL,NULL,NULL,'QONM556084VEBANKRP',3195,False,False,False,False,False,False,NULL);
INSERT INTO persona(idPersona,esEmpleado,esCliente,esProveedor,idSucursal,nombre,apellidoP,apellidoM,correo,telefono,estado,calle,municipio,numero,cp,rfc,edad,salario,antiguedad,nss,curp,noPuntos,esParrillero,esMesero,esCajero,esTortillero,esRepartidor,esTaquero,fechaIngreso)
  VALUES (8160240655,True,True,False,56,'Mordy','Gurery','Labern','mlabern4b@mlb.com','8782892152','Aguascalientes','Oak Valley','Huitzilan de Serdn',1316,'34050','VFUM035649ANT',27,3854.06,38,'8272585164','LUQD983360WMXIFGHL',4403,False,False,True,False,False,False,'2022-02-28');
INSERT INTO persona(idPersona,esEmpleado,esCliente,esProveedor,idSucursal,nombre,apellidoP,apellidoM,correo,telefono,estado,calle,municipio,numero,cp,rfc,edad,salario,antiguedad,nss,curp,noPuntos,esParrillero,esMesero,esCajero,esTortillero,esRepartidor,esTaquero,fechaIngreso)
  VALUES (1816392415,True,False,False,49,'Darci','McCullen','Darko','ddarko4c@google.de','5221448037','Zacatecas','Melody','San Francisco Ozolotepec',15,'49930','QRRM397888ZKN',29,34063.8,36,'2151567104',NULL,NULL,False,False,False,False,False,True,'2019-08-23');
INSERT INTO persona(idPersona,esEmpleado,esCliente,esProveedor,idSucursal,nombre,apellidoP,apellidoM,correo,telefono,estado,calle,municipio,numero,cp,rfc,edad,salario,antiguedad,nss,curp,noPuntos,esParrillero,esMesero,esCajero,esTortillero,esRepartidor,esTaquero,fechaIngreso)
  VALUES (6364270419,False,False,True,NULL,'Lulu','Kruger','Latty','llatty4d@ox.ac.uk','7559263665','Tlaxcala','Debra','Zapotitln',400,'73680','FWWH815377YKS',NULL,NULL,NULL,NULL,NULL,NULL,False,False,False,False,False,False,NULL);
INSERT INTO persona(idPersona,esEmpleado,esCliente,esProveedor,idSucursal,nombre,apellidoP,apellidoM,correo,telefono,estado,calle,municipio,numero,cp,rfc,edad,salario,antiguedad,nss,curp,noPuntos,esParrillero,esMesero,esCajero,esTortillero,esRepartidor,esTaquero,fechaIngreso)
  VALUES (4398350675,False,False,True,NULL,'Jenine','Marple','Kelston','jkelston4e@census.gov','2294435149','Colima','Hayes','Jimnez',8048,'71880','LZZA544967QUL',NULL,NULL,NULL,NULL,NULL,NULL,False,False,False,False,False,False,NULL);
INSERT INTO persona(idPersona,esEmpleado,esCliente,esProveedor,idSucursal,nombre,apellidoP,apellidoM,correo,telefono,estado,calle,municipio,numero,cp,rfc,edad,salario,antiguedad,nss,curp,noPuntos,esParrillero,esMesero,esCajero,esTortillero,esRepartidor,esTaquero,fechaIngreso)
  VALUES (6504146957,False,False,True,NULL,'Frederik','Huffer','Adamides','fadamides4f@tinyurl.com','9195642302','Colima','Stone Corner','Singuilucan',56,'76800','VAJO085560LHB',NULL,NULL,NULL,NULL,NULL,NULL,False,False,False,False,False,False,NULL);
INSERT INTO persona(idPersona,esEmpleado,esCliente,esProveedor,idSucursal,nombre,apellidoP,apellidoM,correo,telefono,estado,calle,municipio,numero,cp,rfc,edad,salario,antiguedad,nss,curp,noPuntos,esParrillero,esMesero,esCajero,esTortillero,esRepartidor,esTaquero,fechaIngreso)
  VALUES (8194988779,True,False,False,15,'Corri','Twede','Gray','cgray4g@e-recht24.de','2877992484','Campeche','Fairfield','El Limn',0,'27420','BRNK043015AJG',68,47184.73,24,'3150774486',NULL,NULL,True,False,False,False,False,True,'2020-12-30');
INSERT INTO persona(idPersona,esEmpleado,esCliente,esProveedor,idSucursal,nombre,apellidoP,apellidoM,correo,telefono,estado,calle,municipio,numero,cp,rfc,edad,salario,antiguedad,nss,curp,noPuntos,esParrillero,esMesero,esCajero,esTortillero,esRepartidor,esTaquero,fechaIngreso)
  VALUES (2359755788,True,True,False,17,'Eulalie','Culmer','Knutton','eknutton4h@desdev.cn','7267177572','Sinaloa','Trailsway','Villa Comaltitln',19,'19000','JLBK069106QEY',63,48152.07,24,'272507243','BCAG088752KDARVBOC',3558,True,False,False,False,False,True,'2020-09-09');
INSERT INTO persona(idPersona,esEmpleado,esCliente,esProveedor,idSucursal,nombre,apellidoP,apellidoM,correo,telefono,estado,calle,municipio,numero,cp,rfc,edad,salario,antiguedad,nss,curp,noPuntos,esParrillero,esMesero,esCajero,esTortillero,esRepartidor,esTaquero,fechaIngreso)
  VALUES (2437680503,True,False,False,57,'Tab','Gurys','Deans','tdeans4i@lycos.com','236295976','Chihuahua','Homewood','Ixtlahuacn de los Membrillos',1457,'4460','FUJN585414BCO',59,25740.67,33,'3880162260',NULL,NULL,False,False,False,True,False,False,'2018-09-03');
INSERT INTO persona(idPersona,esEmpleado,esCliente,esProveedor,idSucursal,nombre,apellidoP,apellidoM,correo,telefono,estado,calle,municipio,numero,cp,rfc,edad,salario,antiguedad,nss,curp,noPuntos,esParrillero,esMesero,esCajero,esTortillero,esRepartidor,esTaquero,fechaIngreso)
  VALUES (8997190451,True,False,False,96,'Laurena','Bourdice','Slyford','lslyford4j@nature.com','9205709386','San Luis Potosi','Carpenter','Antiguo Morelos',357,'67450','LADW005621QUY',55,10640.13,14,'532687446',NULL,NULL,False,False,False,False,False,True,'2020-02-19');
INSERT INTO persona(idPersona,esEmpleado,esCliente,esProveedor,idSucursal,nombre,apellidoP,apellidoM,correo,telefono,estado,calle,municipio,numero,cp,rfc,edad,salario,antiguedad,nss,curp,noPuntos,esParrillero,esMesero,esCajero,esTortillero,esRepartidor,esTaquero,fechaIngreso)
  VALUES (9602216528,False,False,True,NULL,'Flor','Reggio','Opie','fopie4k@about.com','6971653731','Yucatan','Upham','Guadalupe de Ramrez',82,'22900','NJPQ088321JJI',NULL,NULL,NULL,NULL,NULL,NULL,False,False,False,False,False,False,NULL);
INSERT INTO persona(idPersona,esEmpleado,esCliente,esProveedor,idSucursal,nombre,apellidoP,apellidoM,correo,telefono,estado,calle,municipio,numero,cp,rfc,edad,salario,antiguedad,nss,curp,noPuntos,esParrillero,esMesero,esCajero,esTortillero,esRepartidor,esTaquero,fechaIngreso)
  VALUES (4111505148,True,True,False,98,'Deina','Kielt','Tuck','dtuck4l@whitehouse.gov','8397104211','Jalisco','Pine View','Tlacuilotepec',925,'7330','ODQJ576396NNN',32,30017.35,1,'5197436572','HEOS230400BBMZXXUF',3431,False,False,False,True,False,True,'2021-07-05');
INSERT INTO persona(idPersona,esEmpleado,esCliente,esProveedor,idSucursal,nombre,apellidoP,apellidoM,correo,telefono,estado,calle,municipio,numero,cp,rfc,edad,salario,antiguedad,nss,curp,noPuntos,esParrillero,esMesero,esCajero,esTortillero,esRepartidor,esTaquero,fechaIngreso)
  VALUES (7190912463,True,False,False,40,'Bendicty','Mosson','Buesnel','bbuesnel4m@mashable.com','6394109759','Nuevo Leon','Basil','Huauchinango',68,'31820','SGMC862779LDK',56,46103.35,23,'3623291380',NULL,NULL,False,False,False,False,False,True,'2020-08-14');
INSERT INTO persona(idPersona,esEmpleado,esCliente,esProveedor,idSucursal,nombre,apellidoP,apellidoM,correo,telefono,estado,calle,municipio,numero,cp,rfc,edad,salario,antiguedad,nss,curp,noPuntos,esParrillero,esMesero,esCajero,esTortillero,esRepartidor,esTaquero,fechaIngreso)
  VALUES (329825151,True,True,False,48,'Gunar','Feldstein','Vagges','gvagges4n@wordpress.com','8824762537','Queretaro','Dayton','Soyopa',61,'23430','WKLI601293OLJ',47,6262.64,12,'6780405273','BKJX907609XWNCFTTA',2490,False,False,False,False,False,True,'2018-11-01');
INSERT INTO persona(idPersona,esEmpleado,esCliente,esProveedor,idSucursal,nombre,apellidoP,apellidoM,correo,telefono,estado,calle,municipio,numero,cp,rfc,edad,salario,antiguedad,nss,curp,noPuntos,esParrillero,esMesero,esCajero,esTortillero,esRepartidor,esTaquero,fechaIngreso)
  VALUES (8951574021,True,False,False,86,'Wendell','Casarini','Sancroft','wsancroft4o@google.nl','1563289799','Aguascalientes','Sunnyside','Bochil',1133,'73680','JCPI273807JQV',18,10449.46,14,'1136169448',NULL,NULL,False,False,False,False,False,True,'2019-04-02');
INSERT INTO persona(idPersona,esEmpleado,esCliente,esProveedor,idSucursal,nombre,apellidoP,apellidoM,correo,telefono,estado,calle,municipio,numero,cp,rfc,edad,salario,antiguedad,nss,curp,noPuntos,esParrillero,esMesero,esCajero,esTortillero,esRepartidor,esTaquero,fechaIngreso)
  VALUES (9826239206,True,True,False,24,'Merilee','Bissett','Signori','msignori4p@xing.com','1619123568','Ciudad de México','Sommers','Yaxkukul',84104,'89730','VLLH791451ZCO',19,35627.18,13,'1529672859','ACLS577344QVUEPZCD',4807,False,False,False,False,False,True,'2020-04-02');
INSERT INTO persona(idPersona,esEmpleado,esCliente,esProveedor,idSucursal,nombre,apellidoP,apellidoM,correo,telefono,estado,calle,municipio,numero,cp,rfc,edad,salario,antiguedad,nss,curp,noPuntos,esParrillero,esMesero,esCajero,esTortillero,esRepartidor,esTaquero,fechaIngreso)
  VALUES (5560899485,True,True,False,69,'Nicky','Higgonet','Kerbey','nkerbey4q@taobao.com','4298166192','Guerrero','Hayes','San Pablo Villa de Mitla',16766,'49050','HCFW195590ZPZ',66,30040.84,38,'6650454310','WIVW026109TQIAGMSR',3196,False,False,False,False,False,True,'2021-03-03');
INSERT INTO persona(idPersona,esEmpleado,esCliente,esProveedor,idSucursal,nombre,apellidoP,apellidoM,correo,telefono,estado,calle,municipio,numero,cp,rfc,edad,salario,antiguedad,nss,curp,noPuntos,esParrillero,esMesero,esCajero,esTortillero,esRepartidor,esTaquero,fechaIngreso)
  VALUES (7282861144,True,False,False,94,'Ralina','Cullingford','Hallbord','rhallbord4r@dailymail.co.uk','215675139','Coahuila de Zaragoza','Blaine','Cocotitln',2,'97950','WJTX818864WZP',40,46463.31,19,'1810273570',NULL,NULL,True,False,False,False,False,False,'2019-02-28');
INSERT INTO persona(idPersona,esEmpleado,esCliente,esProveedor,idSucursal,nombre,apellidoP,apellidoM,correo,telefono,estado,calle,municipio,numero,cp,rfc,edad,salario,antiguedad,nss,curp,noPuntos,esParrillero,esMesero,esCajero,esTortillero,esRepartidor,esTaquero,fechaIngreso)
  VALUES (2064619302,True,True,False,52,'Peterus','Rudwell','Keasley','pkeasley4s@gmpg.org','1928410027','México','Washington','Apazapan',5284,'77010','UEMC551109VUF',49,39873.57,35,'867427674','WDCN440782SGSLAANR',446,False,False,True,False,False,True,'2019-07-19');
INSERT INTO persona(idPersona,esEmpleado,esCliente,esProveedor,idSucursal,nombre,apellidoP,apellidoM,correo,telefono,estado,calle,municipio,numero,cp,rfc,edad,salario,antiguedad,nss,curp,noPuntos,esParrillero,esMesero,esCajero,esTortillero,esRepartidor,esTaquero,fechaIngreso)
  VALUES (9404104552,True,True,False,58,'Ado','Josefer','Anglim','aanglim4t@ed.gov','9091353399','Chiapas','Monica','San Jernimo Tecatl',80329,'81800','TKFO719564IAS',40,44056.3,17,'4704772608','GUUC352144SGDROQLQ',3281,False,False,True,False,False,True,'2020-12-20');
INSERT INTO persona(idPersona,esEmpleado,esCliente,esProveedor,idSucursal,nombre,apellidoP,apellidoM,correo,telefono,estado,calle,municipio,numero,cp,rfc,edad,salario,antiguedad,nss,curp,noPuntos,esParrillero,esMesero,esCajero,esTortillero,esRepartidor,esTaquero,fechaIngreso)
  VALUES (2970957881,True,True,False,68,'Carmencita','Varfolomeev','Clewarth','cclewarth4u@reference.com','1153968675','Chiapas','Green Ridge','Ameca',5237,'32520','FYOV448460LDD',66,15408.05,1,'6192527517','QZCQ595247LXIZNYPQ',4468,True,False,False,False,False,True,'2021-03-16');
INSERT INTO persona(idPersona,esEmpleado,esCliente,esProveedor,idSucursal,nombre,apellidoP,apellidoM,correo,telefono,estado,calle,municipio,numero,cp,rfc,edad,salario,antiguedad,nss,curp,noPuntos,esParrillero,esMesero,esCajero,esTortillero,esRepartidor,esTaquero,fechaIngreso)
  VALUES (9324630994,True,True,False,29,'Tandy','Wigley','Trahmel','ttrahmel4v@ftc.gov','6001733729','Chiapas','Dwight','Santiago Minas',4476,'21840','HSAP081838IIE',34,37063.13,39,'8427385700','LSRH936757QLKIWGPZ',2435,False,True,False,False,False,True,'2019-11-11');
INSERT INTO persona(idPersona,esEmpleado,esCliente,esProveedor,idSucursal,nombre,apellidoP,apellidoM,correo,telefono,estado,calle,municipio,numero,cp,rfc,edad,salario,antiguedad,nss,curp,noPuntos,esParrillero,esMesero,esCajero,esTortillero,esRepartidor,esTaquero,fechaIngreso)
  VALUES (1889390120,False,True,True,NULL,'Wallis','Fawthorpe','De Gouy','wdegouy4w@tumblr.com','5241339694','Tabasco','Milwaukee','Santiago Ihuitln Plumas',7663,'29650','SWZH184037LYO',NULL,NULL,NULL,NULL,'SBDP743247LWBVNUSO',4903,False,False,False,False,False,False,NULL);
INSERT INTO persona(idPersona,esEmpleado,esCliente,esProveedor,idSucursal,nombre,apellidoP,apellidoM,correo,telefono,estado,calle,municipio,numero,cp,rfc,edad,salario,antiguedad,nss,curp,noPuntos,esParrillero,esMesero,esCajero,esTortillero,esRepartidor,esTaquero,fechaIngreso)
  VALUES (4943423479,False,True,True,NULL,'Uri','Ricker','Quilty','uquilty4x@pcworld.com','6496224207','San Luis Potosi','Declaration','San Andrs Solaga',15114,'17110','CGVA957515QLI',NULL,NULL,NULL,NULL,'SXVL369451XZHPKUNM',1467,False,False,False,False,False,False,NULL);
INSERT INTO persona(idPersona,esEmpleado,esCliente,esProveedor,idSucursal,nombre,apellidoP,apellidoM,correo,telefono,estado,calle,municipio,numero,cp,rfc,edad,salario,antiguedad,nss,curp,noPuntos,esParrillero,esMesero,esCajero,esTortillero,esRepartidor,esTaquero,fechaIngreso)
  VALUES (2897541330,True,False,False,97,'Shaun','Volet','Candish','scandish4y@ning.com','1537376235','Baja California','6th','Uriangato',111,'82480','HYOS313377SRV',33,29464.04,5,'935320328',NULL,NULL,False,True,False,False,False,False,'2019-02-15');
INSERT INTO persona(idPersona,esEmpleado,esCliente,esProveedor,idSucursal,nombre,apellidoP,apellidoM,correo,telefono,estado,calle,municipio,numero,cp,rfc,edad,salario,antiguedad,nss,curp,noPuntos,esParrillero,esMesero,esCajero,esTortillero,esRepartidor,esTaquero,fechaIngreso)
  VALUES (1374067615,False,True,True,NULL,'Cal','Cocci','Ciotti','cciotti4z@tinypic.com','5445671798','Sonora','Fulton','San Bartolom Ayautla',6255,'3080','NXMN110376KKI',NULL,NULL,NULL,NULL,'IENI228543APKXDXER',1985,False,False,False,False,False,False,NULL);
INSERT INTO persona(idPersona,esEmpleado,esCliente,esProveedor,idSucursal,nombre,apellidoP,apellidoM,correo,telefono,estado,calle,municipio,numero,cp,rfc,edad,salario,antiguedad,nss,curp,noPuntos,esParrillero,esMesero,esCajero,esTortillero,esRepartidor,esTaquero,fechaIngreso)
  VALUES (4450805932,True,True,False,68,'Saunder','Creegan','Lyles','slyles50@rakuten.co.jp','438779688','México','Corry','San Jos Estancia Grande',2384,'14080','LFIX879506DDC',68,1872.95,38,'1236157948','NMZM868132HRBLVUWY',2355,True,False,False,False,False,True,'2019-03-24');
INSERT INTO persona(idPersona,esEmpleado,esCliente,esProveedor,idSucursal,nombre,apellidoP,apellidoM,correo,telefono,estado,calle,municipio,numero,cp,rfc,edad,salario,antiguedad,nss,curp,noPuntos,esParrillero,esMesero,esCajero,esTortillero,esRepartidor,esTaquero,fechaIngreso)
  VALUES (5363349456,False,True,False,NULL,'Eadmund','Hurkett','Lomis','elomis51@github.io','4630908580','San Luis Potosi','Melrose','Santiago Camotln',825,'24160','TFKV396537BKO',NULL,NULL,NULL,NULL,'YNFP582916AUZTZYEB',1566,False,False,False,False,False,False,NULL);
INSERT INTO persona(idPersona,esEmpleado,esCliente,esProveedor,idSucursal,nombre,apellidoP,apellidoM,correo,telefono,estado,calle,municipio,numero,cp,rfc,edad,salario,antiguedad,nss,curp,noPuntos,esParrillero,esMesero,esCajero,esTortillero,esRepartidor,esTaquero,fechaIngreso)
  VALUES (4326672560,True,True,False,45,'Susette','Le Gallo','Gabotti','sgabotti52@pbs.org','6005842153','Hidalgo','Menomonie','Madera',7296,'66360','HRLP658798BXU',41,14954.17,32,'1701938928','NHWF080309LZWFAYDB',1317,False,False,False,False,False,True,'2019-07-13');
INSERT INTO persona(idPersona,esEmpleado,esCliente,esProveedor,idSucursal,nombre,apellidoP,apellidoM,correo,telefono,estado,calle,municipio,numero,cp,rfc,edad,salario,antiguedad,nss,curp,noPuntos,esParrillero,esMesero,esCajero,esTortillero,esRepartidor,esTaquero,fechaIngreso)
  VALUES (4977520674,False,False,True,NULL,'Andrea','Sirrell','Stowe','astowe53@wikimedia.org','4828298485','Guerrero','Grasskamp','Miquihuana',15889,'78310','DMWA268149TSU',NULL,NULL,NULL,NULL,NULL,NULL,False,False,False,False,False,False,NULL);
INSERT INTO persona(idPersona,esEmpleado,esCliente,esProveedor,idSucursal,nombre,apellidoP,apellidoM,correo,telefono,estado,calle,municipio,numero,cp,rfc,edad,salario,antiguedad,nss,curp,noPuntos,esParrillero,esMesero,esCajero,esTortillero,esRepartidor,esTaquero,fechaIngreso)
  VALUES (966675254,False,True,True,NULL,'Nollie','Ramme','Varndall','nvarndall54@scribd.com','5662843660','Queretaro','Moland','Acteopan',46,'99160','DNWP374887ZYK',NULL,NULL,NULL,NULL,'NEPZ192074VQEAYEEZ',1010,False,False,False,False,False,False,NULL);
INSERT INTO persona(idPersona,esEmpleado,esCliente,esProveedor,idSucursal,nombre,apellidoP,apellidoM,correo,telefono,estado,calle,municipio,numero,cp,rfc,edad,salario,antiguedad,nss,curp,noPuntos,esParrillero,esMesero,esCajero,esTortillero,esRepartidor,esTaquero,fechaIngreso)
  VALUES (270385581,True,False,False,38,'Rowney','Humpage','Pierse','rpierse55@nymag.com','6514050879','Nayarit','Lien','Quecholac',5,'5920','WUGZ802963VOX',26,48039.9,13,'5766204632',NULL,NULL,False,False,True,False,False,True,'2020-12-25');
INSERT INTO persona(idPersona,esEmpleado,esCliente,esProveedor,idSucursal,nombre,apellidoP,apellidoM,correo,telefono,estado,calle,municipio,numero,cp,rfc,edad,salario,antiguedad,nss,curp,noPuntos,esParrillero,esMesero,esCajero,esTortillero,esRepartidor,esTaquero,fechaIngreso)
  VALUES (9963395855,False,True,False,NULL,'Melisandra','Stirland','Meric','mmeric56@oaic.gov.au','8273245596','Guanajuato','Burrows','Los Ramones',2,'83600','RPOG714120OKP',NULL,NULL,NULL,NULL,'JNXV699891FHZEJTMA',1885,False,False,False,False,False,False,NULL);
INSERT INTO persona(idPersona,esEmpleado,esCliente,esProveedor,idSucursal,nombre,apellidoP,apellidoM,correo,telefono,estado,calle,municipio,numero,cp,rfc,edad,salario,antiguedad,nss,curp,noPuntos,esParrillero,esMesero,esCajero,esTortillero,esRepartidor,esTaquero,fechaIngreso)
  VALUES (6540181853,False,True,False,NULL,'Jarid','Norgate','Hounihan','jhounihan57@mac.com','3010949809','Nuevo Leon','Prairieview','Ahuacatln',6498,'57610','CYCO468709WOD',NULL,NULL,NULL,NULL,'ISVW416521NXIZDKOS',1243,False,False,False,False,False,False,NULL);
INSERT INTO persona(idPersona,esEmpleado,esCliente,esProveedor,idSucursal,nombre,apellidoP,apellidoM,correo,telefono,estado,calle,municipio,numero,cp,rfc,edad,salario,antiguedad,nss,curp,noPuntos,esParrillero,esMesero,esCajero,esTortillero,esRepartidor,esTaquero,fechaIngreso)
  VALUES (1504195635,False,True,True,NULL,'Kennett','Piel','Sangster','ksangster58@go.com','2792752719','México','Loomis','Cucurpe',264,'84190','TXQV405497PLV',NULL,NULL,NULL,NULL,'IRHA070913YAIEDRJN',924,False,False,False,False,False,False,NULL);
INSERT INTO persona(idPersona,esEmpleado,esCliente,esProveedor,idSucursal,nombre,apellidoP,apellidoM,correo,telefono,estado,calle,municipio,numero,cp,rfc,edad,salario,antiguedad,nss,curp,noPuntos,esParrillero,esMesero,esCajero,esTortillero,esRepartidor,esTaquero,fechaIngreso)
  VALUES (5312878223,True,False,False,22,'Lem','MacGovern','Rathjen','lrathjen59@independent.co.uk','8963741997','Zacatecas','1st','Pueblo Nuevo',2,'570','RUBG817790GEB',39,35083.08,27,'1866270426',NULL,NULL,False,False,True,False,False,False,'2021-07-31');
INSERT INTO persona(idPersona,esEmpleado,esCliente,esProveedor,idSucursal,nombre,apellidoP,apellidoM,correo,telefono,estado,calle,municipio,numero,cp,rfc,edad,salario,antiguedad,nss,curp,noPuntos,esParrillero,esMesero,esCajero,esTortillero,esRepartidor,esTaquero,fechaIngreso)
  VALUES (8103847467,False,True,True,NULL,'Lem','Dearlove','Berthelmot','lberthelmot5a@java.com','5915735291','Puebla','Mockingbird','San Jos Teacalco',181,'25530','ZUUI544504MDL',NULL,NULL,NULL,NULL,'LJLZ739029SFRATDME',2238,False,False,False,False,False,False,NULL);
INSERT INTO persona(idPersona,esEmpleado,esCliente,esProveedor,idSucursal,nombre,apellidoP,apellidoM,correo,telefono,estado,calle,municipio,numero,cp,rfc,edad,salario,antiguedad,nss,curp,noPuntos,esParrillero,esMesero,esCajero,esTortillero,esRepartidor,esTaquero,fechaIngreso)
  VALUES (3805224239,False,True,True,NULL,'Courtnay','Diggons','Blasetti','cblasetti5b@hhs.gov','2089263851','Aguascalientes','Hansons','Morelia',38391,'17680','CABP971221HZS',NULL,NULL,NULL,NULL,'LFGT029667CMZDEFSI',4351,False,False,False,False,False,False,NULL);
INSERT INTO persona(idPersona,esEmpleado,esCliente,esProveedor,idSucursal,nombre,apellidoP,apellidoM,correo,telefono,estado,calle,municipio,numero,cp,rfc,edad,salario,antiguedad,nss,curp,noPuntos,esParrillero,esMesero,esCajero,esTortillero,esRepartidor,esTaquero,fechaIngreso)
  VALUES (4048060101,True,True,False,50,'Brigham','Alesio','Mourgue','bmourgue5c@blogger.com','5478059492','Chiapas','Dunning','Pahuatln',7838,'69510','KGLE176454QQK',53,25542.24,27,'4831203288','NSAG860027VRCTIYBK',270,False,False,False,False,False,True,'2020-11-12');
INSERT INTO persona(idPersona,esEmpleado,esCliente,esProveedor,idSucursal,nombre,apellidoP,apellidoM,correo,telefono,estado,calle,municipio,numero,cp,rfc,edad,salario,antiguedad,nss,curp,noPuntos,esParrillero,esMesero,esCajero,esTortillero,esRepartidor,esTaquero,fechaIngreso)
  VALUES (8544883280,False,False,True,NULL,'Franni','Humphrys','MacKim','fmackim5d@who.int','5688437514','Michoacán','Farwell','Petlalcingo',0,'32720','SJHR161626NHW',NULL,NULL,NULL,NULL,NULL,NULL,False,False,False,False,False,False,NULL);
INSERT INTO persona(idPersona,esEmpleado,esCliente,esProveedor,idSucursal,nombre,apellidoP,apellidoM,correo,telefono,estado,calle,municipio,numero,cp,rfc,edad,salario,antiguedad,nss,curp,noPuntos,esParrillero,esMesero,esCajero,esTortillero,esRepartidor,esTaquero,fechaIngreso)
  VALUES (2717995001,False,False,True,NULL,'Robbyn','Notman','How','rhow5e@taobao.com','9939736942','Campeche','8th','Tetela de Ocampo',265,'44040','PCQZ410512XRB',NULL,NULL,NULL,NULL,NULL,NULL,False,False,False,False,False,False,NULL);
INSERT INTO persona(idPersona,esEmpleado,esCliente,esProveedor,idSucursal,nombre,apellidoP,apellidoM,correo,telefono,estado,calle,municipio,numero,cp,rfc,edad,salario,antiguedad,nss,curp,noPuntos,esParrillero,esMesero,esCajero,esTortillero,esRepartidor,esTaquero,fechaIngreso)
  VALUES (9440291950,False,False,True,NULL,'Deb','Trask','Kelloch','dkelloch5f@dailymotion.com','7886204146','Jalisco','Fremont','Teloloapan',8,'1250','YYNV450205NOJ',NULL,NULL,NULL,NULL,NULL,NULL,False,False,False,False,False,False,NULL);
INSERT INTO persona(idPersona,esEmpleado,esCliente,esProveedor,idSucursal,nombre,apellidoP,apellidoM,correo,telefono,estado,calle,municipio,numero,cp,rfc,edad,salario,antiguedad,nss,curp,noPuntos,esParrillero,esMesero,esCajero,esTortillero,esRepartidor,esTaquero,fechaIngreso)
  VALUES (2060847509,False,False,True,NULL,'Hailey','Henricsson','Wigmore','hwigmore5g@bandcamp.com','9281067145','Tlaxcala','Dakota','San Fernando',55,'18780','BUGI609793MUE',NULL,NULL,NULL,NULL,NULL,NULL,False,False,False,False,False,False,NULL);
INSERT INTO persona(idPersona,esEmpleado,esCliente,esProveedor,idSucursal,nombre,apellidoP,apellidoM,correo,telefono,estado,calle,municipio,numero,cp,rfc,edad,salario,antiguedad,nss,curp,noPuntos,esParrillero,esMesero,esCajero,esTortillero,esRepartidor,esTaquero,fechaIngreso)
  VALUES (6177835138,False,False,True,NULL,'Daune','Karolczyk','Mattersey','dmattersey5h@amazon.de','2271590076','Puebla','7th','Jilotln de los Dolores',6411,'54280','ZKCR962700WUT',NULL,NULL,NULL,NULL,NULL,NULL,False,False,False,False,False,False,NULL);
INSERT INTO persona(idPersona,esEmpleado,esCliente,esProveedor,idSucursal,nombre,apellidoP,apellidoM,correo,telefono,estado,calle,municipio,numero,cp,rfc,edad,salario,antiguedad,nss,curp,noPuntos,esParrillero,esMesero,esCajero,esTortillero,esRepartidor,esTaquero,fechaIngreso)
  VALUES (7848674710,True,False,False,86,'Anni','Walmsley','Muddiman','amuddiman5i@vinaora.com','2312463149','Veracruz de Ignacio de la Llave','Fairview','Nauzontla',6,'71360','SDOA110813UVD',68,36802.4,4,'9963938753',NULL,NULL,False,False,False,False,True,True,'2021-08-25');
INSERT INTO persona(idPersona,esEmpleado,esCliente,esProveedor,idSucursal,nombre,apellidoP,apellidoM,correo,telefono,estado,calle,municipio,numero,cp,rfc,edad,salario,antiguedad,nss,curp,noPuntos,esParrillero,esMesero,esCajero,esTortillero,esRepartidor,esTaquero,fechaIngreso)
  VALUES (3241339201,True,False,False,20,'Dian','Filochov','Whear','dwhear5j@cam.ac.uk','890309968','Hidalgo','Portage','Santo Domingo Xagaca',494,'99160','GPXN576409VGN',54,38037.1,35,'8818450603',NULL,NULL,False,False,False,False,True,False,'2021-10-04');
INSERT INTO persona(idPersona,esEmpleado,esCliente,esProveedor,idSucursal,nombre,apellidoP,apellidoM,correo,telefono,estado,calle,municipio,numero,cp,rfc,edad,salario,antiguedad,nss,curp,noPuntos,esParrillero,esMesero,esCajero,esTortillero,esRepartidor,esTaquero,fechaIngreso)
  VALUES (3832026627,True,False,False,45,'Gerrie','Osgar','Deveral','gdeveral5k@nsw.gov.au','7763466013','Yucatan','Grover','Santa Mara Jacatepec',1472,'14580','MQGR174132YLZ',50,17881,37,'6530745870',NULL,NULL,False,False,False,False,False,True,'2018-05-08');
INSERT INTO persona(idPersona,esEmpleado,esCliente,esProveedor,idSucursal,nombre,apellidoP,apellidoM,correo,telefono,estado,calle,municipio,numero,cp,rfc,edad,salario,antiguedad,nss,curp,noPuntos,esParrillero,esMesero,esCajero,esTortillero,esRepartidor,esTaquero,fechaIngreso)
  VALUES (389140275,False,True,True,NULL,'Kelley','Whittock','Regan','kregan5l@hud.gov','2810578420','Baja California Sur','Artisan','Tultitln',699,'34250','ISNU289581GAQ',NULL,NULL,NULL,NULL,'JBKF447441ECFXFIMB',4020,False,False,False,False,False,False,NULL);
INSERT INTO persona(idPersona,esEmpleado,esCliente,esProveedor,idSucursal,nombre,apellidoP,apellidoM,correo,telefono,estado,calle,municipio,numero,cp,rfc,edad,salario,antiguedad,nss,curp,noPuntos,esParrillero,esMesero,esCajero,esTortillero,esRepartidor,esTaquero,fechaIngreso)
  VALUES (9966131850,True,True,False,61,'Molli','Rearie','Hathwood','mhathwood5m@domainmarket.com','8765215302','Hidalgo','Jay','Mezquitic',34,'4450','TKPM504281FCY',31,45056.93,13,'839510960','QWTP386599SQKKAWPK',2571,False,False,False,True,False,False,'2018-10-04');
INSERT INTO persona(idPersona,esEmpleado,esCliente,esProveedor,idSucursal,nombre,apellidoP,apellidoM,correo,telefono,estado,calle,municipio,numero,cp,rfc,edad,salario,antiguedad,nss,curp,noPuntos,esParrillero,esMesero,esCajero,esTortillero,esRepartidor,esTaquero,fechaIngreso)
  VALUES (6312031349,False,False,True,NULL,'Jarvis','Hedingham','Hasnip','jhasnip5n@odnoklassniki.ru','2742810725','Durango','Buhler','San Miguel Amatitln',55,'88160','YXWA690004ESP',NULL,NULL,NULL,NULL,NULL,NULL,False,False,False,False,False,False,NULL);
INSERT INTO persona(idPersona,esEmpleado,esCliente,esProveedor,idSucursal,nombre,apellidoP,apellidoM,correo,telefono,estado,calle,municipio,numero,cp,rfc,edad,salario,antiguedad,nss,curp,noPuntos,esParrillero,esMesero,esCajero,esTortillero,esRepartidor,esTaquero,fechaIngreso)
  VALUES (2658285226,False,False,True,NULL,'Royce','Haughan','Piatkow','rpiatkow5o@economist.com','5129351855','Zacatecas','Shopko','Miguel Auza',55,'84440','MGOT676968WUT',NULL,NULL,NULL,NULL,NULL,NULL,False,False,False,False,False,False,NULL);
INSERT INTO persona(idPersona,esEmpleado,esCliente,esProveedor,idSucursal,nombre,apellidoP,apellidoM,correo,telefono,estado,calle,municipio,numero,cp,rfc,edad,salario,antiguedad,nss,curp,noPuntos,esParrillero,esMesero,esCajero,esTortillero,esRepartidor,esTaquero,fechaIngreso)
  VALUES (8295194526,False,False,True,NULL,'Rebecka','Diplock','Fullerton','rfullerton5p@typepad.com','5268234822','Oaxaca','Becker','Coronango',83147,'45970','KNKB234687WAU',NULL,NULL,NULL,NULL,NULL,NULL,False,False,False,False,False,False,NULL);
INSERT INTO persona(idPersona,esEmpleado,esCliente,esProveedor,idSucursal,nombre,apellidoP,apellidoM,correo,telefono,estado,calle,municipio,numero,cp,rfc,edad,salario,antiguedad,nss,curp,noPuntos,esParrillero,esMesero,esCajero,esTortillero,esRepartidor,esTaquero,fechaIngreso)
  VALUES (6148690049,False,True,False,NULL,'Siobhan','Burchmore','Bestwall','sbestwall5q@123-reg.co.uk','2068606375','Sonora','Schmedeman','San Juan Bautista Guelache',4,'14980','RYHQ628477EXO',NULL,NULL,NULL,NULL,'GBYL007802ZIZFSFRS',4430,False,False,False,False,False,False,NULL);
INSERT INTO persona(idPersona,esEmpleado,esCliente,esProveedor,idSucursal,nombre,apellidoP,apellidoM,correo,telefono,estado,calle,municipio,numero,cp,rfc,edad,salario,antiguedad,nss,curp,noPuntos,esParrillero,esMesero,esCajero,esTortillero,esRepartidor,esTaquero,fechaIngreso)
  VALUES (5762667793,True,True,False,85,'Grant','Crowne','Kunrad','gkunrad5r@freewebs.com','9828548479','Coahuila de Zaragoza','Mallard','Huixtn',2,'18950','XVMO970028WEE',34,39279.54,23,'2936120249','BENO008791HCOKHVEI',3258,False,False,True,False,False,False,'2019-08-02');
INSERT INTO persona(idPersona,esEmpleado,esCliente,esProveedor,idSucursal,nombre,apellidoP,apellidoM,correo,telefono,estado,calle,municipio,numero,cp,rfc,edad,salario,antiguedad,nss,curp,noPuntos,esParrillero,esMesero,esCajero,esTortillero,esRepartidor,esTaquero,fechaIngreso)
  VALUES (2258224145,False,True,True,NULL,'Jeremy','Rawkesby','Greig','jgreig5s@berkeley.edu','6758062714','Tlaxcala','Dovetail','General Simn Bolvar',4885,'51670','AEVG092807QPX',NULL,NULL,NULL,NULL,'LQFX065658DIMYVCUW',3361,False,False,False,False,False,False,NULL);
INSERT INTO persona(idPersona,esEmpleado,esCliente,esProveedor,idSucursal,nombre,apellidoP,apellidoM,correo,telefono,estado,calle,municipio,numero,cp,rfc,edad,salario,antiguedad,nss,curp,noPuntos,esParrillero,esMesero,esCajero,esTortillero,esRepartidor,esTaquero,fechaIngreso)
  VALUES (6725827567,False,False,True,NULL,'Rolando','Corsor','Conford','rconford5t@networkadvertising.org','9037024590','Puebla','Boyd','Santa Mara Ipalapa',465,'76590','PGHM159984TKW',NULL,NULL,NULL,NULL,NULL,NULL,False,False,False,False,False,False,NULL);
INSERT INTO persona(idPersona,esEmpleado,esCliente,esProveedor,idSucursal,nombre,apellidoP,apellidoM,correo,telefono,estado,calle,municipio,numero,cp,rfc,edad,salario,antiguedad,nss,curp,noPuntos,esParrillero,esMesero,esCajero,esTortillero,esRepartidor,esTaquero,fechaIngreso)
  VALUES (7885017345,True,False,False,78,'Lorrin','Karolyi','Rolfe','lrolfe5u@youtu.be','7206183965','Guerrero','Moulton','Vega de Alatorre',12,'76430','GBIJ318368NQZ',49,8233.23,22,'724569106',NULL,NULL,False,False,False,False,True,False,'2018-11-06');
INSERT INTO persona(idPersona,esEmpleado,esCliente,esProveedor,idSucursal,nombre,apellidoP,apellidoM,correo,telefono,estado,calle,municipio,numero,cp,rfc,edad,salario,antiguedad,nss,curp,noPuntos,esParrillero,esMesero,esCajero,esTortillero,esRepartidor,esTaquero,fechaIngreso)
  VALUES (7318087845,True,False,False,24,'Morry','Dengel','Elphey','melphey5v@meetup.com','6678932321','Coahuila de Zaragoza','Packers','Venustiano Carranza',8,'34100','YPLA333894RKY',46,45418.87,10,'4923262135',NULL,NULL,False,False,False,False,True,True,'2018-10-22');
INSERT INTO persona(idPersona,esEmpleado,esCliente,esProveedor,idSucursal,nombre,apellidoP,apellidoM,correo,telefono,estado,calle,municipio,numero,cp,rfc,edad,salario,antiguedad,nss,curp,noPuntos,esParrillero,esMesero,esCajero,esTortillero,esRepartidor,esTaquero,fechaIngreso)
  VALUES (9891529466,False,False,True,NULL,'Diahann','Coole','Faers','dfaers5w@upenn.edu','507897828','Nayarit','Crowley','Santiago Miahuatln',718,'24420','TUPB061180TSO',NULL,NULL,NULL,NULL,NULL,NULL,False,False,False,False,False,False,NULL);
INSERT INTO persona(idPersona,esEmpleado,esCliente,esProveedor,idSucursal,nombre,apellidoP,apellidoM,correo,telefono,estado,calle,municipio,numero,cp,rfc,edad,salario,antiguedad,nss,curp,noPuntos,esParrillero,esMesero,esCajero,esTortillero,esRepartidor,esTaquero,fechaIngreso)
  VALUES (2304353832,False,True,False,NULL,'Natka','Dakers','Aylmore','naylmore5x@newyorker.com','6843771356','San Luis Potosi','Becker','Apaseo el Grande',6,'31800','FITX339402WCE',NULL,NULL,NULL,NULL,'XCJH275782ZOFHNMTT',845,False,False,False,False,False,False,NULL);
INSERT INTO persona(idPersona,esEmpleado,esCliente,esProveedor,idSucursal,nombre,apellidoP,apellidoM,correo,telefono,estado,calle,municipio,numero,cp,rfc,edad,salario,antiguedad,nss,curp,noPuntos,esParrillero,esMesero,esCajero,esTortillero,esRepartidor,esTaquero,fechaIngreso)
  VALUES (2068139578,False,True,True,NULL,'Jesse','Govenlock','Dargie','jdargie5y@mail.ru','3755276701','Chiapas','Stone Corner','Amatenango de la Frontera',44670,'58450','ZLHS381916JWA',NULL,NULL,NULL,NULL,'UARU935973KPUXHCLI',3315,False,False,False,False,False,False,NULL);
INSERT INTO persona(idPersona,esEmpleado,esCliente,esProveedor,idSucursal,nombre,apellidoP,apellidoM,correo,telefono,estado,calle,municipio,numero,cp,rfc,edad,salario,antiguedad,nss,curp,noPuntos,esParrillero,esMesero,esCajero,esTortillero,esRepartidor,esTaquero,fechaIngreso)
  VALUES (7384086196,True,False,False,85,'Aeriel','Stookes','Panyer','apanyer5z@cdc.gov','3590482848','Jalisco','Carberry','San Juan Taba',80,'76570','HDDU243831ESK',34,27564.14,25,'2827415821',NULL,NULL,False,False,False,True,False,False,'2019-12-14');
INSERT INTO persona(idPersona,esEmpleado,esCliente,esProveedor,idSucursal,nombre,apellidoP,apellidoM,correo,telefono,estado,calle,municipio,numero,cp,rfc,edad,salario,antiguedad,nss,curp,noPuntos,esParrillero,esMesero,esCajero,esTortillero,esRepartidor,esTaquero,fechaIngreso)
  VALUES (1533764737,False,False,True,NULL,'Indira','Shafto','Wealthall','iwealthall60@cnn.com','291096206','Baja California','Maple','Encarnacin de Daz',0,'26130','LYEJ457252AKB',NULL,NULL,NULL,NULL,NULL,NULL,False,False,False,False,False,False,NULL);
INSERT INTO persona(idPersona,esEmpleado,esCliente,esProveedor,idSucursal,nombre,apellidoP,apellidoM,correo,telefono,estado,calle,municipio,numero,cp,rfc,edad,salario,antiguedad,nss,curp,noPuntos,esParrillero,esMesero,esCajero,esTortillero,esRepartidor,esTaquero,fechaIngreso)
  VALUES (2683577435,True,True,False,78,'Garv','Boulstridge','Larkkem','glarkkem61@devhub.com','8303748792','Michoacán','Almo','Santa Cruz Papalutla',81,'10960','BXNU869487ABC',61,1635.2,8,'801032911','PGXG025926RFSAXWEV',1916,False,False,True,False,False,False,'2019-12-19');
INSERT INTO persona(idPersona,esEmpleado,esCliente,esProveedor,idSucursal,nombre,apellidoP,apellidoM,correo,telefono,estado,calle,municipio,numero,cp,rfc,edad,salario,antiguedad,nss,curp,noPuntos,esParrillero,esMesero,esCajero,esTortillero,esRepartidor,esTaquero,fechaIngreso)
  VALUES (5238841168,False,True,True,NULL,'Nero','Maybey','Wilmington','nwilmington62@independent.co.uk','7764284990','Tlaxcala','Shasta','San Vicente Coatln',80,'63900','ZHRB127183KUI',NULL,NULL,NULL,NULL,'BSNQ714497SICKPULP',3727,False,False,False,False,False,False,NULL);
INSERT INTO persona(idPersona,esEmpleado,esCliente,esProveedor,idSucursal,nombre,apellidoP,apellidoM,correo,telefono,estado,calle,municipio,numero,cp,rfc,edad,salario,antiguedad,nss,curp,noPuntos,esParrillero,esMesero,esCajero,esTortillero,esRepartidor,esTaquero,fechaIngreso)
  VALUES (466159214,True,True,False,64,'Angeli','Eliassen','Cartlidge','acartlidge63@taobao.com','834928132','Tabasco','Garrison','Chiautzingo',798,'29070','VVYG103121YUB',63,33231.08,23,'1573535812','FLGO381430VMKFPVOU',4307,False,True,False,False,False,True,'2019-07-07');
INSERT INTO persona(idPersona,esEmpleado,esCliente,esProveedor,idSucursal,nombre,apellidoP,apellidoM,correo,telefono,estado,calle,municipio,numero,cp,rfc,edad,salario,antiguedad,nss,curp,noPuntos,esParrillero,esMesero,esCajero,esTortillero,esRepartidor,esTaquero,fechaIngreso)
  VALUES (5697995127,False,True,True,NULL,'Eldridge','Castlake','Jeyness','ejeyness64@angelfire.com','2889166767','Veracruz de Ignacio de la Llave','Reindahl','Chapultenango',12074,'1180','RNTE859318QZW',NULL,NULL,NULL,NULL,'CTOR114630TMBDPRQY',1728,False,False,False,False,False,False,NULL);
INSERT INTO persona(idPersona,esEmpleado,esCliente,esProveedor,idSucursal,nombre,apellidoP,apellidoM,correo,telefono,estado,calle,municipio,numero,cp,rfc,edad,salario,antiguedad,nss,curp,noPuntos,esParrillero,esMesero,esCajero,esTortillero,esRepartidor,esTaquero,fechaIngreso)
  VALUES (9370267766,True,False,False,74,'Alfredo','Deane','Corbet','acorbet65@paginegialle.it','184482233','Tabasco','Warbler','La Antigua',565,'28190','UJAP461034NZO',31,16339.76,24,'6968319352',NULL,NULL,False,False,False,True,False,True,'2021-09-16');
INSERT INTO persona(idPersona,esEmpleado,esCliente,esProveedor,idSucursal,nombre,apellidoP,apellidoM,correo,telefono,estado,calle,municipio,numero,cp,rfc,edad,salario,antiguedad,nss,curp,noPuntos,esParrillero,esMesero,esCajero,esTortillero,esRepartidor,esTaquero,fechaIngreso)
  VALUES (8085446868,False,True,True,NULL,'Montague','Toleman','Vahl','mvahl66@bloglines.com','1418921889','Colima','Hanson','Cosal',8,'32720','RJMT732137HMW',NULL,NULL,NULL,NULL,'AHZP979045TKTCBFWC',154,False,False,False,False,False,False,NULL);
INSERT INTO persona(idPersona,esEmpleado,esCliente,esProveedor,idSucursal,nombre,apellidoP,apellidoM,correo,telefono,estado,calle,municipio,numero,cp,rfc,edad,salario,antiguedad,nss,curp,noPuntos,esParrillero,esMesero,esCajero,esTortillero,esRepartidor,esTaquero,fechaIngreso)
  VALUES (2940815592,False,True,True,NULL,'Bradan','Wards','Gabbatt','bgabbatt67@webs.com','1596624441','Ciudad de México','Shasta','Linares',28372,'80020','NCLM895704XHK',NULL,NULL,NULL,NULL,'IXFF999972BKLSNNVI',2394,False,False,False,False,False,False,NULL);
INSERT INTO persona(idPersona,esEmpleado,esCliente,esProveedor,idSucursal,nombre,apellidoP,apellidoM,correo,telefono,estado,calle,municipio,numero,cp,rfc,edad,salario,antiguedad,nss,curp,noPuntos,esParrillero,esMesero,esCajero,esTortillero,esRepartidor,esTaquero,fechaIngreso)
  VALUES (3657392180,False,True,True,NULL,'Laryssa','Haugh','Hutson','lhutson68@mapy.cz','1391991317','Nayarit','Jay','Valle de Chalco Solidaridad',99173,'85960','OGOB745875WTU',NULL,NULL,NULL,NULL,'JSFQ173457IDAYOTEL',2764,False,False,False,False,False,False,NULL);
INSERT INTO persona(idPersona,esEmpleado,esCliente,esProveedor,idSucursal,nombre,apellidoP,apellidoM,correo,telefono,estado,calle,municipio,numero,cp,rfc,edad,salario,antiguedad,nss,curp,noPuntos,esParrillero,esMesero,esCajero,esTortillero,esRepartidor,esTaquero,fechaIngreso)
  VALUES (5205137167,False,False,True,NULL,'Casar','Klimczak','Drejer','cdrejer69@goo.ne.jp','8854678433','Nuevo Leon','Stone Corner','Metapa',4841,'88780','BWWD194575FYD',NULL,NULL,NULL,NULL,NULL,NULL,False,False,False,False,False,False,NULL);
INSERT INTO persona(idPersona,esEmpleado,esCliente,esProveedor,idSucursal,nombre,apellidoP,apellidoM,correo,telefono,estado,calle,municipio,numero,cp,rfc,edad,salario,antiguedad,nss,curp,noPuntos,esParrillero,esMesero,esCajero,esTortillero,esRepartidor,esTaquero,fechaIngreso)
  VALUES (4587960249,True,False,False,27,'Jocko','MacFall','Padley','jpadley6a@furl.net','9729771420','Hidalgo','Londonderry','San Jos Lachiguiri',3501,'95380','AWZK173467SYU',45,36058.57,7,'6757471611',NULL,NULL,False,False,False,False,False,True,'2019-01-09');
INSERT INTO persona(idPersona,esEmpleado,esCliente,esProveedor,idSucursal,nombre,apellidoP,apellidoM,correo,telefono,estado,calle,municipio,numero,cp,rfc,edad,salario,antiguedad,nss,curp,noPuntos,esParrillero,esMesero,esCajero,esTortillero,esRepartidor,esTaquero,fechaIngreso)
  VALUES (4833689890,True,False,False,33,'Austin','Fairy','MacSkeagan','amacskeagan6b@ocn.ne.jp','9431188972','Ciudad de México','Nova','Coatzintla',92222,'56520','ITMV931382ENS',51,36429.37,30,'2684298111',NULL,NULL,False,False,True,False,False,False,'2019-11-12');
INSERT INTO persona(idPersona,esEmpleado,esCliente,esProveedor,idSucursal,nombre,apellidoP,apellidoM,correo,telefono,estado,calle,municipio,numero,cp,rfc,edad,salario,antiguedad,nss,curp,noPuntos,esParrillero,esMesero,esCajero,esTortillero,esRepartidor,esTaquero,fechaIngreso)
  VALUES (2870971128,False,False,True,NULL,'Maren','Gossington','Websdale','mwebsdale6c@woothemes.com','4883778603','Quintana Roo','Corscot','Cuyamecalco Villa de Zaragoza',81,'53210','YJIR468730ZCK',NULL,NULL,NULL,NULL,NULL,NULL,False,False,False,False,False,False,NULL);
INSERT INTO persona(idPersona,esEmpleado,esCliente,esProveedor,idSucursal,nombre,apellidoP,apellidoM,correo,telefono,estado,calle,municipio,numero,cp,rfc,edad,salario,antiguedad,nss,curp,noPuntos,esParrillero,esMesero,esCajero,esTortillero,esRepartidor,esTaquero,fechaIngreso)
  VALUES (7630311281,True,True,False,90,'Thorin','Euston','Yandell','tyandell6d@ca.gov','2747571570','Oaxaca','Jana','Otatitln',0,'3380','XEWU752177GUW',65,32262.4,40,'3372438786','VUTW901509DDJWCOEU',548,False,False,False,False,True,False,'2019-01-21');
INSERT INTO persona(idPersona,esEmpleado,esCliente,esProveedor,idSucursal,nombre,apellidoP,apellidoM,correo,telefono,estado,calle,municipio,numero,cp,rfc,edad,salario,antiguedad,nss,curp,noPuntos,esParrillero,esMesero,esCajero,esTortillero,esRepartidor,esTaquero,fechaIngreso)
  VALUES (9037132385,True,False,False,12,'Noreen','McLagan','Flay','nflay6e@sakura.ne.jp','9128767657','Zacatecas','1st','Santiago Tuxtla',702,'68760','PYYZ143926RWL',51,38767.2,10,'896199025',NULL,NULL,False,False,False,False,False,True,'2018-02-04');
INSERT INTO persona(idPersona,esEmpleado,esCliente,esProveedor,idSucursal,nombre,apellidoP,apellidoM,correo,telefono,estado,calle,municipio,numero,cp,rfc,edad,salario,antiguedad,nss,curp,noPuntos,esParrillero,esMesero,esCajero,esTortillero,esRepartidor,esTaquero,fechaIngreso)
  VALUES (4028269508,True,False,False,9,'Catlaina','Allenson','Fairfoul','cfairfoul6f@flickr.com','9074898021','Baja California Sur','Northfield','Nezahualcyotl',54,'65150','SEEX298442XHV',62,41197.85,35,'7788939880',NULL,NULL,False,False,False,False,False,True,'2021-08-12');
INSERT INTO persona(idPersona,esEmpleado,esCliente,esProveedor,idSucursal,nombre,apellidoP,apellidoM,correo,telefono,estado,calle,municipio,numero,cp,rfc,edad,salario,antiguedad,nss,curp,noPuntos,esParrillero,esMesero,esCajero,esTortillero,esRepartidor,esTaquero,fechaIngreso)
  VALUES (8254347204,False,True,False,NULL,'Gretel','Toplin','Huddle','ghuddle6g@indiegogo.com','5535742325','Aguascalientes','Gulseth','San Andrs Tenejapan',9,'50610','PIJD169177URO',NULL,NULL,NULL,NULL,'ANUV806176REBWGJEE',3782,False,False,False,False,False,False,NULL);
INSERT INTO persona(idPersona,esEmpleado,esCliente,esProveedor,idSucursal,nombre,apellidoP,apellidoM,correo,telefono,estado,calle,municipio,numero,cp,rfc,edad,salario,antiguedad,nss,curp,noPuntos,esParrillero,esMesero,esCajero,esTortillero,esRepartidor,esTaquero,fechaIngreso)
  VALUES (4597283771,False,False,True,NULL,'Claudio','Beet','Crame','ccrame6h@addtoany.com','837949636','Veracruz de Ignacio de la Llave','Rigney','San Juan Bautista Coixtlahuaca',7177,'84200','FIWE647880FMF',NULL,NULL,NULL,NULL,NULL,NULL,False,False,False,False,False,False,NULL);
INSERT INTO persona(idPersona,esEmpleado,esCliente,esProveedor,idSucursal,nombre,apellidoP,apellidoM,correo,telefono,estado,calle,municipio,numero,cp,rfc,edad,salario,antiguedad,nss,curp,noPuntos,esParrillero,esMesero,esCajero,esTortillero,esRepartidor,esTaquero,fechaIngreso)
  VALUES (8948853576,False,True,True,NULL,'Hussein','Egle of Germany','Sprade','hsprade6i@reuters.com','4474866906','Baja California Sur','Independence','Tequixquiac',9,'59940','JBVS079663RMJ',NULL,NULL,NULL,NULL,'YFTL798760WHYMVJZW',1968,False,False,False,False,False,False,NULL);
INSERT INTO persona(idPersona,esEmpleado,esCliente,esProveedor,idSucursal,nombre,apellidoP,apellidoM,correo,telefono,estado,calle,municipio,numero,cp,rfc,edad,salario,antiguedad,nss,curp,noPuntos,esParrillero,esMesero,esCajero,esTortillero,esRepartidor,esTaquero,fechaIngreso)
  VALUES (372242028,True,True,False,5,'Oralie','Giblett','Attenbrough','oattenbrough6j@smugmug.com','6899342751','Oaxaca','Montana','Santa Catarina Juquila',57,'65880','OGVF630763RUK',58,46559.58,18,'6739308632','ISVA420072FHBQMQNP',4154,False,False,False,False,False,True,'2022-05-27');
INSERT INTO persona(idPersona,esEmpleado,esCliente,esProveedor,idSucursal,nombre,apellidoP,apellidoM,correo,telefono,estado,calle,municipio,numero,cp,rfc,edad,salario,antiguedad,nss,curp,noPuntos,esParrillero,esMesero,esCajero,esTortillero,esRepartidor,esTaquero,fechaIngreso)
  VALUES (8102138693,False,False,True,NULL,'Johanna','Baumaier','Futty','jfutty6k@disqus.com','5098021389','Coahuila de Zaragoza','Dwight','Sahuaripa',7496,'55000','ZYYK672915DTT',NULL,NULL,NULL,NULL,NULL,NULL,False,False,False,False,False,False,NULL);
INSERT INTO persona(idPersona,esEmpleado,esCliente,esProveedor,idSucursal,nombre,apellidoP,apellidoM,correo,telefono,estado,calle,municipio,numero,cp,rfc,edad,salario,antiguedad,nss,curp,noPuntos,esParrillero,esMesero,esCajero,esTortillero,esRepartidor,esTaquero,fechaIngreso)
  VALUES (6540307150,True,False,False,90,'Elie','Janecki','Daveridge','edaveridge6l@google.com.br','9037560707','Chiapas','Blaine','La Pe',79381,'75320','AFVD157009HMT',51,1115.74,4,'9272721855',NULL,NULL,True,False,False,False,False,False,'2019-10-25');
INSERT INTO persona(idPersona,esEmpleado,esCliente,esProveedor,idSucursal,nombre,apellidoP,apellidoM,correo,telefono,estado,calle,municipio,numero,cp,rfc,edad,salario,antiguedad,nss,curp,noPuntos,esParrillero,esMesero,esCajero,esTortillero,esRepartidor,esTaquero,fechaIngreso)
  VALUES (7967170438,True,True,False,84,'Fallon','Matts','Coot','fcoot6m@cornell.edu','6631997036','Veracruz de Ignacio de la Llave','Homewood','Cuatro Cinegas',6194,'25160','NJUN710673ISP',67,3908.42,26,'9830788825','HWPE056195OQQMRFIS',601,False,False,False,False,False,True,'2018-06-19');
INSERT INTO persona(idPersona,esEmpleado,esCliente,esProveedor,idSucursal,nombre,apellidoP,apellidoM,correo,telefono,estado,calle,municipio,numero,cp,rfc,edad,salario,antiguedad,nss,curp,noPuntos,esParrillero,esMesero,esCajero,esTortillero,esRepartidor,esTaquero,fechaIngreso)
  VALUES (5359230600,False,True,False,NULL,'Carmen','Radborn','Ricarde','cricarde6n@globo.com','5562904810','Morelos','Autumn Leaf','Zitcuaro',8828,'93760','ELVX689142OOC',NULL,NULL,NULL,NULL,'VHCY256926XWCORBUC',214,False,False,False,False,False,False,NULL);
INSERT INTO persona(idPersona,esEmpleado,esCliente,esProveedor,idSucursal,nombre,apellidoP,apellidoM,correo,telefono,estado,calle,municipio,numero,cp,rfc,edad,salario,antiguedad,nss,curp,noPuntos,esParrillero,esMesero,esCajero,esTortillero,esRepartidor,esTaquero,fechaIngreso)
  VALUES (1240527778,False,False,True,NULL,'Angel','Kettridge','Sooper','asooper6o@amazon.co.jp','4728465235','Tamaulipas','Dawn','San Pablo Coatln',8,'31860','JWZN196322MZE',NULL,NULL,NULL,NULL,NULL,NULL,False,False,False,False,False,False,NULL);
INSERT INTO persona(idPersona,esEmpleado,esCliente,esProveedor,idSucursal,nombre,apellidoP,apellidoM,correo,telefono,estado,calle,municipio,numero,cp,rfc,edad,salario,antiguedad,nss,curp,noPuntos,esParrillero,esMesero,esCajero,esTortillero,esRepartidor,esTaquero,fechaIngreso)
  VALUES (5022587215,False,True,False,NULL,'Kaila','De Mattia','Nossent','knossent6p@weibo.com','7613098146','Sinaloa','Johnson','Santa Mara Yavesa',5,'33770','KMOI580522OQX',NULL,NULL,NULL,NULL,'LKVX406831APKUVIBD',4795,False,False,False,False,False,False,NULL);
INSERT INTO persona(idPersona,esEmpleado,esCliente,esProveedor,idSucursal,nombre,apellidoP,apellidoM,correo,telefono,estado,calle,municipio,numero,cp,rfc,edad,salario,antiguedad,nss,curp,noPuntos,esParrillero,esMesero,esCajero,esTortillero,esRepartidor,esTaquero,fechaIngreso)
  VALUES (4962996134,False,False,True,NULL,'Deane','Bisson','Maryott','dmaryott6q@ucla.edu','6804845688','Morelos','Village Green','Apan',516,'33790','SFCB828280KRE',NULL,NULL,NULL,NULL,NULL,NULL,False,False,False,False,False,False,NULL);
INSERT INTO persona(idPersona,esEmpleado,esCliente,esProveedor,idSucursal,nombre,apellidoP,apellidoM,correo,telefono,estado,calle,municipio,numero,cp,rfc,edad,salario,antiguedad,nss,curp,noPuntos,esParrillero,esMesero,esCajero,esTortillero,esRepartidor,esTaquero,fechaIngreso)
  VALUES (901851285,False,False,True,NULL,'Daile','de Tocqueville','Anselm','danselm6r@51.la','1481372518','Guanajuato','Dixon','Larrinzar',921,'23500','KCLH562398UEI',NULL,NULL,NULL,NULL,NULL,NULL,False,False,False,False,False,False,NULL);
INSERT INTO persona(idPersona,esEmpleado,esCliente,esProveedor,idSucursal,nombre,apellidoP,apellidoM,correo,telefono,estado,calle,municipio,numero,cp,rfc,edad,salario,antiguedad,nss,curp,noPuntos,esParrillero,esMesero,esCajero,esTortillero,esRepartidor,esTaquero,fechaIngreso)
  VALUES (4608088326,True,True,False,52,'Jillene','Halladay','Cregin','jcregin6s@edublogs.org','5308906830','Quintana Roo','Doe Crossing','Zongozotla',19,'38800','RYSW276453ZBQ',27,12757.86,16,'2615979005','SAFN581706CTILNKYZ',158,False,False,True,False,False,True,'2018-01-12');
INSERT INTO persona(idPersona,esEmpleado,esCliente,esProveedor,idSucursal,nombre,apellidoP,apellidoM,correo,telefono,estado,calle,municipio,numero,cp,rfc,edad,salario,antiguedad,nss,curp,noPuntos,esParrillero,esMesero,esCajero,esTortillero,esRepartidor,esTaquero,fechaIngreso)
  VALUES (7752320700,False,True,True,NULL,'Berk','Brahan','Olczak','bolczak6t@buzzfeed.com','3717579574','México','Lyons','Alfajayucan',56,'41740','GABO857231MAV',NULL,NULL,NULL,NULL,'TOCC923061CKZQCLOL',3010,False,False,False,False,False,False,NULL);
INSERT INTO persona(idPersona,esEmpleado,esCliente,esProveedor,idSucursal,nombre,apellidoP,apellidoM,correo,telefono,estado,calle,municipio,numero,cp,rfc,edad,salario,antiguedad,nss,curp,noPuntos,esParrillero,esMesero,esCajero,esTortillero,esRepartidor,esTaquero,fechaIngreso)
  VALUES (5273476102,False,False,True,NULL,'Jourdain','Danaher','Draycott','jdraycott6u@sfgate.com','9106525014','Sonora','Everett','San Esteban Atatlahuca',74013,'97580','CLMQ350094KBD',NULL,NULL,NULL,NULL,NULL,NULL,False,False,False,False,False,False,NULL);
INSERT INTO persona(idPersona,esEmpleado,esCliente,esProveedor,idSucursal,nombre,apellidoP,apellidoM,correo,telefono,estado,calle,municipio,numero,cp,rfc,edad,salario,antiguedad,nss,curp,noPuntos,esParrillero,esMesero,esCajero,esTortillero,esRepartidor,esTaquero,fechaIngreso)
  VALUES (5432966591,True,True,False,20,'David','Barthel','Thurlbeck','dthurlbeck6v@oakley.com','8860475353','Sinaloa','Transport','San Pedro Cajonos',2219,'77370','QGOM137883HKN',34,19476.72,36,'9564908216','ZGBJ386239UICDMGHA',1992,False,False,False,False,True,True,'2021-09-17');
INSERT INTO persona(idPersona,esEmpleado,esCliente,esProveedor,idSucursal,nombre,apellidoP,apellidoM,correo,telefono,estado,calle,municipio,numero,cp,rfc,edad,salario,antiguedad,nss,curp,noPuntos,esParrillero,esMesero,esCajero,esTortillero,esRepartidor,esTaquero,fechaIngreso)
  VALUES (9166327661,False,True,True,NULL,'Jo-anne','Clail','Mollindinia','jmollindinia6w@tamu.edu','5823953820','México','Monument','Cadereyta de Montes',1,'80580','MJGD998319LIE',NULL,NULL,NULL,NULL,'WPDV830397PVQJQYYW',3454,False,False,False,False,False,False,NULL);
INSERT INTO persona(idPersona,esEmpleado,esCliente,esProveedor,idSucursal,nombre,apellidoP,apellidoM,correo,telefono,estado,calle,municipio,numero,cp,rfc,edad,salario,antiguedad,nss,curp,noPuntos,esParrillero,esMesero,esCajero,esTortillero,esRepartidor,esTaquero,fechaIngreso)
  VALUES (2793845123,True,False,False,65,'Lindsy','Sallings','Cicci','lcicci6x@auda.org.au','1020654939','Queretaro','Haas','Tlaxcoapan',98434,'90520','XCMO869056EQG',49,5766.87,18,'2694936552',NULL,NULL,False,False,False,False,True,True,'2022-04-08');
INSERT INTO persona(idPersona,esEmpleado,esCliente,esProveedor,idSucursal,nombre,apellidoP,apellidoM,correo,telefono,estado,calle,municipio,numero,cp,rfc,edad,salario,antiguedad,nss,curp,noPuntos,esParrillero,esMesero,esCajero,esTortillero,esRepartidor,esTaquero,fechaIngreso)
  VALUES (1755641966,True,False,False,30,'Merle','Druhan','Cattermull','mcattermull6y@symantec.com','9842124018','Baja California Sur','Doe Crossing','Maguarichi',33,'84920','BSJB459796DBO',19,17886.93,6,'510260748',NULL,NULL,False,False,False,False,True,False,'2018-07-22');
INSERT INTO persona(idPersona,esEmpleado,esCliente,esProveedor,idSucursal,nombre,apellidoP,apellidoM,correo,telefono,estado,calle,municipio,numero,cp,rfc,edad,salario,antiguedad,nss,curp,noPuntos,esParrillero,esMesero,esCajero,esTortillero,esRepartidor,esTaquero,fechaIngreso)
  VALUES (5059035924,True,False,False,4,'Garvy','Coventon','Cecil','gcecil6z@jimdo.com','9283070609','Queretaro','Northland','Maltrata',984,'950','BHWZ192839ZWG',38,10116.42,37,'2044284551',NULL,NULL,False,False,False,False,False,True,'2019-12-13');
INSERT INTO persona(idPersona,esEmpleado,esCliente,esProveedor,idSucursal,nombre,apellidoP,apellidoM,correo,telefono,estado,calle,municipio,numero,cp,rfc,edad,salario,antiguedad,nss,curp,noPuntos,esParrillero,esMesero,esCajero,esTortillero,esRepartidor,esTaquero,fechaIngreso)
  VALUES (8333833967,False,False,True,NULL,'Kaleena','Pendre','Strutt','kstrutt70@businesswire.com','2441457931','Puebla','Village','Atizapn',4,'8280','FKVM944994UBQ',NULL,NULL,NULL,NULL,NULL,NULL,False,False,False,False,False,False,NULL);
INSERT INTO persona(idPersona,esEmpleado,esCliente,esProveedor,idSucursal,nombre,apellidoP,apellidoM,correo,telefono,estado,calle,municipio,numero,cp,rfc,edad,salario,antiguedad,nss,curp,noPuntos,esParrillero,esMesero,esCajero,esTortillero,esRepartidor,esTaquero,fechaIngreso)
  VALUES (9660116645,False,False,True,NULL,'Maible','Rosie','Izat','mizat71@unc.edu','1074327804','Chihuahua','Dorton','La Paz',877,'8290','UOLX078467PUY',NULL,NULL,NULL,NULL,NULL,NULL,False,False,False,False,False,False,NULL);
INSERT INTO persona(idPersona,esEmpleado,esCliente,esProveedor,idSucursal,nombre,apellidoP,apellidoM,correo,telefono,estado,calle,municipio,numero,cp,rfc,edad,salario,antiguedad,nss,curp,noPuntos,esParrillero,esMesero,esCajero,esTortillero,esRepartidor,esTaquero,fechaIngreso)
  VALUES (9885879646,False,True,False,NULL,'Perle','Fielders','Windows','pwindows72@yellowpages.com','9082082830','Hidalgo','Jay','Santa Mara Quiegolani',72385,'9810','UDJF106974RJR',NULL,NULL,NULL,NULL,'CVNT159303ZMSMMQWC',1281,False,False,False,False,False,False,NULL);
INSERT INTO persona(idPersona,esEmpleado,esCliente,esProveedor,idSucursal,nombre,apellidoP,apellidoM,correo,telefono,estado,calle,municipio,numero,cp,rfc,edad,salario,antiguedad,nss,curp,noPuntos,esParrillero,esMesero,esCajero,esTortillero,esRepartidor,esTaquero,fechaIngreso)
  VALUES (4584325207,False,True,False,NULL,'Shell','Griffith','Ector','sector73@infoseek.co.jp','8391128128','Baja California','2nd','Reynosa',7,'62290','AKOT017433PCV',NULL,NULL,NULL,NULL,'GPGK339898SDHMOYGF',295,False,False,False,False,False,False,NULL);
INSERT INTO persona(idPersona,esEmpleado,esCliente,esProveedor,idSucursal,nombre,apellidoP,apellidoM,correo,telefono,estado,calle,municipio,numero,cp,rfc,edad,salario,antiguedad,nss,curp,noPuntos,esParrillero,esMesero,esCajero,esTortillero,esRepartidor,esTaquero,fechaIngreso)
  VALUES (5041652122,True,False,False,23,'Wells','Guiden','Perrat','wperrat74@sourceforge.net','2902847271','México','Tennessee','La Yesca',9,'23620','ZPOZ439761EOI',23,35270.23,12,'5981419401',NULL,NULL,False,False,False,False,True,False,'2022-05-27');
INSERT INTO persona(idPersona,esEmpleado,esCliente,esProveedor,idSucursal,nombre,apellidoP,apellidoM,correo,telefono,estado,calle,municipio,numero,cp,rfc,edad,salario,antiguedad,nss,curp,noPuntos,esParrillero,esMesero,esCajero,esTortillero,esRepartidor,esTaquero,fechaIngreso)
  VALUES (6080384331,True,False,False,50,'Kerwinn','Dinsmore','Denerley','kdenerley75@icio.us','1694037899','Coahuila de Zaragoza','Jana','Fronteras',9998,'39430','UHWB303258PRT',36,22661.94,20,'7333620364',NULL,NULL,False,False,False,False,True,True,'2020-03-28');
INSERT INTO persona(idPersona,esEmpleado,esCliente,esProveedor,idSucursal,nombre,apellidoP,apellidoM,correo,telefono,estado,calle,municipio,numero,cp,rfc,edad,salario,antiguedad,nss,curp,noPuntos,esParrillero,esMesero,esCajero,esTortillero,esRepartidor,esTaquero,fechaIngreso)
  VALUES (1024625709,False,True,True,NULL,'Darb','Matzel','Mc Caughen','dmccaughen76@newyorker.com','5723198911','Colima','Kenwood','Tlapacoya',11520,'2260','VQXJ496515EFL',NULL,NULL,NULL,NULL,'PTNQ695788YTDXSSVV',1019,False,False,False,False,False,False,NULL);
INSERT INTO persona(idPersona,esEmpleado,esCliente,esProveedor,idSucursal,nombre,apellidoP,apellidoM,correo,telefono,estado,calle,municipio,numero,cp,rfc,edad,salario,antiguedad,nss,curp,noPuntos,esParrillero,esMesero,esCajero,esTortillero,esRepartidor,esTaquero,fechaIngreso)
  VALUES (9726477224,False,False,True,NULL,'Clari','Fittes','Petasch','cpetasch77@merriam-webster.com','398700242','Jalisco','Hayes','Telchac Puerto',8972,'200','ZSAO513628XVU',NULL,NULL,NULL,NULL,NULL,NULL,False,False,False,False,False,False,NULL);
INSERT INTO persona(idPersona,esEmpleado,esCliente,esProveedor,idSucursal,nombre,apellidoP,apellidoM,correo,telefono,estado,calle,municipio,numero,cp,rfc,edad,salario,antiguedad,nss,curp,noPuntos,esParrillero,esMesero,esCajero,esTortillero,esRepartidor,esTaquero,fechaIngreso)
  VALUES (1887443984,True,True,False,97,'Guenevere','Bracknall','Oliveti','goliveti78@japanpost.jp','4924085618','Coahuila de Zaragoza','Steensland','Santa Mara de la Paz',89,'3400','VBZL025861KDI',58,40537.63,12,'3707020241','OJWN520341DCJEBRYF',4075,False,False,True,False,False,False,'2021-09-07');
INSERT INTO persona(idPersona,esEmpleado,esCliente,esProveedor,idSucursal,nombre,apellidoP,apellidoM,correo,telefono,estado,calle,municipio,numero,cp,rfc,edad,salario,antiguedad,nss,curp,noPuntos,esParrillero,esMesero,esCajero,esTortillero,esRepartidor,esTaquero,fechaIngreso)
  VALUES (4863897175,True,False,False,74,'Reagen','Halburton','Ivory','rivory79@china.com.cn','9998290643','Colima','Mandrake','Ayutla de los Libres',6,'49000','CJOV437549NLO',59,33864.32,20,'6936782440',NULL,NULL,False,False,False,False,True,True,'2021-05-06');
INSERT INTO persona(idPersona,esEmpleado,esCliente,esProveedor,idSucursal,nombre,apellidoP,apellidoM,correo,telefono,estado,calle,municipio,numero,cp,rfc,edad,salario,antiguedad,nss,curp,noPuntos,esParrillero,esMesero,esCajero,esTortillero,esRepartidor,esTaquero,fechaIngreso)
  VALUES (1919461831,False,True,True,NULL,'Roderich','Feehely','Cardow','rcardow7a@bizjournals.com','8729182806','Morelos','Forster','Ciudad Ixtepec',4,'21100','RUGX228097SLK',NULL,NULL,NULL,NULL,'NVKL079337WSQUHUDK',4097,False,False,False,False,False,False,NULL);
INSERT INTO persona(idPersona,esEmpleado,esCliente,esProveedor,idSucursal,nombre,apellidoP,apellidoM,correo,telefono,estado,calle,municipio,numero,cp,rfc,edad,salario,antiguedad,nss,curp,noPuntos,esParrillero,esMesero,esCajero,esTortillero,esRepartidor,esTaquero,fechaIngreso)
  VALUES (4960946850,True,True,False,19,'Blithe','Audenis','Wherrett','bwherrett7b@cnn.com','6103187287','Jalisco','Annamark','Tulum',3799,'1460','XMIU259612NUK',57,26794.81,33,'481247543','EFIB976360FJBMADAS',198,False,False,True,False,False,True,'2019-12-29');
INSERT INTO persona(idPersona,esEmpleado,esCliente,esProveedor,idSucursal,nombre,apellidoP,apellidoM,correo,telefono,estado,calle,municipio,numero,cp,rfc,edad,salario,antiguedad,nss,curp,noPuntos,esParrillero,esMesero,esCajero,esTortillero,esRepartidor,esTaquero,fechaIngreso)
  VALUES (4178966481,False,False,True,NULL,'Fax','McGee','Luquet','fluquet7c@1und1.de','4934503446','Morelos','Ludington','La Huerta',2502,'98130','ADFT295927KZB',NULL,NULL,NULL,NULL,NULL,NULL,False,False,False,False,False,False,NULL);
INSERT INTO persona(idPersona,esEmpleado,esCliente,esProveedor,idSucursal,nombre,apellidoP,apellidoM,correo,telefono,estado,calle,municipio,numero,cp,rfc,edad,salario,antiguedad,nss,curp,noPuntos,esParrillero,esMesero,esCajero,esTortillero,esRepartidor,esTaquero,fechaIngreso)
  VALUES (9147665522,True,True,False,60,'Currie','Pollett','Doubrava','cdoubrava7d@nps.gov','2847027470','Campeche','Tony','San Cristbal Lachirioag',50,'15710','BAQL410705DDC',61,49906.01,20,'8409336288','UHZW691755DAWPHYGI',1519,True,False,False,False,False,True,'2022-01-20');
INSERT INTO persona(idPersona,esEmpleado,esCliente,esProveedor,idSucursal,nombre,apellidoP,apellidoM,correo,telefono,estado,calle,municipio,numero,cp,rfc,edad,salario,antiguedad,nss,curp,noPuntos,esParrillero,esMesero,esCajero,esTortillero,esRepartidor,esTaquero,fechaIngreso)
  VALUES (2555363907,False,False,True,NULL,'Harlen','Kleinholz','Purcell','hpurcell7e@exblog.jp','904179488','Michoacán','Carioca','Tequisquiapan',7922,'24990','FCSN689622WPT',NULL,NULL,NULL,NULL,NULL,NULL,False,False,False,False,False,False,NULL);
INSERT INTO persona(idPersona,esEmpleado,esCliente,esProveedor,idSucursal,nombre,apellidoP,apellidoM,correo,telefono,estado,calle,municipio,numero,cp,rfc,edad,salario,antiguedad,nss,curp,noPuntos,esParrillero,esMesero,esCajero,esTortillero,esRepartidor,esTaquero,fechaIngreso)
  VALUES (7220589655,True,False,False,94,'Aurelia','Maas','Francais','afrancais7f@slate.com','2657714580','Durango','Carioca','Zacualpan de Amilpas',64,'94630','SAXU804589USU',22,30567.55,29,'7288195151',NULL,NULL,False,False,False,False,True,False,'2021-09-21');
INSERT INTO persona(idPersona,esEmpleado,esCliente,esProveedor,idSucursal,nombre,apellidoP,apellidoM,correo,telefono,estado,calle,municipio,numero,cp,rfc,edad,salario,antiguedad,nss,curp,noPuntos,esParrillero,esMesero,esCajero,esTortillero,esRepartidor,esTaquero,fechaIngreso)
  VALUES (7200919204,True,False,False,61,'Bert','Rantoul','Goldsmith','bgoldsmith7g@skype.com','1351745585','Hidalgo','Westend','General Francisco R. Murgua',9060,'9390','VTRL152897FVO',19,20341.83,36,'8428128149',NULL,NULL,False,False,False,False,False,True,'2021-09-04');
INSERT INTO persona(idPersona,esEmpleado,esCliente,esProveedor,idSucursal,nombre,apellidoP,apellidoM,correo,telefono,estado,calle,municipio,numero,cp,rfc,edad,salario,antiguedad,nss,curp,noPuntos,esParrillero,esMesero,esCajero,esTortillero,esRepartidor,esTaquero,fechaIngreso)
  VALUES (59055071,False,True,False,NULL,'Fiorenze','Chaves','Eliff','feliff7h@slideshare.net','8274852290','Michoacán','Gina','Reforma de Pineda',331,'29060','BWIP083943MEY',NULL,NULL,NULL,NULL,'FYOS743547PVWOJHXD',4015,False,False,False,False,False,False,NULL);
INSERT INTO persona(idPersona,esEmpleado,esCliente,esProveedor,idSucursal,nombre,apellidoP,apellidoM,correo,telefono,estado,calle,municipio,numero,cp,rfc,edad,salario,antiguedad,nss,curp,noPuntos,esParrillero,esMesero,esCajero,esTortillero,esRepartidor,esTaquero,fechaIngreso)
  VALUES (9927443485,True,False,False,44,'Giraud','MacIlory','Brahms','gbrahms7i@xing.com','884605753','Zacatecas','Haas','San Pedro Tapanatepec',3329,'17070','PHJF359206OZH',36,20059.18,14,'1786977331',NULL,NULL,False,True,False,False,False,True,'2019-03-23');
INSERT INTO persona(idPersona,esEmpleado,esCliente,esProveedor,idSucursal,nombre,apellidoP,apellidoM,correo,telefono,estado,calle,municipio,numero,cp,rfc,edad,salario,antiguedad,nss,curp,noPuntos,esParrillero,esMesero,esCajero,esTortillero,esRepartidor,esTaquero,fechaIngreso)
  VALUES (4051697412,True,False,False,60,'Kennie','Lightbown','Vedikhov','kvedikhov7j@furl.net','6065228705','Baja California','Golf View','Anhuac',60,'15540','KOPB659231SVT',29,48686.24,25,'5316836152',NULL,NULL,False,False,False,True,False,False,'2019-11-15');
INSERT INTO persona(idPersona,esEmpleado,esCliente,esProveedor,idSucursal,nombre,apellidoP,apellidoM,correo,telefono,estado,calle,municipio,numero,cp,rfc,edad,salario,antiguedad,nss,curp,noPuntos,esParrillero,esMesero,esCajero,esTortillero,esRepartidor,esTaquero,fechaIngreso)
  VALUES (9937506562,True,True,False,3,'Salem','Saward','Shanks','sshanks7k@printfriendly.com','2458490938','Queretaro','Shoshone','Santiago Comaltepec',80,'59760','KENQ593325HKW',49,6061.13,31,'4128435598','CVJL706636TIMIGXEQ',3085,False,False,True,False,False,True,'2019-04-07');
INSERT INTO persona(idPersona,esEmpleado,esCliente,esProveedor,idSucursal,nombre,apellidoP,apellidoM,correo,telefono,estado,calle,municipio,numero,cp,rfc,edad,salario,antiguedad,nss,curp,noPuntos,esParrillero,esMesero,esCajero,esTortillero,esRepartidor,esTaquero,fechaIngreso)
  VALUES (367730965,True,True,False,72,'Hollis','Shepcutt','Dikes','hdikes7l@comcast.net','5437032290','Nuevo Leon','Walton','Villagrn',61,'63970','XRQK736526RTL',32,39583.36,10,'8096420741','DFYM810107TNGUDTOY',1877,True,False,False,False,False,True,'2020-09-10');
INSERT INTO persona(idPersona,esEmpleado,esCliente,esProveedor,idSucursal,nombre,apellidoP,apellidoM,correo,telefono,estado,calle,municipio,numero,cp,rfc,edad,salario,antiguedad,nss,curp,noPuntos,esParrillero,esMesero,esCajero,esTortillero,esRepartidor,esTaquero,fechaIngreso)
  VALUES (9262911228,False,False,True,NULL,'Karin','Strut','Braganca','kbraganca7m@usatoday.com','1035048300','Morelos','Mosinee','Tenancingo',50,'88020','YHVC442654YPB',NULL,NULL,NULL,NULL,NULL,NULL,False,False,False,False,False,False,NULL);
INSERT INTO persona(idPersona,esEmpleado,esCliente,esProveedor,idSucursal,nombre,apellidoP,apellidoM,correo,telefono,estado,calle,municipio,numero,cp,rfc,edad,salario,antiguedad,nss,curp,noPuntos,esParrillero,esMesero,esCajero,esTortillero,esRepartidor,esTaquero,fechaIngreso)
  VALUES (7332536809,True,False,False,72,'Waldon','Dobsons','Moral','wmoral7n@jimdo.com','6422965478','Baja California Sur','Huxley','Tequila',2,'81240','FLKY629192ZEL',31,26506.64,14,'2083915571',NULL,NULL,False,False,False,False,False,True,'2018-07-07');
INSERT INTO persona(idPersona,esEmpleado,esCliente,esProveedor,idSucursal,nombre,apellidoP,apellidoM,correo,telefono,estado,calle,municipio,numero,cp,rfc,edad,salario,antiguedad,nss,curp,noPuntos,esParrillero,esMesero,esCajero,esTortillero,esRepartidor,esTaquero,fechaIngreso)
  VALUES (8893806592,True,False,False,27,'Norrie','Reffe','Blencowe','nblencowe7o@google.ru','3836317759','Baja California','West','Tancoco',4152,'70760','VRVA315274FDS',61,2268.22,22,'9438127859',NULL,NULL,False,False,False,True,False,True,'2018-12-18');
INSERT INTO persona(idPersona,esEmpleado,esCliente,esProveedor,idSucursal,nombre,apellidoP,apellidoM,correo,telefono,estado,calle,municipio,numero,cp,rfc,edad,salario,antiguedad,nss,curp,noPuntos,esParrillero,esMesero,esCajero,esTortillero,esRepartidor,esTaquero,fechaIngreso)
  VALUES (4466047455,True,True,False,89,'Dacie','Jerrand','Medgwick','dmedgwick7p@foxnews.com','3293812024','Colima','Express','San Juan del Ro',91282,'19750','IFYP049715GXL',27,9776.39,36,'6010384490','HHZV651084NKOUBFOH',1919,False,False,False,False,False,True,'2022-03-07');
INSERT INTO persona(idPersona,esEmpleado,esCliente,esProveedor,idSucursal,nombre,apellidoP,apellidoM,correo,telefono,estado,calle,municipio,numero,cp,rfc,edad,salario,antiguedad,nss,curp,noPuntos,esParrillero,esMesero,esCajero,esTortillero,esRepartidor,esTaquero,fechaIngreso)
  VALUES (3754345212,True,True,False,59,'Lesya','Geeves','Hehl','lhehl7q@omniture.com','5784963990','Chihuahua','Blue Bill Park','Arteaga',8,'57640','GDAB372631OKG',42,17518.6,6,'4167524294','TENY803562VOFSCMYP',3037,False,True,False,False,False,False,'2020-11-29');
INSERT INTO persona(idPersona,esEmpleado,esCliente,esProveedor,idSucursal,nombre,apellidoP,apellidoM,correo,telefono,estado,calle,municipio,numero,cp,rfc,edad,salario,antiguedad,nss,curp,noPuntos,esParrillero,esMesero,esCajero,esTortillero,esRepartidor,esTaquero,fechaIngreso)
  VALUES (5663511574,False,False,True,NULL,'Ekaterina','Jann','Passie','epassie7r@cdc.gov','8070678927','Guerrero','Loomis','Tlacotalpan',272,'90290','TRTS988060XDA',NULL,NULL,NULL,NULL,NULL,NULL,False,False,False,False,False,False,NULL);
INSERT INTO persona(idPersona,esEmpleado,esCliente,esProveedor,idSucursal,nombre,apellidoP,apellidoM,correo,telefono,estado,calle,municipio,numero,cp,rfc,edad,salario,antiguedad,nss,curp,noPuntos,esParrillero,esMesero,esCajero,esTortillero,esRepartidor,esTaquero,fechaIngreso)
  VALUES (4678680465,False,False,True,NULL,'Vinita','Crolly','Tims','vtims7s@about.me','8824399955','Quintana Roo','Lighthouse Bay','Magdalena Apasco',7,'11030','SFSX514980ENY',NULL,NULL,NULL,NULL,NULL,NULL,False,False,False,False,False,False,NULL);
INSERT INTO persona(idPersona,esEmpleado,esCliente,esProveedor,idSucursal,nombre,apellidoP,apellidoM,correo,telefono,estado,calle,municipio,numero,cp,rfc,edad,salario,antiguedad,nss,curp,noPuntos,esParrillero,esMesero,esCajero,esTortillero,esRepartidor,esTaquero,fechaIngreso)
  VALUES (4322605480,True,True,False,66,'Rivalee','Pellamonuten','Marcombe','rmarcombe7t@japanpost.jp','4986380798','Campeche','Melody','Sanahcat',5794,'83400','AUJN251822LQC',34,32088.97,29,'2265677998','RWJY048904WIRWMDPF',4336,False,False,False,False,False,True,'2019-08-23');
INSERT INTO persona(idPersona,esEmpleado,esCliente,esProveedor,idSucursal,nombre,apellidoP,apellidoM,correo,telefono,estado,calle,municipio,numero,cp,rfc,edad,salario,antiguedad,nss,curp,noPuntos,esParrillero,esMesero,esCajero,esTortillero,esRepartidor,esTaquero,fechaIngreso)
  VALUES (8494015849,True,True,False,45,'Halie','Pickervance','Poutress','hpoutress7u@amazon.com','2988023686','Guerrero','Orin','Bella Vista',97224,'38770','MULR665605FWK',26,21748.03,21,'5472753547','NZWT698431UMKGQBCZ',3590,False,False,False,True,False,False,'2018-02-08');
INSERT INTO persona(idPersona,esEmpleado,esCliente,esProveedor,idSucursal,nombre,apellidoP,apellidoM,correo,telefono,estado,calle,municipio,numero,cp,rfc,edad,salario,antiguedad,nss,curp,noPuntos,esParrillero,esMesero,esCajero,esTortillero,esRepartidor,esTaquero,fechaIngreso)
  VALUES (4675768550,True,True,False,83,'Starlene','Scourge','Schimke','sschimke7v@discuz.net','4277392668','Nuevo Leon','Hanson','Tenamaxtln',68,'23460','MSMG989435WTK',28,28875.26,6,'2915626788','OJKS280289JIJEZFNA',2163,False,False,True,False,False,False,'2019-12-17');
INSERT INTO persona(idPersona,esEmpleado,esCliente,esProveedor,idSucursal,nombre,apellidoP,apellidoM,correo,telefono,estado,calle,municipio,numero,cp,rfc,edad,salario,antiguedad,nss,curp,noPuntos,esParrillero,esMesero,esCajero,esTortillero,esRepartidor,esTaquero,fechaIngreso)
  VALUES (7445195339,True,True,False,78,'Chen','Furnival','Gaisford','cgaisford7w@cpanel.net','2488428466','Hidalgo','Hauk','Ocampo',3,'99230','SNBM007733CEH',69,31739.47,9,'807159335','OEVT870316MNNURHIR',2001,False,True,False,False,False,True,'2019-07-15');
INSERT INTO persona(idPersona,esEmpleado,esCliente,esProveedor,idSucursal,nombre,apellidoP,apellidoM,correo,telefono,estado,calle,municipio,numero,cp,rfc,edad,salario,antiguedad,nss,curp,noPuntos,esParrillero,esMesero,esCajero,esTortillero,esRepartidor,esTaquero,fechaIngreso)
  VALUES (5417222255,False,False,True,NULL,'Dewie','McClenaghan','Glaister','dglaister7x@marketwatch.com','9064214860','Guerrero','Duke','Frontera Comalapa',68,'19820','IQAQ596433PEE',NULL,NULL,NULL,NULL,NULL,NULL,False,False,False,False,False,False,NULL);
INSERT INTO persona(idPersona,esEmpleado,esCliente,esProveedor,idSucursal,nombre,apellidoP,apellidoM,correo,telefono,estado,calle,municipio,numero,cp,rfc,edad,salario,antiguedad,nss,curp,noPuntos,esParrillero,esMesero,esCajero,esTortillero,esRepartidor,esTaquero,fechaIngreso)
  VALUES (1181873554,False,True,True,NULL,'Yelena','Pressland','Tebbe','ytebbe7y@shutterfly.com','5905892542','Nayarit','Valley Edge','El Oro',3715,'18520','DJHG372883QBJ',NULL,NULL,NULL,NULL,'WEME291576UYTZAPVR',3623,False,False,False,False,False,False,NULL);
INSERT INTO persona(idPersona,esEmpleado,esCliente,esProveedor,idSucursal,nombre,apellidoP,apellidoM,correo,telefono,estado,calle,municipio,numero,cp,rfc,edad,salario,antiguedad,nss,curp,noPuntos,esParrillero,esMesero,esCajero,esTortillero,esRepartidor,esTaquero,fechaIngreso)
  VALUES (1512269663,False,True,True,NULL,'Carlye','Helks','Jikylls','cjikylls7z@nymag.com','4700080664','Puebla','Crest Line','San Antonino el Alto',188,'47390','FEST007810THL',NULL,NULL,NULL,NULL,'SUFD770184SRAXKUEJ',4140,False,False,False,False,False,False,NULL);
INSERT INTO persona(idPersona,esEmpleado,esCliente,esProveedor,idSucursal,nombre,apellidoP,apellidoM,correo,telefono,estado,calle,municipio,numero,cp,rfc,edad,salario,antiguedad,nss,curp,noPuntos,esParrillero,esMesero,esCajero,esTortillero,esRepartidor,esTaquero,fechaIngreso)
  VALUES (828926605,False,True,True,NULL,'Lorrie','Ivanaev','Arnaudin','larnaudin80@usnews.com','6758568160','Ciudad de México','Golf View','Churintzio',21977,'56360','OTCA734181FNE',NULL,NULL,NULL,NULL,'JUUD506485LEVCGBWG',4325,False,False,False,False,False,False,NULL);
INSERT INTO persona(idPersona,esEmpleado,esCliente,esProveedor,idSucursal,nombre,apellidoP,apellidoM,correo,telefono,estado,calle,municipio,numero,cp,rfc,edad,salario,antiguedad,nss,curp,noPuntos,esParrillero,esMesero,esCajero,esTortillero,esRepartidor,esTaquero,fechaIngreso)
  VALUES (1360039078,False,True,True,NULL,'Lorrie','Reddish','Kindle','lkindle81@narod.ru','3373656233','Baja California','Namekagon','Xochimilco',73,'82780','MMVD818605MMC',NULL,NULL,NULL,NULL,'DRQZ171707JHECZOIC',3479,False,False,False,False,False,False,NULL);
INSERT INTO persona(idPersona,esEmpleado,esCliente,esProveedor,idSucursal,nombre,apellidoP,apellidoM,correo,telefono,estado,calle,municipio,numero,cp,rfc,edad,salario,antiguedad,nss,curp,noPuntos,esParrillero,esMesero,esCajero,esTortillero,esRepartidor,esTaquero,fechaIngreso)
  VALUES (4153370542,True,True,False,42,'Doralynne','Finnis','Smead','dsmead82@mac.com','4927706188','Yucatan','Grover','Tonal',397,'14740','OFHQ210380BEK',64,45611.65,4,'2473585393','BVVV468143PVRWIJDS',1051,False,False,False,True,False,False,'2021-02-26');
INSERT INTO persona(idPersona,esEmpleado,esCliente,esProveedor,idSucursal,nombre,apellidoP,apellidoM,correo,telefono,estado,calle,municipio,numero,cp,rfc,edad,salario,antiguedad,nss,curp,noPuntos,esParrillero,esMesero,esCajero,esTortillero,esRepartidor,esTaquero,fechaIngreso)
  VALUES (5647567179,True,False,False,56,'Todd','Lesslie','Bowich','tbowich83@businesswire.com','8480230530','Veracruz de Ignacio de la Llave','Mosinee','Coneto de Comonfort',6010,'2760','DOII676823ACW',37,39478.93,38,'3317022114',NULL,NULL,False,True,False,False,False,True,'2021-11-20');
INSERT INTO persona(idPersona,esEmpleado,esCliente,esProveedor,idSucursal,nombre,apellidoP,apellidoM,correo,telefono,estado,calle,municipio,numero,cp,rfc,edad,salario,antiguedad,nss,curp,noPuntos,esParrillero,esMesero,esCajero,esTortillero,esRepartidor,esTaquero,fechaIngreso)
  VALUES (9877760491,False,False,True,NULL,'Rachele','Berzins','Cunniff','rcunniff84@theglobeandmail.com','8110410357','Puebla','Buell','Tepechitln',16,'57330','ADQI779259DEQ',NULL,NULL,NULL,NULL,NULL,NULL,False,False,False,False,False,False,NULL);
INSERT INTO persona(idPersona,esEmpleado,esCliente,esProveedor,idSucursal,nombre,apellidoP,apellidoM,correo,telefono,estado,calle,municipio,numero,cp,rfc,edad,salario,antiguedad,nss,curp,noPuntos,esParrillero,esMesero,esCajero,esTortillero,esRepartidor,esTaquero,fechaIngreso)
  VALUES (4824390409,True,False,False,61,'Maurits','Mathes','Ossulton','mossulton85@earthlink.net','9623723259','Veracruz de Ignacio de la Llave','Gulseth','Zapotitln Lagunas',3,'14590','MMZF368968FEL',62,8771.43,36,'9120441238',NULL,NULL,False,True,False,False,False,True,'2021-08-02');
INSERT INTO persona(idPersona,esEmpleado,esCliente,esProveedor,idSucursal,nombre,apellidoP,apellidoM,correo,telefono,estado,calle,municipio,numero,cp,rfc,edad,salario,antiguedad,nss,curp,noPuntos,esParrillero,esMesero,esCajero,esTortillero,esRepartidor,esTaquero,fechaIngreso)
  VALUES (6209648644,False,False,True,NULL,'Roseanna','Lalonde','McFfaden','rmcffaden86@craigslist.org','4741886624','Coahuila de Zaragoza','Roth','Zoquitln',94997,'87560','JDTC303525MNB',NULL,NULL,NULL,NULL,NULL,NULL,False,False,False,False,False,False,NULL);
INSERT INTO persona(idPersona,esEmpleado,esCliente,esProveedor,idSucursal,nombre,apellidoP,apellidoM,correo,telefono,estado,calle,municipio,numero,cp,rfc,edad,salario,antiguedad,nss,curp,noPuntos,esParrillero,esMesero,esCajero,esTortillero,esRepartidor,esTaquero,fechaIngreso)
  VALUES (7101829993,True,True,False,38,'Genevieve','Odd','Hadenton','ghadenton87@irs.gov','4072418241','Chiapas','Kensington','San Bernardo',1878,'42210','RHCK132615FMH',38,48176.89,34,'9781996115','TKDD559470TUHKDRUM',4107,False,False,False,False,True,False,'2018-06-23');
INSERT INTO persona(idPersona,esEmpleado,esCliente,esProveedor,idSucursal,nombre,apellidoP,apellidoM,correo,telefono,estado,calle,municipio,numero,cp,rfc,edad,salario,antiguedad,nss,curp,noPuntos,esParrillero,esMesero,esCajero,esTortillero,esRepartidor,esTaquero,fechaIngreso)
  VALUES (9940256031,True,True,False,24,'Celinka','Coupe','Mariaud','cmariaud88@nationalgeographic.com','1134881981','México','Tennyson','San Pedro Teutila',4,'6750','AWBL853794UEY',56,30193.89,24,'1905017013','NXRU695422RDNDLIJX',3883,False,False,False,False,True,False,'2019-05-14');
INSERT INTO persona(idPersona,esEmpleado,esCliente,esProveedor,idSucursal,nombre,apellidoP,apellidoM,correo,telefono,estado,calle,municipio,numero,cp,rfc,edad,salario,antiguedad,nss,curp,noPuntos,esParrillero,esMesero,esCajero,esTortillero,esRepartidor,esTaquero,fechaIngreso)
  VALUES (9685599476,True,False,False,50,'Stacee','Pesik','Inch','sinch89@springer.com','5022229734','Nayarit','Pennsylvania','Yutanduchi de Guerrero',47,'99960','UXEP276002WIF',32,20898.6,17,'5160407348',NULL,NULL,False,False,True,False,False,True,'2020-02-24');
INSERT INTO persona(idPersona,esEmpleado,esCliente,esProveedor,idSucursal,nombre,apellidoP,apellidoM,correo,telefono,estado,calle,municipio,numero,cp,rfc,edad,salario,antiguedad,nss,curp,noPuntos,esParrillero,esMesero,esCajero,esTortillero,esRepartidor,esTaquero,fechaIngreso)
  VALUES (2160057164,False,False,True,NULL,'Delmer','Atton','Lillgard','dlillgard8a@so-net.ne.jp','4809084030','Guanajuato','Namekagon','Tuxcueca',733,'49970','EMYF729830WSI',NULL,NULL,NULL,NULL,NULL,NULL,False,False,False,False,False,False,NULL);
INSERT INTO persona(idPersona,esEmpleado,esCliente,esProveedor,idSucursal,nombre,apellidoP,apellidoM,correo,telefono,estado,calle,municipio,numero,cp,rfc,edad,salario,antiguedad,nss,curp,noPuntos,esParrillero,esMesero,esCajero,esTortillero,esRepartidor,esTaquero,fechaIngreso)
  VALUES (8371040954,False,False,True,NULL,'Joelle','Foskett','Olman','jolman8b@webmd.com','5858123253','Queretaro','Trailsway','Abal',9996,'66420','QKSQ970949KGK',NULL,NULL,NULL,NULL,NULL,NULL,False,False,False,False,False,False,NULL);


/*-----------------------------------------------------------------------
 -------------------------[ Datos de Ticket ]----------------------------
 ----------------------------------------------------------------------*/
INSERT INTO ticket(idTicket,idSucursal,idPersona,fecha,idMesero,aDomicilio,tipoPago,promocion) VALUES (22708954,67,1985335434,'2018-08-09',3241981965,false,'Tarjeta',0);
INSERT INTO ticket(idTicket,idSucursal,idPersona,fecha,idMesero,aDomicilio,tipoPago,promocion) VALUES (63580303,78,89859717,'2021-06-07',3714859906,true,'Efectivo',3);
INSERT INTO ticket(idTicket,idSucursal,idPersona,fecha,idMesero,aDomicilio,tipoPago,promocion) VALUES (42298862,1,4284753104,'2018-12-17',4824390409,true,'Efectivo',1);
INSERT INTO ticket(idTicket,idSucursal,idPersona,fecha,idMesero,aDomicilio,tipoPago,promocion) VALUES (44242493,62,7055707031,'2020-12-05',2897541330,false,'Puntos',3);
INSERT INTO ticket(idTicket,idSucursal,idPersona,fecha,idMesero,aDomicilio,tipoPago,promocion) VALUES (49864875,61,8494015849,'2018-01-25',2898922803,false,'Puntos',2);
INSERT INTO ticket(idTicket,idSucursal,idPersona,fecha,idMesero,aDomicilio,tipoPago,promocion) VALUES (98049838,84,6216334768,'2018-01-18',9324630994,true,'Efectivo',2);
INSERT INTO ticket(idTicket,idSucursal,idPersona,fecha,idMesero,aDomicilio,tipoPago,promocion) VALUES (89902537,95,389450281,'2021-07-20',8344786324,false,'Tarjeta',2);
INSERT INTO ticket(idTicket,idSucursal,idPersona,fecha,idMesero,aDomicilio,tipoPago,promocion) VALUES (66377315,81,5936199493,'2019-01-14',3754345212,true,'Tarjeta',1);
INSERT INTO ticket(idTicket,idSucursal,idPersona,fecha,idMesero,aDomicilio,tipoPago,promocion) VALUES (88849114,73,8911258812,'2019-09-12',2898922803,false,'Puntos',2);
INSERT INTO ticket(idTicket,idSucursal,idPersona,fecha,idMesero,aDomicilio,tipoPago,promocion) VALUES (11618060,65,1819451701,'2021-07-10',2897541330,false,'Tarjeta',0);
INSERT INTO ticket(idTicket,idSucursal,idPersona,fecha,idMesero,aDomicilio,tipoPago,promocion) VALUES (85605870,35,8988114759,'2018-01-13',5647567179,true,'Efectivo',1);
INSERT INTO ticket(idTicket,idSucursal,idPersona,fecha,idMesero,aDomicilio,tipoPago,promocion) VALUES (34018014,16,5697995127,'2021-05-18',5647567179,true,'Efectivo',0);
INSERT INTO ticket(idTicket,idSucursal,idPersona,fecha,idMesero,aDomicilio,tipoPago,promocion) VALUES (8892813,52,1360039078,'2020-02-27',7445195339,true,'Efectivo',0);
INSERT INTO ticket(idTicket,idSucursal,idPersona,fecha,idMesero,aDomicilio,tipoPago,promocion) VALUES (39207211,41,8131402920,'2020-01-14',3266169129,false,'Efectivo',2);
INSERT INTO ticket(idTicket,idSucursal,idPersona,fecha,idMesero,aDomicilio,tipoPago,promocion) VALUES (28992390,3,3805224239,'2020-02-08',2898922803,false,'Efectivo',0);
INSERT INTO ticket(idTicket,idSucursal,idPersona,fecha,idMesero,aDomicilio,tipoPago,promocion) VALUES (57309450,74,1600605085,'2020-10-11',466159214,false,'Puntos',1);
INSERT INTO ticket(idTicket,idSucursal,idPersona,fecha,idMesero,aDomicilio,tipoPago,promocion) VALUES (7172655,65,329825151,'2018-05-13',7666518894,true,'Efectivo',0);
INSERT INTO ticket(idTicket,idSucursal,idPersona,fecha,idMesero,aDomicilio,tipoPago,promocion) VALUES (8849600,65,9968579265,'2019-02-01',3754345212,false,'Tarjeta',1);
INSERT INTO ticket(idTicket,idSucursal,idPersona,fecha,idMesero,aDomicilio,tipoPago,promocion) VALUES (22837973,68,1889390120,'2022-06-08',3754345212,true,'Tarjeta',1);
INSERT INTO ticket(idTicket,idSucursal,idPersona,fecha,idMesero,aDomicilio,tipoPago,promocion) VALUES (57669946,96,4649430798,'2018-09-24',9927443485,true,'Efectivo',0);
INSERT INTO ticket(idTicket,idSucursal,idPersona,fecha,idMesero,aDomicilio,tipoPago,promocion) VALUES (95775037,96,1512269663,'2020-11-26',2898922803,false,'Tarjeta',2);
INSERT INTO ticket(idTicket,idSucursal,idPersona,fecha,idMesero,aDomicilio,tipoPago,promocion) VALUES (70372032,13,2970957881,'2021-05-13',466159214,false,'Puntos',1);
INSERT INTO ticket(idTicket,idSucursal,idPersona,fecha,idMesero,aDomicilio,tipoPago,promocion) VALUES (19805081,77,5053860298,'2021-08-19',5682280513,false,'Efectivo',3);
INSERT INTO ticket(idTicket,idSucursal,idPersona,fecha,idMesero,aDomicilio,tipoPago,promocion) VALUES (63416206,59,9704793735,'2020-04-13',3754345212,true,'Tarjeta',0);
INSERT INTO ticket(idTicket,idSucursal,idPersona,fecha,idMesero,aDomicilio,tipoPago,promocion) VALUES (76221889,79,7055707031,'2018-08-21',3266169129,true,'Tarjeta',0);
INSERT INTO ticket(idTicket,idSucursal,idPersona,fecha,idMesero,aDomicilio,tipoPago,promocion) VALUES (34908895,87,9210122320,'2020-01-13',7666518894,true,'Efectivo',1);
INSERT INTO ticket(idTicket,idSucursal,idPersona,fecha,idMesero,aDomicilio,tipoPago,promocion) VALUES (95118198,91,7445195339,'2019-06-10',9927443485,true,'Efectivo',0);
INSERT INTO ticket(idTicket,idSucursal,idPersona,fecha,idMesero,aDomicilio,tipoPago,promocion) VALUES (7570116,11,1968274558,'2018-11-09',466159214,true,'Efectivo',0);
INSERT INTO ticket(idTicket,idSucursal,idPersona,fecha,idMesero,aDomicilio,tipoPago,promocion) VALUES (88614249,61,263502618,'2018-07-31',5647567179,false,'Puntos',0);
INSERT INTO ticket(idTicket,idSucursal,idPersona,fecha,idMesero,aDomicilio,tipoPago,promocion) VALUES (74538783,5,361692480,'2020-02-14',3754345212,false,'Tarjeta',0);
INSERT INTO ticket(idTicket,idSucursal,idPersona,fecha,idMesero,aDomicilio,tipoPago,promocion) VALUES (6043738,5,1024625709,'2018-04-16',7445195339,true,'Efectivo',1);
INSERT INTO ticket(idTicket,idSucursal,idPersona,fecha,idMesero,aDomicilio,tipoPago,promocion) VALUES (96373467,8,4111505148,'2022-07-12',5196244432,true,'Efectivo',0);
INSERT INTO ticket(idTicket,idSucursal,idPersona,fecha,idMesero,aDomicilio,tipoPago,promocion) VALUES (62077135,57,1819451701,'2018-03-27',3241981965,true,'Tarjeta',1);
INSERT INTO ticket(idTicket,idSucursal,idPersona,fecha,idMesero,aDomicilio,tipoPago,promocion) VALUES (17113656,53,4921704866,'2021-04-07',9927443485,false,'Tarjeta',0);
INSERT INTO ticket(idTicket,idSucursal,idPersona,fecha,idMesero,aDomicilio,tipoPago,promocion) VALUES (44758827,94,4535694681,'2018-06-21',5196244432,true,'Tarjeta',0);
INSERT INTO ticket(idTicket,idSucursal,idPersona,fecha,idMesero,aDomicilio,tipoPago,promocion) VALUES (30428659,86,8948853576,'2021-11-12',3754345212,true,'Efectivo',1);
INSERT INTO ticket(idTicket,idSucursal,idPersona,fecha,idMesero,aDomicilio,tipoPago,promocion) VALUES (44247293,81,5238841168,'2021-05-22',2669740263,true,'Efectivo',0);
INSERT INTO ticket(idTicket,idSucursal,idPersona,fecha,idMesero,aDomicilio,tipoPago,promocion) VALUES (91227672,19,3805224239,'2020-08-18',9927443485,true,'Efectivo',0);
INSERT INTO ticket(idTicket,idSucursal,idPersona,fecha,idMesero,aDomicilio,tipoPago,promocion) VALUES (55088015,7,7946191977,'2019-12-04',466159214,false,'Tarjeta',0);
INSERT INTO ticket(idTicket,idSucursal,idPersona,fecha,idMesero,aDomicilio,tipoPago,promocion) VALUES (85862652,55,4584325207,'2020-03-09',9927443485,true,'Efectivo',3);
INSERT INTO ticket(idTicket,idSucursal,idPersona,fecha,idMesero,aDomicilio,tipoPago,promocion) VALUES (55701681,7,8160240655,'2021-06-29',8344786324,true,'Efectivo',0);
INSERT INTO ticket(idTicket,idSucursal,idPersona,fecha,idMesero,aDomicilio,tipoPago,promocion) VALUES (44187727,50,4675768550,'2022-02-01',2669740263,false,'Puntos',2);
INSERT INTO ticket(idTicket,idSucursal,idPersona,fecha,idMesero,aDomicilio,tipoPago,promocion) VALUES (57307744,82,8193630594,'2019-09-21',3241981965,true,'Efectivo',3);
INSERT INTO ticket(idTicket,idSucursal,idPersona,fecha,idMesero,aDomicilio,tipoPago,promocion) VALUES (21343999,98,9467139113,'2021-06-01',5647567179,false,'Tarjeta',2);
INSERT INTO ticket(idTicket,idSucursal,idPersona,fecha,idMesero,aDomicilio,tipoPago,promocion) VALUES (62807945,5,5022587215,'2022-06-05',3714859906,true,'Tarjeta',1);
INSERT INTO ticket(idTicket,idSucursal,idPersona,fecha,idMesero,aDomicilio,tipoPago,promocion) VALUES (25598057,67,5697995127,'2018-07-13',3241981965,true,'Efectivo',1);
INSERT INTO ticket(idTicket,idSucursal,idPersona,fecha,idMesero,aDomicilio,tipoPago,promocion) VALUES (32742933,47,2359755788,'2022-05-31',5682280513,false,'Efectivo',1);
INSERT INTO ticket(idTicket,idSucursal,idPersona,fecha,idMesero,aDomicilio,tipoPago,promocion) VALUES (14180816,45,8131402920,'2020-09-15',5647567179,false,'Tarjeta',3);
INSERT INTO ticket(idTicket,idSucursal,idPersona,fecha,idMesero,aDomicilio,tipoPago,promocion) VALUES (20279360,61,7443380397,'2019-11-27',7445195339,false,'Efectivo',0);
INSERT INTO ticket(idTicket,idSucursal,idPersona,fecha,idMesero,aDomicilio,tipoPago,promocion) VALUES (74359291,57,9210122320,'2020-05-28',9927443485,false,'Efectivo',0);
INSERT INTO ticket(idTicket,idSucursal,idPersona,fecha,idMesero,aDomicilio,tipoPago,promocion) VALUES (94657057,87,5918667099,'2021-05-04',1982826289,false,'Tarjeta',1);
INSERT INTO ticket(idTicket,idSucursal,idPersona,fecha,idMesero,aDomicilio,tipoPago,promocion) VALUES (10778914,60,5359230600,'2021-01-15',4824390409,false,'Efectivo',1);
INSERT INTO ticket(idTicket,idSucursal,idPersona,fecha,idMesero,aDomicilio,tipoPago,promocion) VALUES (88447407,62,9124372689,'2022-02-24',8344786324,false,'Puntos',3);
INSERT INTO ticket(idTicket,idSucursal,idPersona,fecha,idMesero,aDomicilio,tipoPago,promocion) VALUES (59216930,96,3277409555,'2018-06-02',4824390409,true,'Tarjeta',2);
INSERT INTO ticket(idTicket,idSucursal,idPersona,fecha,idMesero,aDomicilio,tipoPago,promocion) VALUES (238192,89,4685253514,'2019-07-01',3754345212,true,'Tarjeta',0);
INSERT INTO ticket(idTicket,idSucursal,idPersona,fecha,idMesero,aDomicilio,tipoPago,promocion) VALUES (86380237,58,7101829993,'2022-03-23',2897541330,false,'Puntos',0);
INSERT INTO ticket(idTicket,idSucursal,idPersona,fecha,idMesero,aDomicilio,tipoPago,promocion) VALUES (85069387,8,4450805932,'2021-09-25',3241981965,false,'Tarjeta',1);
INSERT INTO ticket(idTicket,idSucursal,idPersona,fecha,idMesero,aDomicilio,tipoPago,promocion) VALUES (86583549,48,3805224239,'2021-10-18',2669740263,false,'Tarjeta',1);
INSERT INTO ticket(idTicket,idSucursal,idPersona,fecha,idMesero,aDomicilio,tipoPago,promocion) VALUES (97636368,32,1181873554,'2021-10-13',7445195339,true,'Efectivo',3);
INSERT INTO ticket(idTicket,idSucursal,idPersona,fecha,idMesero,aDomicilio,tipoPago,promocion) VALUES (77939739,23,2072125457,'2020-02-16',9324630994,true,'Efectivo',1);
INSERT INTO ticket(idTicket,idSucursal,idPersona,fecha,idMesero,aDomicilio,tipoPago,promocion) VALUES (18280299,87,3754345212,'2021-01-27',2898922803,true,'Tarjeta',2);
INSERT INTO ticket(idTicket,idSucursal,idPersona,fecha,idMesero,aDomicilio,tipoPago,promocion) VALUES (34306883,49,4336199507,'2019-04-21',2669740263,false,'Efectivo',0);
INSERT INTO ticket(idTicket,idSucursal,idPersona,fecha,idMesero,aDomicilio,tipoPago,promocion) VALUES (73117245,38,8540079398,'2018-09-25',7666518894,true,'Efectivo',2);
INSERT INTO ticket(idTicket,idSucursal,idPersona,fecha,idMesero,aDomicilio,tipoPago,promocion) VALUES (43918293,33,389140275,'2018-03-01',4824390409,false,'Tarjeta',1);
INSERT INTO ticket(idTicket,idSucursal,idPersona,fecha,idMesero,aDomicilio,tipoPago,promocion) VALUES (99103975,80,3277409555,'2018-10-21',7666518894,true,'Tarjeta',0);
INSERT INTO ticket(idTicket,idSucursal,idPersona,fecha,idMesero,aDomicilio,tipoPago,promocion) VALUES (98274770,47,8160240655,'2022-07-10',8344786324,true,'Efectivo',1);
INSERT INTO ticket(idTicket,idSucursal,idPersona,fecha,idMesero,aDomicilio,tipoPago,promocion) VALUES (60608548,64,2970957881,'2018-02-11',9324630994,false,'Tarjeta',2);
INSERT INTO ticket(idTicket,idSucursal,idPersona,fecha,idMesero,aDomicilio,tipoPago,promocion) VALUES (7768344,70,3270748967,'2022-04-12',3714859906,false,'Efectivo',1);
INSERT INTO ticket(idTicket,idSucursal,idPersona,fecha,idMesero,aDomicilio,tipoPago,promocion) VALUES (48768762,84,4048060101,'2020-10-11',8344786324,false,'Efectivo',1);
INSERT INTO ticket(idTicket,idSucursal,idPersona,fecha,idMesero,aDomicilio,tipoPago,promocion) VALUES (79054142,40,5359230600,'2021-07-06',5196244432,false,'Efectivo',1);
INSERT INTO ticket(idTicket,idSucursal,idPersona,fecha,idMesero,aDomicilio,tipoPago,promocion) VALUES (63166102,24,8988114759,'2022-02-04',3241981965,false,'Efectivo',1);
INSERT INTO ticket(idTicket,idSucursal,idPersona,fecha,idMesero,aDomicilio,tipoPago,promocion) VALUES (63895645,79,4048060101,'2018-07-19',2669740263,false,'Efectivo',3);
INSERT INTO ticket(idTicket,idSucursal,idPersona,fecha,idMesero,aDomicilio,tipoPago,promocion) VALUES (76966893,92,7798302957,'2020-11-09',7666518894,false,'Efectivo',1);
INSERT INTO ticket(idTicket,idSucursal,idPersona,fecha,idMesero,aDomicilio,tipoPago,promocion) VALUES (468668,6,4608088326,'2019-06-10',7445195339,true,'Efectivo',2);
INSERT INTO ticket(idTicket,idSucursal,idPersona,fecha,idMesero,aDomicilio,tipoPago,promocion) VALUES (6658935,21,5359230600,'2018-08-03',4824390409,false,'Puntos',1);
INSERT INTO ticket(idTicket,idSucursal,idPersona,fecha,idMesero,aDomicilio,tipoPago,promocion) VALUES (16433908,57,1024625709,'2020-12-31',9927443485,true,'Tarjeta',3);
INSERT INTO ticket(idTicket,idSucursal,idPersona,fecha,idMesero,aDomicilio,tipoPago,promocion) VALUES (26200752,63,4049744431,'2019-03-25',4824390409,true,'Tarjeta',2);
INSERT INTO ticket(idTicket,idSucursal,idPersona,fecha,idMesero,aDomicilio,tipoPago,promocion) VALUES (67016620,38,7967170438,'2020-02-28',9324630994,true,'Efectivo',3);
INSERT INTO ticket(idTicket,idSucursal,idPersona,fecha,idMesero,aDomicilio,tipoPago,promocion) VALUES (4996632,23,6148690049,'2020-03-30',9927443485,true,'Efectivo',2);
INSERT INTO ticket(idTicket,idSucursal,idPersona,fecha,idMesero,aDomicilio,tipoPago,promocion) VALUES (77608497,87,5208743413,'2020-10-08',9927443485,true,'Efectivo',0);
INSERT INTO ticket(idTicket,idSucursal,idPersona,fecha,idMesero,aDomicilio,tipoPago,promocion) VALUES (64742379,88,1540233358,'2022-06-24',5647567179,true,'Tarjeta',0);
INSERT INTO ticket(idTicket,idSucursal,idPersona,fecha,idMesero,aDomicilio,tipoPago,promocion) VALUES (93204141,22,8193630594,'2018-09-09',2897541330,true,'Tarjeta',0);
INSERT INTO ticket(idTicket,idSucursal,idPersona,fecha,idMesero,aDomicilio,tipoPago,promocion) VALUES (56466875,65,2237167889,'2018-10-31',3714859906,true,'Tarjeta',1);
INSERT INTO ticket(idTicket,idSucursal,idPersona,fecha,idMesero,aDomicilio,tipoPago,promocion) VALUES (18158734,91,5697995127,'2021-12-24',7666518894,true,'Efectivo',1);
INSERT INTO ticket(idTicket,idSucursal,idPersona,fecha,idMesero,aDomicilio,tipoPago,promocion) VALUES (23235953,31,8065477932,'2020-09-15',4824390409,true,'Tarjeta',3);
INSERT INTO ticket(idTicket,idSucursal,idPersona,fecha,idMesero,aDomicilio,tipoPago,promocion) VALUES (62521150,7,361692480,'2020-03-07',2669740263,false,'Efectivo',0);
INSERT INTO ticket(idTicket,idSucursal,idPersona,fecha,idMesero,aDomicilio,tipoPago,promocion) VALUES (66553696,4,1374067615,'2018-08-21',4824390409,true,'Efectivo',0);
INSERT INTO ticket(idTicket,idSucursal,idPersona,fecha,idMesero,aDomicilio,tipoPago,promocion) VALUES (53923557,71,9704793735,'2019-12-03',3714859906,false,'Efectivo',3);
INSERT INTO ticket(idTicket,idSucursal,idPersona,fecha,idMesero,aDomicilio,tipoPago,promocion) VALUES (68056881,83,3714859906,'2019-12-17',5196244432,true,'Efectivo',2);
INSERT INTO ticket(idTicket,idSucursal,idPersona,fecha,idMesero,aDomicilio,tipoPago,promocion) VALUES (11888270,52,9166327661,'2022-04-01',7445195339,true,'Efectivo',3);
INSERT INTO ticket(idTicket,idSucursal,idPersona,fecha,idMesero,aDomicilio,tipoPago,promocion) VALUES (86144579,6,8494015849,'2020-10-06',2897541330,true,'Efectivo',3);
INSERT INTO ticket(idTicket,idSucursal,idPersona,fecha,idMesero,aDomicilio,tipoPago,promocion) VALUES (28171970,6,3714859906,'2020-02-29',2898922803,false,'Puntos',0);
INSERT INTO ticket(idTicket,idSucursal,idPersona,fecha,idMesero,aDomicilio,tipoPago,promocion) VALUES (31752925,57,2237167889,'2018-02-20',5647567179,true,'Efectivo',0);
INSERT INTO ticket(idTicket,idSucursal,idPersona,fecha,idMesero,aDomicilio,tipoPago,promocion) VALUES (49153667,38,1648288540,'2018-05-12',3714859906,false,'Puntos',3);
INSERT INTO ticket(idTicket,idSucursal,idPersona,fecha,idMesero,aDomicilio,tipoPago,promocion) VALUES (79493380,13,4535694681,'2018-11-21',2305944553,true,'Efectivo',0);
INSERT INTO ticket(idTicket,idSucursal,idPersona,fecha,idMesero,aDomicilio,tipoPago,promocion) VALUES (87568205,79,8988114759,'2018-10-24',8344786324,false,'Puntos',3);
INSERT INTO ticket(idTicket,idSucursal,idPersona,fecha,idMesero,aDomicilio,tipoPago,promocion) VALUES (50329010,82,9704793735,'2022-07-02',9324630994,true,'Efectivo',0);
INSERT INTO ticket(idTicket,idSucursal,idPersona,fecha,idMesero,aDomicilio,tipoPago,promocion) VALUES (57445441,99,367730965,'2019-04-07',1982826289,true,'Efectivo',3);
INSERT INTO ticket(idTicket,idSucursal,idPersona,fecha,idMesero,aDomicilio,tipoPago,promocion) VALUES (87051573,69,9166327661,'2020-06-26',2305944553,true,'Tarjeta',1);
INSERT INTO ticket(idTicket,idSucursal,idPersona,fecha,idMesero,aDomicilio,tipoPago,promocion) VALUES (27629779,55,1374067615,'2020-06-11',3754345212,false,'Tarjeta',2);
INSERT INTO ticket(idTicket,idSucursal,idPersona,fecha,idMesero,aDomicilio,tipoPago,promocion) VALUES (4403473,96,1887443984,'2021-05-24',3241981965,true,'Efectivo',2);
INSERT INTO ticket(idTicket,idSucursal,idPersona,fecha,idMesero,aDomicilio,tipoPago,promocion) VALUES (36659235,59,389450281,'2021-04-28',466159214,true,'Efectivo',0);
INSERT INTO ticket(idTicket,idSucursal,idPersona,fecha,idMesero,aDomicilio,tipoPago,promocion) VALUES (85682478,100,9770279408,'2018-04-13',2898922803,true,'Efectivo',0);
INSERT INTO ticket(idTicket,idSucursal,idPersona,fecha,idMesero,aDomicilio,tipoPago,promocion) VALUES (26693787,79,2359755788,'2020-09-29',7445195339,false,'Tarjeta',1);
INSERT INTO ticket(idTicket,idSucursal,idPersona,fecha,idMesero,aDomicilio,tipoPago,promocion) VALUES (77855585,31,2970957881,'2019-02-13',2897541330,true,'Tarjeta',0);
INSERT INTO ticket(idTicket,idSucursal,idPersona,fecha,idMesero,aDomicilio,tipoPago,promocion) VALUES (36912882,64,9968579265,'2018-10-05',5682280513,true,'Tarjeta',1);
INSERT INTO ticket(idTicket,idSucursal,idPersona,fecha,idMesero,aDomicilio,tipoPago,promocion) VALUES (91618932,85,9147665522,'2018-11-02',2897541330,true,'Efectivo',3);
INSERT INTO ticket(idTicket,idSucursal,idPersona,fecha,idMesero,aDomicilio,tipoPago,promocion) VALUES (61887633,7,2068139578,'2022-01-07',7666518894,true,'Tarjeta',2);
INSERT INTO ticket(idTicket,idSucursal,idPersona,fecha,idMesero,aDomicilio,tipoPago,promocion) VALUES (37195012,97,5560899485,'2021-10-26',7666518894,true,'Efectivo',1);
INSERT INTO ticket(idTicket,idSucursal,idPersona,fecha,idMesero,aDomicilio,tipoPago,promocion) VALUES (8033301,54,9940256031,'2021-02-10',7666518894,false,'Puntos',2);
INSERT INTO ticket(idTicket,idSucursal,idPersona,fecha,idMesero,aDomicilio,tipoPago,promocion) VALUES (21873342,23,4466047455,'2019-10-13',3754345212,true,'Efectivo',0);
INSERT INTO ticket(idTicket,idSucursal,idPersona,fecha,idMesero,aDomicilio,tipoPago,promocion) VALUES (77527996,82,5918667099,'2022-06-11',7666518894,false,'Efectivo',0);
INSERT INTO ticket(idTicket,idSucursal,idPersona,fecha,idMesero,aDomicilio,tipoPago,promocion) VALUES (46839943,57,4326672560,'2022-03-17',4824390409,true,'Efectivo',3);
INSERT INTO ticket(idTicket,idSucursal,idPersona,fecha,idMesero,aDomicilio,tipoPago,promocion) VALUES (24576047,58,361692480,'2019-09-16',5647567179,true,'Efectivo',1);
INSERT INTO ticket(idTicket,idSucursal,idPersona,fecha,idMesero,aDomicilio,tipoPago,promocion) VALUES (97670139,62,9937506562,'2020-08-23',5647567179,false,'Efectivo',0);
INSERT INTO ticket(idTicket,idSucursal,idPersona,fecha,idMesero,aDomicilio,tipoPago,promocion) VALUES (97873810,40,9404104552,'2018-06-08',466159214,false,'Puntos',0);
INSERT INTO ticket(idTicket,idSucursal,idPersona,fecha,idMesero,aDomicilio,tipoPago,promocion) VALUES (51632479,35,2904319393,'2021-05-05',3754345212,false,'Tarjeta',2);
INSERT INTO ticket(idTicket,idSucursal,idPersona,fecha,idMesero,aDomicilio,tipoPago,promocion) VALUES (29212777,24,7055707031,'2020-11-13',5647567179,false,'Puntos',3);
INSERT INTO ticket(idTicket,idSucursal,idPersona,fecha,idMesero,aDomicilio,tipoPago,promocion) VALUES (73535986,79,790523475,'2021-04-21',9324630994,false,'Puntos',1);
INSERT INTO ticket(idTicket,idSucursal,idPersona,fecha,idMesero,aDomicilio,tipoPago,promocion) VALUES (22996716,10,6540181853,'2019-04-22',466159214,true,'Efectivo',0);
INSERT INTO ticket(idTicket,idSucursal,idPersona,fecha,idMesero,aDomicilio,tipoPago,promocion) VALUES (64489698,33,4450805932,'2020-03-06',9927443485,true,'Tarjeta',2);
INSERT INTO ticket(idTicket,idSucursal,idPersona,fecha,idMesero,aDomicilio,tipoPago,promocion) VALUES (11925698,79,5560899485,'2021-03-28',7445195339,true,'Efectivo',2);
INSERT INTO ticket(idTicket,idSucursal,idPersona,fecha,idMesero,aDomicilio,tipoPago,promocion) VALUES (85237627,25,4675768550,'2018-07-31',5196244432,false,'Tarjeta',3);
INSERT INTO ticket(idTicket,idSucursal,idPersona,fecha,idMesero,aDomicilio,tipoPago,promocion) VALUES (92974247,14,1819451701,'2019-09-19',5682280513,false,'Efectivo',0);
INSERT INTO ticket(idTicket,idSucursal,idPersona,fecha,idMesero,aDomicilio,tipoPago,promocion) VALUES (49882321,10,3657392180,'2021-06-25',2305944553,false,'Puntos',1);
INSERT INTO ticket(idTicket,idSucursal,idPersona,fecha,idMesero,aDomicilio,tipoPago,promocion) VALUES (11138734,24,430044046,'2021-03-15',3241981965,true,'Tarjeta',3);
INSERT INTO ticket(idTicket,idSucursal,idPersona,fecha,idMesero,aDomicilio,tipoPago,promocion) VALUES (42447956,95,828926605,'2021-03-05',3754345212,false,'Efectivo',2);
INSERT INTO ticket(idTicket,idSucursal,idPersona,fecha,idMesero,aDomicilio,tipoPago,promocion) VALUES (51382795,18,9770279408,'2022-03-25',7445195339,true,'Efectivo',0);
INSERT INTO ticket(idTicket,idSucursal,idPersona,fecha,idMesero,aDomicilio,tipoPago,promocion) VALUES (23788730,84,6063150911,'2019-10-24',466159214,false,'Efectivo',0);
INSERT INTO ticket(idTicket,idSucursal,idPersona,fecha,idMesero,aDomicilio,tipoPago,promocion) VALUES (55664624,39,2258224145,'2021-01-12',2669740263,true,'Efectivo',1);
INSERT INTO ticket(idTicket,idSucursal,idPersona,fecha,idMesero,aDomicilio,tipoPago,promocion) VALUES (52187301,62,8540079398,'2022-04-29',3754345212,false,'Efectivo',0);
INSERT INTO ticket(idTicket,idSucursal,idPersona,fecha,idMesero,aDomicilio,tipoPago,promocion) VALUES (74770898,2,7812901983,'2021-10-11',2669740263,true,'Efectivo',0);
INSERT INTO ticket(idTicket,idSucursal,idPersona,fecha,idMesero,aDomicilio,tipoPago,promocion) VALUES (35808988,40,5912515854,'2022-02-27',5196244432,false,'Puntos',0);
INSERT INTO ticket(idTicket,idSucursal,idPersona,fecha,idMesero,aDomicilio,tipoPago,promocion) VALUES (68912498,81,3805224239,'2021-06-08',9324630994,true,'Tarjeta',1);
INSERT INTO ticket(idTicket,idSucursal,idPersona,fecha,idMesero,aDomicilio,tipoPago,promocion) VALUES (79110611,42,5560899485,'2022-02-15',5196244432,false,'Puntos',1);
INSERT INTO ticket(idTicket,idSucursal,idPersona,fecha,idMesero,aDomicilio,tipoPago,promocion) VALUES (21699450,46,7055707031,'2020-07-05',9927443485,false,'Tarjeta',2);
INSERT INTO ticket(idTicket,idSucursal,idPersona,fecha,idMesero,aDomicilio,tipoPago,promocion) VALUES (82317391,18,4921704866,'2019-07-29',3241981965,true,'Efectivo',1);
INSERT INTO ticket(idTicket,idSucursal,idPersona,fecha,idMesero,aDomicilio,tipoPago,promocion) VALUES (13640833,37,3925971380,'2018-06-20',466159214,false,'Puntos',3);
INSERT INTO ticket(idTicket,idSucursal,idPersona,fecha,idMesero,aDomicilio,tipoPago,promocion) VALUES (16653682,78,3277409555,'2020-09-28',8344786324,true,'Efectivo',2);
INSERT INTO ticket(idTicket,idSucursal,idPersona,fecha,idMesero,aDomicilio,tipoPago,promocion) VALUES (2562580,36,7752320700,'2021-10-14',9927443485,true,'Tarjeta',3);
INSERT INTO ticket(idTicket,idSucursal,idPersona,fecha,idMesero,aDomicilio,tipoPago,promocion) VALUES (86897300,43,7798302957,'2022-06-27',466159214,false,'Tarjeta',1);
INSERT INTO ticket(idTicket,idSucursal,idPersona,fecha,idMesero,aDomicilio,tipoPago,promocion) VALUES (2225530,25,1540233358,'2021-03-23',3714859906,false,'Efectivo',2);
INSERT INTO ticket(idTicket,idSucursal,idPersona,fecha,idMesero,aDomicilio,tipoPago,promocion) VALUES (43554792,35,4921704866,'2019-12-03',5647567179,true,'Efectivo',1);
INSERT INTO ticket(idTicket,idSucursal,idPersona,fecha,idMesero,aDomicilio,tipoPago,promocion) VALUES (57606323,35,611449146,'2019-11-06',2669740263,true,'Efectivo',0);
INSERT INTO ticket(idTicket,idSucursal,idPersona,fecha,idMesero,aDomicilio,tipoPago,promocion) VALUES (21515787,62,9770279408,'2021-07-21',4824390409,false,'Efectivo',3);
INSERT INTO ticket(idTicket,idSucursal,idPersona,fecha,idMesero,aDomicilio,tipoPago,promocion) VALUES (91015431,63,5918667099,'2019-04-22',9324630994,true,'Efectivo',0);
INSERT INTO ticket(idTicket,idSucursal,idPersona,fecha,idMesero,aDomicilio,tipoPago,promocion) VALUES (32899114,25,2064619302,'2022-05-05',4824390409,false,'Puntos',1);
INSERT INTO ticket(idTicket,idSucursal,idPersona,fecha,idMesero,aDomicilio,tipoPago,promocion) VALUES (68416489,73,4199776163,'2018-01-06',5682280513,true,'Efectivo',1);
INSERT INTO ticket(idTicket,idSucursal,idPersona,fecha,idMesero,aDomicilio,tipoPago,promocion) VALUES (62122996,18,8103847467,'2022-04-28',2669740263,false,'Tarjeta',1);
INSERT INTO ticket(idTicket,idSucursal,idPersona,fecha,idMesero,aDomicilio,tipoPago,promocion) VALUES (27169037,29,9885879646,'2019-01-30',2669740263,false,'Tarjeta',0);
INSERT INTO ticket(idTicket,idSucursal,idPersona,fecha,idMesero,aDomicilio,tipoPago,promocion) VALUES (52307875,25,7946191977,'2019-04-13',466159214,false,'Efectivo',3);
INSERT INTO ticket(idTicket,idSucursal,idPersona,fecha,idMesero,aDomicilio,tipoPago,promocion) VALUES (18177348,39,4569441766,'2020-04-09',5682280513,false,'Tarjeta',3);
INSERT INTO ticket(idTicket,idSucursal,idPersona,fecha,idMesero,aDomicilio,tipoPago,promocion) VALUES (82475949,41,4336199507,'2020-08-24',7666518894,true,'Efectivo',2);
INSERT INTO ticket(idTicket,idSucursal,idPersona,fecha,idMesero,aDomicilio,tipoPago,promocion) VALUES (40759597,36,2090377515,'2018-10-21',5682280513,true,'Tarjeta',2);
INSERT INTO ticket(idTicket,idSucursal,idPersona,fecha,idMesero,aDomicilio,tipoPago,promocion) VALUES (58694039,19,9324630994,'2022-03-25',7666518894,true,'Tarjeta',0);
INSERT INTO ticket(idTicket,idSucursal,idPersona,fecha,idMesero,aDomicilio,tipoPago,promocion) VALUES (46347936,11,6063150911,'2018-11-25',5196244432,true,'Efectivo',2);
INSERT INTO ticket(idTicket,idSucursal,idPersona,fecha,idMesero,aDomicilio,tipoPago,promocion) VALUES (9532994,44,9208531485,'2018-01-25',5196244432,true,'Tarjeta',2);
INSERT INTO ticket(idTicket,idSucursal,idPersona,fecha,idMesero,aDomicilio,tipoPago,promocion) VALUES (28853867,50,4474238046,'2021-05-03',3754345212,false,'Puntos',1);
INSERT INTO ticket(idTicket,idSucursal,idPersona,fecha,idMesero,aDomicilio,tipoPago,promocion) VALUES (32330907,5,4474238046,'2022-04-15',5647567179,true,'Efectivo',2);
INSERT INTO ticket(idTicket,idSucursal,idPersona,fecha,idMesero,aDomicilio,tipoPago,promocion) VALUES (65469631,88,8879203287,'2021-03-09',3714859906,false,'Tarjeta',2);
INSERT INTO ticket(idTicket,idSucursal,idPersona,fecha,idMesero,aDomicilio,tipoPago,promocion) VALUES (54496605,65,4284753104,'2018-12-29',466159214,false,'Puntos',3);
INSERT INTO ticket(idTicket,idSucursal,idPersona,fecha,idMesero,aDomicilio,tipoPago,promocion) VALUES (8221938,49,2904319393,'2018-12-14',3754345212,true,'Efectivo',3);
INSERT INTO ticket(idTicket,idSucursal,idPersona,fecha,idMesero,aDomicilio,tipoPago,promocion) VALUES (8797522,75,5912515854,'2020-03-30',4824390409,false,'Tarjeta',1);
INSERT INTO ticket(idTicket,idSucursal,idPersona,fecha,idMesero,aDomicilio,tipoPago,promocion) VALUES (29698558,49,9404104552,'2021-08-11',2669740263,true,'Efectivo',3);
INSERT INTO ticket(idTicket,idSucursal,idPersona,fecha,idMesero,aDomicilio,tipoPago,promocion) VALUES (19900217,56,263502618,'2021-01-20',9927443485,false,'Puntos',0);
INSERT INTO ticket(idTicket,idSucursal,idPersona,fecha,idMesero,aDomicilio,tipoPago,promocion) VALUES (74579722,62,4153370542,'2019-06-03',3754345212,false,'Efectivo',0);
INSERT INTO ticket(idTicket,idSucursal,idPersona,fecha,idMesero,aDomicilio,tipoPago,promocion) VALUES (50690995,79,4448788363,'2020-04-09',9324630994,true,'Efectivo',2);
INSERT INTO ticket(idTicket,idSucursal,idPersona,fecha,idMesero,aDomicilio,tipoPago,promocion) VALUES (34958433,14,2898922803,'2018-08-09',7445195339,false,'Puntos',1);
INSERT INTO ticket(idTicket,idSucursal,idPersona,fecha,idMesero,aDomicilio,tipoPago,promocion) VALUES (23759776,45,578430369,'2019-11-29',3241981965,false,'Efectivo',2);
INSERT INTO ticket(idTicket,idSucursal,idPersona,fecha,idMesero,aDomicilio,tipoPago,promocion) VALUES (81597622,34,7812901983,'2021-04-09',2669740263,false,'Tarjeta',0);
INSERT INTO ticket(idTicket,idSucursal,idPersona,fecha,idMesero,aDomicilio,tipoPago,promocion) VALUES (88745888,49,9404104552,'2018-07-12',466159214,true,'Tarjeta',3);
INSERT INTO ticket(idTicket,idSucursal,idPersona,fecha,idMesero,aDomicilio,tipoPago,promocion) VALUES (27760685,40,389140275,'2018-06-21',4824390409,true,'Efectivo',2);
INSERT INTO ticket(idTicket,idSucursal,idPersona,fecha,idMesero,aDomicilio,tipoPago,promocion) VALUES (26339606,97,263502618,'2018-12-10',3754345212,false,'Tarjeta',3);
INSERT INTO ticket(idTicket,idSucursal,idPersona,fecha,idMesero,aDomicilio,tipoPago,promocion) VALUES (71950812,78,5918667099,'2018-10-29',2669740263,true,'Efectivo',2);
INSERT INTO ticket(idTicket,idSucursal,idPersona,fecha,idMesero,aDomicilio,tipoPago,promocion) VALUES (79957690,63,4990640057,'2019-12-27',2897541330,true,'Tarjeta',1);
INSERT INTO ticket(idTicket,idSucursal,idPersona,fecha,idMesero,aDomicilio,tipoPago,promocion) VALUES (85106469,85,9885879646,'2019-04-04',8344786324,false,'Efectivo',2);
INSERT INTO ticket(idTicket,idSucursal,idPersona,fecha,idMesero,aDomicilio,tipoPago,promocion) VALUES (98538604,47,2258224145,'2022-07-14',2669740263,false,'Tarjeta',2);
INSERT INTO ticket(idTicket,idSucursal,idPersona,fecha,idMesero,aDomicilio,tipoPago,promocion) VALUES (53472661,28,5912515854,'2020-08-18',9927443485,true,'Efectivo',3);
INSERT INTO ticket(idTicket,idSucursal,idPersona,fecha,idMesero,aDomicilio,tipoPago,promocion) VALUES (22244703,36,3600161760,'2018-03-17',5647567179,true,'Tarjeta',0);
INSERT INTO ticket(idTicket,idSucursal,idPersona,fecha,idMesero,aDomicilio,tipoPago,promocion) VALUES (59938306,62,9210122320,'2019-11-07',2897541330,true,'Efectivo',1);
INSERT INTO ticket(idTicket,idSucursal,idPersona,fecha,idMesero,aDomicilio,tipoPago,promocion) VALUES (85518231,54,7445195339,'2019-01-25',466159214,false,'Efectivo',2);
INSERT INTO ticket(idTicket,idSucursal,idPersona,fecha,idMesero,aDomicilio,tipoPago,promocion) VALUES (61403517,54,7967170438,'2020-01-30',5647567179,true,'Efectivo',1);
INSERT INTO ticket(idTicket,idSucursal,idPersona,fecha,idMesero,aDomicilio,tipoPago,promocion) VALUES (49971674,8,2090377515,'2020-04-20',1982826289,false,'Efectivo',0);
INSERT INTO ticket(idTicket,idSucursal,idPersona,fecha,idMesero,aDomicilio,tipoPago,promocion) VALUES (11312096,77,5912515854,'2019-03-29',9324630994,true,'Efectivo',1);
INSERT INTO ticket(idTicket,idSucursal,idPersona,fecha,idMesero,aDomicilio,tipoPago,promocion) VALUES (8451346,83,9966131850,'2020-12-06',4824390409,true,'Efectivo',3);
INSERT INTO ticket(idTicket,idSucursal,idPersona,fecha,idMesero,aDomicilio,tipoPago,promocion) VALUES (97072045,2,7666518894,'2021-05-12',2897541330,true,'Tarjeta',0);
INSERT INTO ticket(idTicket,idSucursal,idPersona,fecha,idMesero,aDomicilio,tipoPago,promocion) VALUES (61449492,85,1512269663,'2019-06-22',2305944553,true,'Efectivo',1);
INSERT INTO ticket(idTicket,idSucursal,idPersona,fecha,idMesero,aDomicilio,tipoPago,promocion) VALUES (26162743,100,6148690049,'2019-01-16',4824390409,true,'Efectivo',1);
INSERT INTO ticket(idTicket,idSucursal,idPersona,fecha,idMesero,aDomicilio,tipoPago,promocion) VALUES (67878750,78,9826239206,'2022-01-06',2898922803,true,'Tarjeta',3);
INSERT INTO ticket(idTicket,idSucursal,idPersona,fecha,idMesero,aDomicilio,tipoPago,promocion) VALUES (61202576,6,9937506562,'2018-11-20',466159214,true,'Efectivo',3);
INSERT INTO ticket(idTicket,idSucursal,idPersona,fecha,idMesero,aDomicilio,tipoPago,promocion) VALUES (38339109,47,1895109845,'2020-10-16',9324630994,true,'Tarjeta',2);
INSERT INTO ticket(idTicket,idSucursal,idPersona,fecha,idMesero,aDomicilio,tipoPago,promocion) VALUES (59784804,15,8193630594,'2018-04-10',2897541330,false,'Puntos',3);
INSERT INTO ticket(idTicket,idSucursal,idPersona,fecha,idMesero,aDomicilio,tipoPago,promocion) VALUES (28483894,77,4921704866,'2018-11-18',7666518894,false,'Tarjeta',1);
INSERT INTO ticket(idTicket,idSucursal,idPersona,fecha,idMesero,aDomicilio,tipoPago,promocion) VALUES (10094739,3,361692480,'2020-10-01',1982826289,true,'Tarjeta',1);
INSERT INTO ticket(idTicket,idSucursal,idPersona,fecha,idMesero,aDomicilio,tipoPago,promocion) VALUES (33903650,31,4322605480,'2019-10-21',7445195339,true,'Efectivo',2);
INSERT INTO ticket(idTicket,idSucursal,idPersona,fecha,idMesero,aDomicilio,tipoPago,promocion) VALUES (28840759,12,3270748967,'2021-10-19',5647567179,true,'Efectivo',1);
INSERT INTO ticket(idTicket,idSucursal,idPersona,fecha,idMesero,aDomicilio,tipoPago,promocion) VALUES (57496099,67,2304353832,'2018-10-08',3266169129,false,'Efectivo',3);
INSERT INTO ticket(idTicket,idSucursal,idPersona,fecha,idMesero,aDomicilio,tipoPago,promocion) VALUES (72370827,87,4111505148,'2018-06-22',5196244432,false,'Puntos',0);
INSERT INTO ticket(idTicket,idSucursal,idPersona,fecha,idMesero,aDomicilio,tipoPago,promocion) VALUES (91540474,18,2064619302,'2020-08-17',5647567179,true,'Efectivo',1);
INSERT INTO ticket(idTicket,idSucursal,idPersona,fecha,idMesero,aDomicilio,tipoPago,promocion) VALUES (62751726,92,9963395855,'2018-05-14',466159214,false,'Tarjeta',2);
INSERT INTO ticket(idTicket,idSucursal,idPersona,fecha,idMesero,aDomicilio,tipoPago,promocion) VALUES (69286043,20,7752320700,'2022-03-16',9927443485,false,'Efectivo',2);
INSERT INTO ticket(idTicket,idSucursal,idPersona,fecha,idMesero,aDomicilio,tipoPago,promocion) VALUES (68491604,2,790523475,'2020-05-08',3266169129,true,'Efectivo',3);
INSERT INTO ticket(idTicket,idSucursal,idPersona,fecha,idMesero,aDomicilio,tipoPago,promocion) VALUES (69800051,79,7104153278,'2018-07-26',7666518894,false,'Tarjeta',2);
INSERT INTO ticket(idTicket,idSucursal,idPersona,fecha,idMesero,aDomicilio,tipoPago,promocion) VALUES (69369221,31,9770279408,'2021-03-23',4824390409,false,'Puntos',3);
INSERT INTO ticket(idTicket,idSucursal,idPersona,fecha,idMesero,aDomicilio,tipoPago,promocion) VALUES (86340219,33,9770279408,'2019-12-07',3241981965,true,'Efectivo',0);
INSERT INTO ticket(idTicket,idSucursal,idPersona,fecha,idMesero,aDomicilio,tipoPago,promocion) VALUES (64664075,85,9467139113,'2022-06-18',3266169129,true,'Efectivo',1);
INSERT INTO ticket(idTicket,idSucursal,idPersona,fecha,idMesero,aDomicilio,tipoPago,promocion) VALUES (68824601,36,372242028,'2018-06-18',7666518894,false,'Tarjeta',2);
INSERT INTO ticket(idTicket,idSucursal,idPersona,fecha,idMesero,aDomicilio,tipoPago,promocion) VALUES (33702013,17,2068139578,'2019-12-25',4824390409,false,'Efectivo',2);
INSERT INTO ticket(idTicket,idSucursal,idPersona,fecha,idMesero,aDomicilio,tipoPago,promocion) VALUES (86231115,85,6216334768,'2019-03-30',8344786324,true,'Efectivo',0);
INSERT INTO ticket(idTicket,idSucursal,idPersona,fecha,idMesero,aDomicilio,tipoPago,promocion) VALUES (34260994,18,9963395855,'2019-07-23',5196244432,false,'Puntos',2);
INSERT INTO ticket(idTicket,idSucursal,idPersona,fecha,idMesero,aDomicilio,tipoPago,promocion) VALUES (41261491,10,4111505148,'2020-06-12',3241981965,false,'Tarjeta',0);
INSERT INTO ticket(idTicket,idSucursal,idPersona,fecha,idMesero,aDomicilio,tipoPago,promocion) VALUES (37553165,88,5936199493,'2019-11-30',3714859906,true,'Efectivo',3);
INSERT INTO ticket(idTicket,idSucursal,idPersona,fecha,idMesero,aDomicilio,tipoPago,promocion) VALUES (77794034,60,4649430798,'2019-04-24',8344786324,false,'Puntos',3);
INSERT INTO ticket(idTicket,idSucursal,idPersona,fecha,idMesero,aDomicilio,tipoPago,promocion) VALUES (65933717,26,1985335434,'2019-11-12',2669740263,false,'Puntos',0);
INSERT INTO ticket(idTicket,idSucursal,idPersona,fecha,idMesero,aDomicilio,tipoPago,promocion) VALUES (13472241,14,5022587215,'2018-01-30',8344786324,true,'Tarjeta',1);
INSERT INTO ticket(idTicket,idSucursal,idPersona,fecha,idMesero,aDomicilio,tipoPago,promocion) VALUES (74168070,4,5682280513,'2018-03-20',5196244432,true,'Efectivo',3);
INSERT INTO ticket(idTicket,idSucursal,idPersona,fecha,idMesero,aDomicilio,tipoPago,promocion) VALUES (71312908,73,1600605085,'2021-11-01',3241981965,true,'Tarjeta',1);
INSERT INTO ticket(idTicket,idSucursal,idPersona,fecha,idMesero,aDomicilio,tipoPago,promocion) VALUES (21800025,86,2072125457,'2021-11-13',3714859906,false,'Tarjeta',1);
INSERT INTO ticket(idTicket,idSucursal,idPersona,fecha,idMesero,aDomicilio,tipoPago,promocion) VALUES (65969548,89,8540079398,'2020-07-05',7666518894,true,'Tarjeta',2);
INSERT INTO ticket(idTicket,idSucursal,idPersona,fecha,idMesero,aDomicilio,tipoPago,promocion) VALUES (4499329,61,6540181853,'2019-08-26',9927443485,true,'Efectivo',2);
INSERT INTO ticket(idTicket,idSucursal,idPersona,fecha,idMesero,aDomicilio,tipoPago,promocion) VALUES (85342123,74,8948853576,'2021-03-29',2305944553,true,'Efectivo',3);
INSERT INTO ticket(idTicket,idSucursal,idPersona,fecha,idMesero,aDomicilio,tipoPago,promocion) VALUES (87290103,33,1630148845,'2021-09-02',3754345212,false,'Tarjeta',0);
INSERT INTO ticket(idTicket,idSucursal,idPersona,fecha,idMesero,aDomicilio,tipoPago,promocion) VALUES (93036259,95,3925971380,'2018-04-04',8344786324,true,'Efectivo',1);
INSERT INTO ticket(idTicket,idSucursal,idPersona,fecha,idMesero,aDomicilio,tipoPago,promocion) VALUES (10578771,13,389140275,'2019-07-12',7666518894,false,'Efectivo',0);
INSERT INTO ticket(idTicket,idSucursal,idPersona,fecha,idMesero,aDomicilio,tipoPago,promocion) VALUES (59437828,94,7630311281,'2018-10-15',9927443485,false,'Puntos',1);
INSERT INTO ticket(idTicket,idSucursal,idPersona,fecha,idMesero,aDomicilio,tipoPago,promocion) VALUES (28719934,62,1919461831,'2018-02-08',7666518894,true,'Efectivo',0);
INSERT INTO ticket(idTicket,idSucursal,idPersona,fecha,idMesero,aDomicilio,tipoPago,promocion) VALUES (83555854,89,9966131850,'2020-10-01',3266169129,true,'Efectivo',1);
INSERT INTO ticket(idTicket,idSucursal,idPersona,fecha,idMesero,aDomicilio,tipoPago,promocion) VALUES (87641697,29,5682280513,'2020-05-22',2897541330,true,'Efectivo',1);
INSERT INTO ticket(idTicket,idSucursal,idPersona,fecha,idMesero,aDomicilio,tipoPago,promocion) VALUES (59466132,22,263502618,'2018-05-19',5196244432,true,'Efectivo',3);
INSERT INTO ticket(idTicket,idSucursal,idPersona,fecha,idMesero,aDomicilio,tipoPago,promocion) VALUES (35388752,6,5579040262,'2021-05-02',7666518894,false,'Tarjeta',2);
INSERT INTO ticket(idTicket,idSucursal,idPersona,fecha,idMesero,aDomicilio,tipoPago,promocion) VALUES (83249312,66,9713347057,'2019-01-12',7445195339,false,'Puntos',2);
INSERT INTO ticket(idTicket,idSucursal,idPersona,fecha,idMesero,aDomicilio,tipoPago,promocion) VALUES (42887406,88,1504195635,'2022-04-01',3714859906,false,'Efectivo',3);
INSERT INTO ticket(idTicket,idSucursal,idPersona,fecha,idMesero,aDomicilio,tipoPago,promocion) VALUES (25214358,19,6540181853,'2019-06-01',1982826289,false,'Efectivo',2);
INSERT INTO ticket(idTicket,idSucursal,idPersona,fecha,idMesero,aDomicilio,tipoPago,promocion) VALUES (26377035,21,5208743413,'2018-06-29',9324630994,false,'Puntos',0);
INSERT INTO ticket(idTicket,idSucursal,idPersona,fecha,idMesero,aDomicilio,tipoPago,promocion) VALUES (49630943,39,3714859906,'2019-11-26',9324630994,false,'Tarjeta',2);
INSERT INTO ticket(idTicket,idSucursal,idPersona,fecha,idMesero,aDomicilio,tipoPago,promocion) VALUES (40099092,65,8103847467,'2019-02-16',7445195339,false,'Puntos',1);
INSERT INTO ticket(idTicket,idSucursal,idPersona,fecha,idMesero,aDomicilio,tipoPago,promocion) VALUES (8179522,16,4038903146,'2022-07-06',3266169129,true,'Efectivo',2);
INSERT INTO ticket(idTicket,idSucursal,idPersona,fecha,idMesero,aDomicilio,tipoPago,promocion) VALUES (86795239,100,9210122320,'2020-11-26',7666518894,false,'Efectivo',3);
INSERT INTO ticket(idTicket,idSucursal,idPersona,fecha,idMesero,aDomicilio,tipoPago,promocion) VALUES (99211239,10,4921704866,'2022-02-26',3266169129,false,'Efectivo',2);
INSERT INTO ticket(idTicket,idSucursal,idPersona,fecha,idMesero,aDomicilio,tipoPago,promocion) VALUES (80524831,26,263502618,'2021-03-19',1982826289,true,'Efectivo',1);
INSERT INTO ticket(idTicket,idSucursal,idPersona,fecha,idMesero,aDomicilio,tipoPago,promocion) VALUES (45734624,36,5238841168,'2021-04-25',8344786324,false,'Efectivo',2);
INSERT INTO ticket(idTicket,idSucursal,idPersona,fecha,idMesero,aDomicilio,tipoPago,promocion) VALUES (46191842,62,4685253514,'2021-07-14',2897541330,false,'Puntos',1);
INSERT INTO ticket(idTicket,idSucursal,idPersona,fecha,idMesero,aDomicilio,tipoPago,promocion) VALUES (2829861,77,9147665522,'2021-09-09',7666518894,true,'Efectivo',2);
INSERT INTO ticket(idTicket,idSucursal,idPersona,fecha,idMesero,aDomicilio,tipoPago,promocion) VALUES (76225989,79,7443380397,'2021-09-18',7445195339,true,'Efectivo',1);
INSERT INTO ticket(idTicket,idSucursal,idPersona,fecha,idMesero,aDomicilio,tipoPago,promocion) VALUES (57394936,12,9166327661,'2020-12-19',3714859906,false,'Tarjeta',0);
INSERT INTO ticket(idTicket,idSucursal,idPersona,fecha,idMesero,aDomicilio,tipoPago,promocion) VALUES (39424873,19,263502618,'2020-10-05',3754345212,false,'Efectivo',0);
INSERT INTO ticket(idTicket,idSucursal,idPersona,fecha,idMesero,aDomicilio,tipoPago,promocion) VALUES (47224005,51,4608088326,'2019-05-09',7666518894,false,'Puntos',0);
INSERT INTO ticket(idTicket,idSucursal,idPersona,fecha,idMesero,aDomicilio,tipoPago,promocion) VALUES (98947165,28,7443380397,'2022-02-01',5682280513,false,'Puntos',3);
INSERT INTO ticket(idTicket,idSucursal,idPersona,fecha,idMesero,aDomicilio,tipoPago,promocion) VALUES (53810197,98,9940256031,'2021-01-20',466159214,false,'Efectivo',2);
INSERT INTO ticket(idTicket,idSucursal,idPersona,fecha,idMesero,aDomicilio,tipoPago,promocion) VALUES (75983683,97,1540233358,'2020-11-08',3754345212,true,'Efectivo',3);
INSERT INTO ticket(idTicket,idSucursal,idPersona,fecha,idMesero,aDomicilio,tipoPago,promocion) VALUES (88203891,74,89859717,'2021-11-11',3754345212,false,'Puntos',2);
INSERT INTO ticket(idTicket,idSucursal,idPersona,fecha,idMesero,aDomicilio,tipoPago,promocion) VALUES (49254066,24,2258224145,'2020-06-06',3714859906,false,'Tarjeta',2);
INSERT INTO ticket(idTicket,idSucursal,idPersona,fecha,idMesero,aDomicilio,tipoPago,promocion) VALUES (93646049,17,89859717,'2018-07-08',2897541330,true,'Efectivo',3);
INSERT INTO ticket(idTicket,idSucursal,idPersona,fecha,idMesero,aDomicilio,tipoPago,promocion) VALUES (56632226,7,1919461831,'2019-09-14',5682280513,false,'Tarjeta',0);
INSERT INTO ticket(idTicket,idSucursal,idPersona,fecha,idMesero,aDomicilio,tipoPago,promocion) VALUES (45019980,69,1895109845,'2019-01-05',3754345212,true,'Tarjeta',0);
INSERT INTO ticket(idTicket,idSucursal,idPersona,fecha,idMesero,aDomicilio,tipoPago,promocion) VALUES (67815487,99,7443380397,'2021-12-10',9927443485,true,'Tarjeta',0);
INSERT INTO ticket(idTicket,idSucursal,idPersona,fecha,idMesero,aDomicilio,tipoPago,promocion) VALUES (29986559,87,8494015849,'2018-04-26',3714859906,false,'Puntos',1);
INSERT INTO ticket(idTicket,idSucursal,idPersona,fecha,idMesero,aDomicilio,tipoPago,promocion) VALUES (65987876,19,1982826289,'2018-06-20',2897541330,false,'Tarjeta',1);
INSERT INTO ticket(idTicket,idSucursal,idPersona,fecha,idMesero,aDomicilio,tipoPago,promocion) VALUES (41665862,77,9948274677,'2021-07-06',2305944553,true,'Efectivo',1);
INSERT INTO ticket(idTicket,idSucursal,idPersona,fecha,idMesero,aDomicilio,tipoPago,promocion) VALUES (26417498,65,8085446868,'2018-01-31',5196244432,false,'Efectivo',1);
INSERT INTO ticket(idTicket,idSucursal,idPersona,fecha,idMesero,aDomicilio,tipoPago,promocion) VALUES (87260156,23,3714859906,'2021-03-10',9324630994,true,'Efectivo',2);
INSERT INTO ticket(idTicket,idSucursal,idPersona,fecha,idMesero,aDomicilio,tipoPago,promocion) VALUES (4758141,56,8193630594,'2022-03-26',9927443485,true,'Tarjeta',0);
INSERT INTO ticket(idTicket,idSucursal,idPersona,fecha,idMesero,aDomicilio,tipoPago,promocion) VALUES (20174052,13,3754345212,'2018-01-24',5196244432,true,'Efectivo',2);
INSERT INTO ticket(idTicket,idSucursal,idPersona,fecha,idMesero,aDomicilio,tipoPago,promocion) VALUES (92865025,26,5053860298,'2020-08-01',3714859906,true,'Efectivo',0);
INSERT INTO ticket(idTicket,idSucursal,idPersona,fecha,idMesero,aDomicilio,tipoPago,promocion) VALUES (51285448,99,8254347204,'2022-01-21',466159214,true,'Efectivo',1);
INSERT INTO ticket(idTicket,idSucursal,idPersona,fecha,idMesero,aDomicilio,tipoPago,promocion) VALUES (4608917,3,611449146,'2018-02-11',3241981965,true,'Tarjeta',0);
INSERT INTO ticket(idTicket,idSucursal,idPersona,fecha,idMesero,aDomicilio,tipoPago,promocion) VALUES (37956933,25,5238841168,'2018-11-25',3754345212,false,'Puntos',0);
INSERT INTO ticket(idTicket,idSucursal,idPersona,fecha,idMesero,aDomicilio,tipoPago,promocion) VALUES (34127649,53,4322605480,'2021-09-01',4824390409,true,'Tarjeta',2);
INSERT INTO ticket(idTicket,idSucursal,idPersona,fecha,idMesero,aDomicilio,tipoPago,promocion) VALUES (17837861,23,1887443984,'2019-12-08',2669740263,true,'Efectivo',2);
INSERT INTO ticket(idTicket,idSucursal,idPersona,fecha,idMesero,aDomicilio,tipoPago,promocion) VALUES (99554781,11,2072125457,'2019-05-08',7666518894,true,'Efectivo',2);
INSERT INTO ticket(idTicket,idSucursal,idPersona,fecha,idMesero,aDomicilio,tipoPago,promocion) VALUES (83517313,17,4153370542,'2019-07-07',5196244432,false,'Tarjeta',2);
INSERT INTO ticket(idTicket,idSucursal,idPersona,fecha,idMesero,aDomicilio,tipoPago,promocion) VALUES (82747665,20,8155724838,'2018-10-16',3241981965,false,'Efectivo',1);
INSERT INTO ticket(idTicket,idSucursal,idPersona,fecha,idMesero,aDomicilio,tipoPago,promocion) VALUES (30151442,68,1985335434,'2022-02-26',3754345212,true,'Tarjeta',0);
INSERT INTO ticket(idTicket,idSucursal,idPersona,fecha,idMesero,aDomicilio,tipoPago,promocion) VALUES (19073183,74,5697995127,'2022-02-19',3241981965,false,'Puntos',3);
INSERT INTO ticket(idTicket,idSucursal,idPersona,fecha,idMesero,aDomicilio,tipoPago,promocion) VALUES (64005713,35,7798302957,'2019-10-16',2305944553,true,'Efectivo',2);
INSERT INTO ticket(idTicket,idSucursal,idPersona,fecha,idMesero,aDomicilio,tipoPago,promocion) VALUES (37476902,12,1968274558,'2019-08-16',5682280513,false,'Efectivo',0);
INSERT INTO ticket(idTicket,idSucursal,idPersona,fecha,idMesero,aDomicilio,tipoPago,promocion) VALUES (43647246,48,8879203287,'2020-05-01',1982826289,true,'Efectivo',2);
INSERT INTO ticket(idTicket,idSucursal,idPersona,fecha,idMesero,aDomicilio,tipoPago,promocion) VALUES (42205010,90,1985335434,'2019-07-30',8344786324,false,'Tarjeta',1);
INSERT INTO ticket(idTicket,idSucursal,idPersona,fecha,idMesero,aDomicilio,tipoPago,promocion) VALUES (13574400,98,1889390120,'2019-07-26',2897541330,false,'Efectivo',1);
INSERT INTO ticket(idTicket,idSucursal,idPersona,fecha,idMesero,aDomicilio,tipoPago,promocion) VALUES (36566737,7,430044046,'2019-05-07',2669740263,false,'Efectivo',0);
INSERT INTO ticket(idTicket,idSucursal,idPersona,fecha,idMesero,aDomicilio,tipoPago,promocion) VALUES (58630628,23,6063150911,'2018-11-09',3754345212,false,'Puntos',2);
INSERT INTO ticket(idTicket,idSucursal,idPersona,fecha,idMesero,aDomicilio,tipoPago,promocion) VALUES (87593482,22,1512269663,'2022-01-30',1982826289,false,'Tarjeta',1);
INSERT INTO ticket(idTicket,idSucursal,idPersona,fecha,idMesero,aDomicilio,tipoPago,promocion) VALUES (18366897,41,5682280513,'2019-05-06',4824390409,true,'Tarjeta',3);
INSERT INTO ticket(idTicket,idSucursal,idPersona,fecha,idMesero,aDomicilio,tipoPago,promocion) VALUES (14241812,87,9124372689,'2020-02-15',3714859906,true,'Tarjeta',2);
INSERT INTO ticket(idTicket,idSucursal,idPersona,fecha,idMesero,aDomicilio,tipoPago,promocion) VALUES (15573092,13,4153370542,'2022-03-09',7445195339,false,'Tarjeta',3);
INSERT INTO ticket(idTicket,idSucursal,idPersona,fecha,idMesero,aDomicilio,tipoPago,promocion) VALUES (1250674,82,2064619302,'2018-05-07',3754345212,false,'Puntos',2);
INSERT INTO ticket(idTicket,idSucursal,idPersona,fecha,idMesero,aDomicilio,tipoPago,promocion) VALUES (44515515,21,6148690049,'2022-03-24',5647567179,true,'Efectivo',0);
INSERT INTO ticket(idTicket,idSucursal,idPersona,fecha,idMesero,aDomicilio,tipoPago,promocion) VALUES (25795865,100,4450805932,'2021-08-28',8344786324,true,'Tarjeta',3);
INSERT INTO ticket(idTicket,idSucursal,idPersona,fecha,idMesero,aDomicilio,tipoPago,promocion) VALUES (87734931,77,5238841168,'2022-04-19',2897541330,true,'Efectivo',3);
INSERT INTO ticket(idTicket,idSucursal,idPersona,fecha,idMesero,aDomicilio,tipoPago,promocion) VALUES (8569890,7,2237167889,'2020-08-03',9927443485,true,'Efectivo',3);
INSERT INTO ticket(idTicket,idSucursal,idPersona,fecha,idMesero,aDomicilio,tipoPago,promocion) VALUES (4200096,7,7666518894,'2021-05-26',466159214,false,'Puntos',2);
INSERT INTO ticket(idTicket,idSucursal,idPersona,fecha,idMesero,aDomicilio,tipoPago,promocion) VALUES (88270609,13,4326672560,'2018-12-06',1982826289,false,'Tarjeta',3);
INSERT INTO ticket(idTicket,idSucursal,idPersona,fecha,idMesero,aDomicilio,tipoPago,promocion) VALUES (40163009,44,4048060101,'2019-07-18',3266169129,true,'Tarjeta',2);
INSERT INTO ticket(idTicket,idSucursal,idPersona,fecha,idMesero,aDomicilio,tipoPago,promocion) VALUES (59586448,60,8494015849,'2021-03-22',1982826289,true,'Efectivo',2);
INSERT INTO ticket(idTicket,idSucursal,idPersona,fecha,idMesero,aDomicilio,tipoPago,promocion) VALUES (25563495,48,4990640057,'2018-06-11',5196244432,true,'Efectivo',3);
INSERT INTO ticket(idTicket,idSucursal,idPersona,fecha,idMesero,aDomicilio,tipoPago,promocion) VALUES (86645012,71,7055707031,'2020-08-26',5196244432,false,'Efectivo',0);
INSERT INTO ticket(idTicket,idSucursal,idPersona,fecha,idMesero,aDomicilio,tipoPago,promocion) VALUES (8927881,12,8160240655,'2022-03-19',7666518894,false,'Tarjeta',1);
INSERT INTO ticket(idTicket,idSucursal,idPersona,fecha,idMesero,aDomicilio,tipoPago,promocion) VALUES (58741160,12,2237167889,'2021-11-20',466159214,false,'Efectivo',3);
INSERT INTO ticket(idTicket,idSucursal,idPersona,fecha,idMesero,aDomicilio,tipoPago,promocion) VALUES (41134763,59,6063150911,'2021-11-30',5196244432,false,'Efectivo',1);
INSERT INTO ticket(idTicket,idSucursal,idPersona,fecha,idMesero,aDomicilio,tipoPago,promocion) VALUES (82932874,3,2064619302,'2021-07-27',2669740263,false,'Efectivo',3);
INSERT INTO ticket(idTicket,idSucursal,idPersona,fecha,idMesero,aDomicilio,tipoPago,promocion) VALUES (24988003,39,2970957881,'2020-05-02',9927443485,false,'Tarjeta',0);
INSERT INTO ticket(idTicket,idSucursal,idPersona,fecha,idMesero,aDomicilio,tipoPago,promocion) VALUES (20539373,7,2258224145,'2019-03-20',1982826289,true,'Efectivo',3);
INSERT INTO ticket(idTicket,idSucursal,idPersona,fecha,idMesero,aDomicilio,tipoPago,promocion) VALUES (25095597,6,9713347057,'2018-08-05',7666518894,true,'Tarjeta',3);
INSERT INTO ticket(idTicket,idSucursal,idPersona,fecha,idMesero,aDomicilio,tipoPago,promocion) VALUES (79657883,20,9770279408,'2021-10-26',2669740263,false,'Efectivo',2);
INSERT INTO ticket(idTicket,idSucursal,idPersona,fecha,idMesero,aDomicilio,tipoPago,promocion) VALUES (30624826,94,4474238046,'2022-04-23',1982826289,false,'Puntos',0);
INSERT INTO ticket(idTicket,idSucursal,idPersona,fecha,idMesero,aDomicilio,tipoPago,promocion) VALUES (50279794,19,8226214329,'2021-04-04',5647567179,false,'Tarjeta',0);
INSERT INTO ticket(idTicket,idSucursal,idPersona,fecha,idMesero,aDomicilio,tipoPago,promocion) VALUES (17460269,65,611449146,'2022-03-08',466159214,false,'Tarjeta',0);
INSERT INTO ticket(idTicket,idSucursal,idPersona,fecha,idMesero,aDomicilio,tipoPago,promocion) VALUES (93145730,85,6540181853,'2022-04-23',7666518894,false,'Puntos',0);
INSERT INTO ticket(idTicket,idSucursal,idPersona,fecha,idMesero,aDomicilio,tipoPago,promocion) VALUES (4913605,34,9966131850,'2019-04-14',3266169129,true,'Efectivo',2);
INSERT INTO ticket(idTicket,idSucursal,idPersona,fecha,idMesero,aDomicilio,tipoPago,promocion) VALUES (24014138,56,2359755788,'2018-09-07',2898922803,false,'Efectivo',3);
INSERT INTO ticket(idTicket,idSucursal,idPersona,fecha,idMesero,aDomicilio,tipoPago,promocion) VALUES (77382991,44,4448788363,'2020-02-25',7445195339,true,'Efectivo',1);
INSERT INTO ticket(idTicket,idSucursal,idPersona,fecha,idMesero,aDomicilio,tipoPago,promocion) VALUES (41748115,20,966675254,'2020-10-06',2897541330,true,'Efectivo',0);
INSERT INTO ticket(idTicket,idSucursal,idPersona,fecha,idMesero,aDomicilio,tipoPago,promocion) VALUES (89993546,86,5359230600,'2018-09-11',9324630994,true,'Efectivo',2);
INSERT INTO ticket(idTicket,idSucursal,idPersona,fecha,idMesero,aDomicilio,tipoPago,promocion) VALUES (83353403,77,5208743413,'2018-03-31',466159214,false,'Efectivo',2);
INSERT INTO ticket(idTicket,idSucursal,idPersona,fecha,idMesero,aDomicilio,tipoPago,promocion) VALUES (57419754,98,1968274558,'2018-02-10',1982826289,false,'Tarjeta',2);
INSERT INTO ticket(idTicket,idSucursal,idPersona,fecha,idMesero,aDomicilio,tipoPago,promocion) VALUES (515660,49,9147665522,'2019-05-14',3241981965,false,'Efectivo',2);
INSERT INTO ticket(idTicket,idSucursal,idPersona,fecha,idMesero,aDomicilio,tipoPago,promocion) VALUES (98365960,80,9948274677,'2018-07-07',2669740263,true,'Tarjeta',2);
INSERT INTO ticket(idTicket,idSucursal,idPersona,fecha,idMesero,aDomicilio,tipoPago,promocion) VALUES (5601736,55,466159214,'2021-01-28',5196244432,false,'Puntos',0);
INSERT INTO ticket(idTicket,idSucursal,idPersona,fecha,idMesero,aDomicilio,tipoPago,promocion) VALUES (21657209,58,9968579265,'2019-07-22',466159214,false,'Tarjeta',2);
INSERT INTO ticket(idTicket,idSucursal,idPersona,fecha,idMesero,aDomicilio,tipoPago,promocion) VALUES (35344576,33,4111505148,'2019-01-11',7445195339,false,'Tarjeta',3);
INSERT INTO ticket(idTicket,idSucursal,idPersona,fecha,idMesero,aDomicilio,tipoPago,promocion) VALUES (33959138,45,9966131850,'2018-06-08',5647567179,true,'Tarjeta',0);
INSERT INTO ticket(idTicket,idSucursal,idPersona,fecha,idMesero,aDomicilio,tipoPago,promocion) VALUES (68649176,53,5208743413,'2018-12-18',7666518894,false,'Efectivo',1);
INSERT INTO ticket(idTicket,idSucursal,idPersona,fecha,idMesero,aDomicilio,tipoPago,promocion) VALUES (12550847,77,3277409555,'2019-01-05',2669740263,true,'Tarjeta',3);
INSERT INTO ticket(idTicket,idSucursal,idPersona,fecha,idMesero,aDomicilio,tipoPago,promocion) VALUES (18344521,20,4685253514,'2019-06-24',1982826289,true,'Efectivo',1);
INSERT INTO ticket(idTicket,idSucursal,idPersona,fecha,idMesero,aDomicilio,tipoPago,promocion) VALUES (9479606,17,5579040262,'2018-10-28',9324630994,true,'Efectivo',2);
INSERT INTO ticket(idTicket,idSucursal,idPersona,fecha,idMesero,aDomicilio,tipoPago,promocion) VALUES (66728108,30,3925971380,'2020-10-05',7666518894,true,'Efectivo',3);
INSERT INTO ticket(idTicket,idSucursal,idPersona,fecha,idMesero,aDomicilio,tipoPago,promocion) VALUES (8779932,2,6148690049,'2022-01-17',7666518894,true,'Efectivo',3);
INSERT INTO ticket(idTicket,idSucursal,idPersona,fecha,idMesero,aDomicilio,tipoPago,promocion) VALUES (59644174,53,1630148845,'2022-03-03',466159214,false,'Puntos',1);
INSERT INTO ticket(idTicket,idSucursal,idPersona,fecha,idMesero,aDomicilio,tipoPago,promocion) VALUES (90453874,69,2898922803,'2019-09-15',8344786324,false,'Tarjeta',0);
INSERT INTO ticket(idTicket,idSucursal,idPersona,fecha,idMesero,aDomicilio,tipoPago,promocion) VALUES (92018397,39,5363349456,'2019-06-17',466159214,false,'Puntos',1);
INSERT INTO ticket(idTicket,idSucursal,idPersona,fecha,idMesero,aDomicilio,tipoPago,promocion) VALUES (97997716,16,466159214,'2019-09-10',3714859906,true,'Tarjeta',3);
INSERT INTO ticket(idTicket,idSucursal,idPersona,fecha,idMesero,aDomicilio,tipoPago,promocion) VALUES (3788776,87,5697995127,'2018-04-02',7666518894,true,'Efectivo',2);
INSERT INTO ticket(idTicket,idSucursal,idPersona,fecha,idMesero,aDomicilio,tipoPago,promocion) VALUES (68820752,94,8879203287,'2020-09-28',7666518894,false,'Efectivo',0);
INSERT INTO ticket(idTicket,idSucursal,idPersona,fecha,idMesero,aDomicilio,tipoPago,promocion) VALUES (70211794,54,7104153278,'2021-02-25',5682280513,true,'Efectivo',1);
INSERT INTO ticket(idTicket,idSucursal,idPersona,fecha,idMesero,aDomicilio,tipoPago,promocion) VALUES (88042754,68,2072125457,'2018-03-10',8344786324,true,'Efectivo',3);
INSERT INTO ticket(idTicket,idSucursal,idPersona,fecha,idMesero,aDomicilio,tipoPago,promocion) VALUES (54244119,97,59055071,'2018-09-02',5196244432,true,'Efectivo',0);
INSERT INTO ticket(idTicket,idSucursal,idPersona,fecha,idMesero,aDomicilio,tipoPago,promocion) VALUES (81317527,29,1504195635,'2018-07-17',5196244432,true,'Tarjeta',3);
INSERT INTO ticket(idTicket,idSucursal,idPersona,fecha,idMesero,aDomicilio,tipoPago,promocion) VALUES (13322181,100,1504195635,'2018-10-28',5196244432,false,'Puntos',2);
INSERT INTO ticket(idTicket,idSucursal,idPersona,fecha,idMesero,aDomicilio,tipoPago,promocion) VALUES (36767494,96,5359230600,'2020-11-29',2669740263,true,'Tarjeta',3);
INSERT INTO ticket(idTicket,idSucursal,idPersona,fecha,idMesero,aDomicilio,tipoPago,promocion) VALUES (31539943,65,372242028,'2021-11-19',4824390409,true,'Efectivo',1);
INSERT INTO ticket(idTicket,idSucursal,idPersona,fecha,idMesero,aDomicilio,tipoPago,promocion) VALUES (88426910,47,5918667099,'2022-06-17',7666518894,true,'Tarjeta',2);
INSERT INTO ticket(idTicket,idSucursal,idPersona,fecha,idMesero,aDomicilio,tipoPago,promocion) VALUES (82822298,11,2898922803,'2021-05-04',2897541330,true,'Efectivo',3);
INSERT INTO ticket(idTicket,idSucursal,idPersona,fecha,idMesero,aDomicilio,tipoPago,promocion) VALUES (93347143,47,5762667793,'2019-08-25',7666518894,true,'Tarjeta',3);
INSERT INTO ticket(idTicket,idSucursal,idPersona,fecha,idMesero,aDomicilio,tipoPago,promocion) VALUES (52132057,18,4535694681,'2021-06-27',2305944553,false,'Tarjeta',2);
INSERT INTO ticket(idTicket,idSucursal,idPersona,fecha,idMesero,aDomicilio,tipoPago,promocion) VALUES (55666949,52,1540233358,'2018-04-10',4824390409,true,'Efectivo',0);
INSERT INTO ticket(idTicket,idSucursal,idPersona,fecha,idMesero,aDomicilio,tipoPago,promocion) VALUES (34600340,4,9937506562,'2022-07-06',3714859906,true,'Tarjeta',2);
INSERT INTO ticket(idTicket,idSucursal,idPersona,fecha,idMesero,aDomicilio,tipoPago,promocion) VALUES (11477723,81,1887443984,'2018-04-07',3714859906,true,'Efectivo',1);
INSERT INTO ticket(idTicket,idSucursal,idPersona,fecha,idMesero,aDomicilio,tipoPago,promocion) VALUES (18063437,11,1887443984,'2019-08-12',466159214,true,'Efectivo',2);
INSERT INTO ticket(idTicket,idSucursal,idPersona,fecha,idMesero,aDomicilio,tipoPago,promocion) VALUES (98994821,29,7798302957,'2022-07-08',2669740263,false,'Efectivo',1);
INSERT INTO ticket(idTicket,idSucursal,idPersona,fecha,idMesero,aDomicilio,tipoPago,promocion) VALUES (86707087,37,5238841168,'2018-10-30',2897541330,false,'Efectivo',0);
INSERT INTO ticket(idTicket,idSucursal,idPersona,fecha,idMesero,aDomicilio,tipoPago,promocion) VALUES (88232680,33,2258224145,'2018-05-31',7666518894,false,'Efectivo',0);
INSERT INTO ticket(idTicket,idSucursal,idPersona,fecha,idMesero,aDomicilio,tipoPago,promocion) VALUES (16469815,85,4675768550,'2022-06-24',2669740263,true,'Efectivo',1);
INSERT INTO ticket(idTicket,idSucursal,idPersona,fecha,idMesero,aDomicilio,tipoPago,promocion) VALUES (22239418,17,5053860298,'2020-12-24',3714859906,true,'Efectivo',0);
INSERT INTO ticket(idTicket,idSucursal,idPersona,fecha,idMesero,aDomicilio,tipoPago,promocion) VALUES (78167130,17,4322605480,'2020-11-10',2898922803,true,'Efectivo',2);
INSERT INTO ticket(idTicket,idSucursal,idPersona,fecha,idMesero,aDomicilio,tipoPago,promocion) VALUES (57404733,70,389140275,'2022-06-14',3241981965,true,'Efectivo',0);
INSERT INTO ticket(idTicket,idSucursal,idPersona,fecha,idMesero,aDomicilio,tipoPago,promocion) VALUES (73681759,16,9968579265,'2021-08-05',1982826289,false,'Puntos',3);
INSERT INTO ticket(idTicket,idSucursal,idPersona,fecha,idMesero,aDomicilio,tipoPago,promocion) VALUES (24287361,97,5918667099,'2020-03-05',3266169129,false,'Puntos',0);
INSERT INTO ticket(idTicket,idSucursal,idPersona,fecha,idMesero,aDomicilio,tipoPago,promocion) VALUES (28164667,18,8540079398,'2022-05-16',5682280513,true,'Tarjeta',0);
INSERT INTO ticket(idTicket,idSucursal,idPersona,fecha,idMesero,aDomicilio,tipoPago,promocion) VALUES (79632082,51,7967170438,'2021-10-26',2669740263,false,'Tarjeta',0);
INSERT INTO ticket(idTicket,idSucursal,idPersona,fecha,idMesero,aDomicilio,tipoPago,promocion) VALUES (36310844,2,4685253514,'2021-12-08',2897541330,false,'Tarjeta',1);
INSERT INTO ticket(idTicket,idSucursal,idPersona,fecha,idMesero,aDomicilio,tipoPago,promocion) VALUES (85015000,56,4111505148,'2019-12-22',2669740263,true,'Efectivo',2);
INSERT INTO ticket(idTicket,idSucursal,idPersona,fecha,idMesero,aDomicilio,tipoPago,promocion) VALUES (57840800,31,6063150911,'2022-03-22',7666518894,true,'Tarjeta',0);
INSERT INTO ticket(idTicket,idSucursal,idPersona,fecha,idMesero,aDomicilio,tipoPago,promocion) VALUES (56529532,17,2304353832,'2020-01-02',466159214,false,'Efectivo',2);
INSERT INTO ticket(idTicket,idSucursal,idPersona,fecha,idMesero,aDomicilio,tipoPago,promocion) VALUES (74127204,10,4048060101,'2022-06-11',7666518894,true,'Tarjeta',1);
INSERT INTO ticket(idTicket,idSucursal,idPersona,fecha,idMesero,aDomicilio,tipoPago,promocion) VALUES (9776603,56,5682280513,'2021-12-10',7666518894,true,'Efectivo',0);
INSERT INTO ticket(idTicket,idSucursal,idPersona,fecha,idMesero,aDomicilio,tipoPago,promocion) VALUES (96968668,92,4649430798,'2022-03-12',8344786324,false,'Puntos',0);
INSERT INTO ticket(idTicket,idSucursal,idPersona,fecha,idMesero,aDomicilio,tipoPago,promocion) VALUES (51237868,88,578430369,'2020-08-01',2669740263,true,'Tarjeta',3);
INSERT INTO ticket(idTicket,idSucursal,idPersona,fecha,idMesero,aDomicilio,tipoPago,promocion) VALUES (10806971,18,7752320700,'2022-03-02',2897541330,true,'Tarjeta',0);
INSERT INTO ticket(idTicket,idSucursal,idPersona,fecha,idMesero,aDomicilio,tipoPago,promocion) VALUES (70497437,87,9937506562,'2021-01-29',1982826289,false,'Puntos',3);
INSERT INTO ticket(idTicket,idSucursal,idPersona,fecha,idMesero,aDomicilio,tipoPago,promocion) VALUES (60625656,66,5022587215,'2021-02-14',3266169129,true,'Efectivo',3);
INSERT INTO ticket(idTicket,idSucursal,idPersona,fecha,idMesero,aDomicilio,tipoPago,promocion) VALUES (62144352,51,5762667793,'2018-08-05',3714859906,false,'Efectivo',2);
INSERT INTO ticket(idTicket,idSucursal,idPersona,fecha,idMesero,aDomicilio,tipoPago,promocion) VALUES (37014420,61,2904319393,'2019-05-16',2897541330,false,'Efectivo',0);
INSERT INTO ticket(idTicket,idSucursal,idPersona,fecha,idMesero,aDomicilio,tipoPago,promocion) VALUES (76318921,43,4326672560,'2022-05-18',466159214,false,'Tarjeta',1);
INSERT INTO ticket(idTicket,idSucursal,idPersona,fecha,idMesero,aDomicilio,tipoPago,promocion) VALUES (9465892,81,6148690049,'2022-04-07',7666518894,true,'Tarjeta',3);
INSERT INTO ticket(idTicket,idSucursal,idPersona,fecha,idMesero,aDomicilio,tipoPago,promocion) VALUES (68518434,35,1630148845,'2021-08-30',5647567179,false,'Efectivo',3);
INSERT INTO ticket(idTicket,idSucursal,idPersona,fecha,idMesero,aDomicilio,tipoPago,promocion) VALUES (3407292,76,4197988907,'2021-06-21',7666518894,false,'Tarjeta',2);
INSERT INTO ticket(idTicket,idSucursal,idPersona,fecha,idMesero,aDomicilio,tipoPago,promocion) VALUES (80987680,71,5022587215,'2019-01-13',3266169129,false,'Puntos',3);
INSERT INTO ticket(idTicket,idSucursal,idPersona,fecha,idMesero,aDomicilio,tipoPago,promocion) VALUES (35801568,79,4474238046,'2018-01-24',3714859906,true,'Efectivo',2);
INSERT INTO ticket(idTicket,idSucursal,idPersona,fecha,idMesero,aDomicilio,tipoPago,promocion) VALUES (65892257,24,4921704866,'2020-09-22',4824390409,true,'Efectivo',2);
INSERT INTO ticket(idTicket,idSucursal,idPersona,fecha,idMesero,aDomicilio,tipoPago,promocion) VALUES (78518765,66,4048060101,'2022-06-14',2897541330,true,'Tarjeta',1);
INSERT INTO ticket(idTicket,idSucursal,idPersona,fecha,idMesero,aDomicilio,tipoPago,promocion) VALUES (4220391,44,9166327661,'2020-04-12',9927443485,true,'Efectivo',1);
INSERT INTO ticket(idTicket,idSucursal,idPersona,fecha,idMesero,aDomicilio,tipoPago,promocion) VALUES (1272611,32,8103847467,'2018-02-17',5196244432,true,'Efectivo',0);
INSERT INTO ticket(idTicket,idSucursal,idPersona,fecha,idMesero,aDomicilio,tipoPago,promocion) VALUES (54769734,73,7666518894,'2019-05-15',8344786324,false,'Efectivo',0);
INSERT INTO ticket(idTicket,idSucursal,idPersona,fecha,idMesero,aDomicilio,tipoPago,promocion) VALUES (77372570,93,2970957881,'2021-12-21',4824390409,true,'Efectivo',3);
INSERT INTO ticket(idTicket,idSucursal,idPersona,fecha,idMesero,aDomicilio,tipoPago,promocion) VALUES (81096431,44,790523475,'2021-08-09',3241981965,true,'Tarjeta',0);
INSERT INTO ticket(idTicket,idSucursal,idPersona,fecha,idMesero,aDomicilio,tipoPago,promocion) VALUES (87232780,41,1889390120,'2021-08-13',9324630994,false,'Puntos',3);
INSERT INTO ticket(idTicket,idSucursal,idPersona,fecha,idMesero,aDomicilio,tipoPago,promocion) VALUES (47740328,19,4584325207,'2019-02-15',466159214,true,'Efectivo',1);
INSERT INTO ticket(idTicket,idSucursal,idPersona,fecha,idMesero,aDomicilio,tipoPago,promocion) VALUES (59901502,50,5053860298,'2018-01-09',5682280513,true,'Efectivo',2);
INSERT INTO ticket(idTicket,idSucursal,idPersona,fecha,idMesero,aDomicilio,tipoPago,promocion) VALUES (90561306,9,7812901983,'2018-07-31',3266169129,true,'Efectivo',1);
INSERT INTO ticket(idTicket,idSucursal,idPersona,fecha,idMesero,aDomicilio,tipoPago,promocion) VALUES (75746960,37,8540079398,'2018-10-01',2898922803,true,'Tarjeta',0);
INSERT INTO ticket(idTicket,idSucursal,idPersona,fecha,idMesero,aDomicilio,tipoPago,promocion) VALUES (55061145,18,367730965,'2018-06-13',2669740263,false,'Tarjeta',0);
INSERT INTO ticket(idTicket,idSucursal,idPersona,fecha,idMesero,aDomicilio,tipoPago,promocion) VALUES (3187815,36,263502618,'2019-03-30',7445195339,false,'Efectivo',1);
INSERT INTO ticket(idTicket,idSucursal,idPersona,fecha,idMesero,aDomicilio,tipoPago,promocion) VALUES (85113633,68,1985335434,'2021-07-11',3714859906,true,'Efectivo',0);
INSERT INTO ticket(idTicket,idSucursal,idPersona,fecha,idMesero,aDomicilio,tipoPago,promocion) VALUES (79954515,47,611449146,'2020-09-25',4824390409,false,'Tarjeta',3);
INSERT INTO ticket(idTicket,idSucursal,idPersona,fecha,idMesero,aDomicilio,tipoPago,promocion) VALUES (10551814,54,4474238046,'2020-11-01',2897541330,false,'Efectivo',3);
INSERT INTO ticket(idTicket,idSucursal,idPersona,fecha,idMesero,aDomicilio,tipoPago,promocion) VALUES (14815271,60,9467139113,'2018-11-14',5196244432,false,'Tarjeta',0);
INSERT INTO ticket(idTicket,idSucursal,idPersona,fecha,idMesero,aDomicilio,tipoPago,promocion) VALUES (88186207,30,3600161760,'2018-08-15',3241981965,true,'Tarjeta',0);
INSERT INTO ticket(idTicket,idSucursal,idPersona,fecha,idMesero,aDomicilio,tipoPago,promocion) VALUES (40327149,73,9060297274,'2021-09-13',5196244432,true,'Efectivo',0);
INSERT INTO ticket(idTicket,idSucursal,idPersona,fecha,idMesero,aDomicilio,tipoPago,promocion) VALUES (9971483,42,7798302957,'2021-07-06',4824390409,true,'Tarjeta',1);
INSERT INTO ticket(idTicket,idSucursal,idPersona,fecha,idMesero,aDomicilio,tipoPago,promocion) VALUES (46410699,38,1512269663,'2022-01-10',2305944553,false,'Puntos',2);
INSERT INTO ticket(idTicket,idSucursal,idPersona,fecha,idMesero,aDomicilio,tipoPago,promocion) VALUES (50161765,56,6063150911,'2019-01-27',9324630994,true,'Tarjeta',3);
INSERT INTO ticket(idTicket,idSucursal,idPersona,fecha,idMesero,aDomicilio,tipoPago,promocion) VALUES (18223109,2,4466047455,'2020-08-28',5682280513,true,'Tarjeta',2);
INSERT INTO ticket(idTicket,idSucursal,idPersona,fecha,idMesero,aDomicilio,tipoPago,promocion) VALUES (99872802,13,7666518894,'2019-06-28',5682280513,false,'Efectivo',2);
INSERT INTO ticket(idTicket,idSucursal,idPersona,fecha,idMesero,aDomicilio,tipoPago,promocion) VALUES (78570778,50,9948274677,'2022-04-08',9927443485,true,'Tarjeta',0);
INSERT INTO ticket(idTicket,idSucursal,idPersona,fecha,idMesero,aDomicilio,tipoPago,promocion) VALUES (12483849,31,4943423479,'2021-09-02',9927443485,true,'Tarjeta',3);
INSERT INTO ticket(idTicket,idSucursal,idPersona,fecha,idMesero,aDomicilio,tipoPago,promocion) VALUES (15674664,18,9966131850,'2021-04-18',5647567179,true,'Efectivo',3);
INSERT INTO ticket(idTicket,idSucursal,idPersona,fecha,idMesero,aDomicilio,tipoPago,promocion) VALUES (3639566,21,1648288540,'2018-06-19',466159214,false,'Efectivo',1);
INSERT INTO ticket(idTicket,idSucursal,idPersona,fecha,idMesero,aDomicilio,tipoPago,promocion) VALUES (91376505,60,2090377515,'2021-04-26',5196244432,false,'Puntos',2);
INSERT INTO ticket(idTicket,idSucursal,idPersona,fecha,idMesero,aDomicilio,tipoPago,promocion) VALUES (905283,29,7055707031,'2019-11-21',7666518894,false,'Efectivo',1);
INSERT INTO ticket(idTicket,idSucursal,idPersona,fecha,idMesero,aDomicilio,tipoPago,promocion) VALUES (6688532,10,9963395855,'2021-11-30',3714859906,true,'Efectivo',1);
INSERT INTO ticket(idTicket,idSucursal,idPersona,fecha,idMesero,aDomicilio,tipoPago,promocion) VALUES (45981087,60,8085446868,'2020-12-10',3241981965,true,'Tarjeta',3);
INSERT INTO ticket(idTicket,idSucursal,idPersona,fecha,idMesero,aDomicilio,tipoPago,promocion) VALUES (63802718,98,2064619302,'2020-12-09',5682280513,true,'Efectivo',1);
INSERT INTO ticket(idTicket,idSucursal,idPersona,fecha,idMesero,aDomicilio,tipoPago,promocion) VALUES (73480692,46,3754345212,'2018-10-07',1982826289,true,'Efectivo',2);
INSERT INTO ticket(idTicket,idSucursal,idPersona,fecha,idMesero,aDomicilio,tipoPago,promocion) VALUES (88785269,26,389450281,'2018-07-16',2305944553,true,'Efectivo',2);
INSERT INTO ticket(idTicket,idSucursal,idPersona,fecha,idMesero,aDomicilio,tipoPago,promocion) VALUES (11256483,55,966675254,'2019-11-17',4824390409,true,'Efectivo',0);
INSERT INTO ticket(idTicket,idSucursal,idPersona,fecha,idMesero,aDomicilio,tipoPago,promocion) VALUES (6851962,68,1889390120,'2018-06-26',9324630994,true,'Tarjeta',3);
INSERT INTO ticket(idTicket,idSucursal,idPersona,fecha,idMesero,aDomicilio,tipoPago,promocion) VALUES (61663466,46,8226214329,'2022-03-27',8344786324,false,'Efectivo',1);
INSERT INTO ticket(idTicket,idSucursal,idPersona,fecha,idMesero,aDomicilio,tipoPago,promocion) VALUES (66099664,12,4943423479,'2022-07-07',3754345212,false,'Efectivo',0);
INSERT INTO ticket(idTicket,idSucursal,idPersona,fecha,idMesero,aDomicilio,tipoPago,promocion) VALUES (34941534,5,2304353832,'2022-06-16',5647567179,false,'Puntos',3);
INSERT INTO ticket(idTicket,idSucursal,idPersona,fecha,idMesero,aDomicilio,tipoPago,promocion) VALUES (38922740,13,1540233358,'2022-03-10',3266169129,false,'Tarjeta',3);
INSERT INTO ticket(idTicket,idSucursal,idPersona,fecha,idMesero,aDomicilio,tipoPago,promocion) VALUES (43445916,6,9060297274,'2020-02-12',3754345212,false,'Tarjeta',2);
INSERT INTO ticket(idTicket,idSucursal,idPersona,fecha,idMesero,aDomicilio,tipoPago,promocion) VALUES (45133630,34,389140275,'2021-06-26',5647567179,false,'Efectivo',1);
INSERT INTO ticket(idTicket,idSucursal,idPersona,fecha,idMesero,aDomicilio,tipoPago,promocion) VALUES (80869555,3,6148690049,'2021-12-30',2305944553,false,'Puntos',3);
INSERT INTO ticket(idTicket,idSucursal,idPersona,fecha,idMesero,aDomicilio,tipoPago,promocion) VALUES (97292949,96,1889390120,'2021-05-12',2669740263,true,'Efectivo',0);
INSERT INTO ticket(idTicket,idSucursal,idPersona,fecha,idMesero,aDomicilio,tipoPago,promocion) VALUES (4805348,91,7101829993,'2020-12-25',5682280513,false,'Puntos',2);
INSERT INTO ticket(idTicket,idSucursal,idPersona,fecha,idMesero,aDomicilio,tipoPago,promocion) VALUES (75275367,79,3805224239,'2018-08-22',2897541330,false,'Efectivo',3);
INSERT INTO ticket(idTicket,idSucursal,idPersona,fecha,idMesero,aDomicilio,tipoPago,promocion) VALUES (2980057,77,2940815592,'2021-07-14',9927443485,true,'Efectivo',2);
INSERT INTO ticket(idTicket,idSucursal,idPersona,fecha,idMesero,aDomicilio,tipoPago,promocion) VALUES (95888737,69,9124372689,'2020-08-29',2669740263,false,'Tarjeta',0);
INSERT INTO ticket(idTicket,idSucursal,idPersona,fecha,idMesero,aDomicilio,tipoPago,promocion) VALUES (57910571,30,1540233358,'2019-08-16',2898922803,true,'Efectivo',1);
INSERT INTO ticket(idTicket,idSucursal,idPersona,fecha,idMesero,aDomicilio,tipoPago,promocion) VALUES (55268875,75,1985335434,'2021-04-23',5647567179,false,'Efectivo',0);
INSERT INTO ticket(idTicket,idSucursal,idPersona,fecha,idMesero,aDomicilio,tipoPago,promocion) VALUES (46239794,11,1887443984,'2018-09-11',9324630994,true,'Efectivo',1);
INSERT INTO ticket(idTicket,idSucursal,idPersona,fecha,idMesero,aDomicilio,tipoPago,promocion) VALUES (17634673,49,1985335434,'2020-05-28',7666518894,true,'Efectivo',3);
INSERT INTO ticket(idTicket,idSucursal,idPersona,fecha,idMesero,aDomicilio,tipoPago,promocion) VALUES (93790917,67,1889390120,'2019-06-19',5647567179,true,'Efectivo',2);
INSERT INTO ticket(idTicket,idSucursal,idPersona,fecha,idMesero,aDomicilio,tipoPago,promocion) VALUES (89188713,80,4153370542,'2022-03-13',2669740263,true,'Efectivo',1);
INSERT INTO ticket(idTicket,idSucursal,idPersona,fecha,idMesero,aDomicilio,tipoPago,promocion) VALUES (25842472,82,9940256031,'2021-02-11',7666518894,true,'Tarjeta',2);
INSERT INTO ticket(idTicket,idSucursal,idPersona,fecha,idMesero,aDomicilio,tipoPago,promocion) VALUES (74166973,25,828926605,'2019-01-10',2669740263,false,'Puntos',3);
INSERT INTO ticket(idTicket,idSucursal,idPersona,fecha,idMesero,aDomicilio,tipoPago,promocion) VALUES (24477246,26,7445195339,'2019-07-26',1982826289,true,'Efectivo',0);
INSERT INTO ticket(idTicket,idSucursal,idPersona,fecha,idMesero,aDomicilio,tipoPago,promocion) VALUES (21515821,97,5912515854,'2022-06-06',5196244432,false,'Puntos',0);
INSERT INTO ticket(idTicket,idSucursal,idPersona,fecha,idMesero,aDomicilio,tipoPago,promocion) VALUES (62048547,1,5697995127,'2021-12-01',5682280513,true,'Efectivo',0);
INSERT INTO ticket(idTicket,idSucursal,idPersona,fecha,idMesero,aDomicilio,tipoPago,promocion) VALUES (81978749,28,8948853576,'2019-06-10',1982826289,true,'Efectivo',3);
INSERT INTO ticket(idTicket,idSucursal,idPersona,fecha,idMesero,aDomicilio,tipoPago,promocion) VALUES (48479119,31,4326672560,'2021-03-17',4824390409,true,'Tarjeta',0);
INSERT INTO ticket(idTicket,idSucursal,idPersona,fecha,idMesero,aDomicilio,tipoPago,promocion) VALUES (33182028,22,2258224145,'2018-02-12',3754345212,false,'Tarjeta',3);
INSERT INTO ticket(idTicket,idSucursal,idPersona,fecha,idMesero,aDomicilio,tipoPago,promocion) VALUES (51344901,2,1985335434,'2021-11-06',5196244432,true,'Efectivo',0);
INSERT INTO ticket(idTicket,idSucursal,idPersona,fecha,idMesero,aDomicilio,tipoPago,promocion) VALUES (27088031,34,9940256031,'2022-04-11',5647567179,false,'Puntos',2);
INSERT INTO ticket(idTicket,idSucursal,idPersona,fecha,idMesero,aDomicilio,tipoPago,promocion) VALUES (3164324,31,329825151,'2019-01-25',2305944553,false,'Puntos',3);
INSERT INTO ticket(idTicket,idSucursal,idPersona,fecha,idMesero,aDomicilio,tipoPago,promocion) VALUES (82790506,43,5682280513,'2021-12-28',2305944553,false,'Efectivo',2);
INSERT INTO ticket(idTicket,idSucursal,idPersona,fecha,idMesero,aDomicilio,tipoPago,promocion) VALUES (90453292,62,2904319393,'2020-10-11',2305944553,true,'Efectivo',3);
INSERT INTO ticket(idTicket,idSucursal,idPersona,fecha,idMesero,aDomicilio,tipoPago,promocion) VALUES (95076070,74,1374067615,'2021-05-10',7445195339,true,'Efectivo',1);
INSERT INTO ticket(idTicket,idSucursal,idPersona,fecha,idMesero,aDomicilio,tipoPago,promocion) VALUES (3373922,9,1512269663,'2021-02-12',9927443485,false,'Tarjeta',0);
INSERT INTO ticket(idTicket,idSucursal,idPersona,fecha,idMesero,aDomicilio,tipoPago,promocion) VALUES (60336965,15,4649430798,'2018-02-04',7445195339,false,'Efectivo',1);
INSERT INTO ticket(idTicket,idSucursal,idPersona,fecha,idMesero,aDomicilio,tipoPago,promocion) VALUES (89476879,86,7967170438,'2018-12-09',5647567179,false,'Puntos',3);
INSERT INTO ticket(idTicket,idSucursal,idPersona,fecha,idMesero,aDomicilio,tipoPago,promocion) VALUES (83040665,6,4569441766,'2019-04-05',3714859906,false,'Efectivo',0);
INSERT INTO ticket(idTicket,idSucursal,idPersona,fecha,idMesero,aDomicilio,tipoPago,promocion) VALUES (36702098,55,5053860298,'2019-12-27',3266169129,false,'Puntos',3);
INSERT INTO ticket(idTicket,idSucursal,idPersona,fecha,idMesero,aDomicilio,tipoPago,promocion) VALUES (64759708,66,361692480,'2018-07-05',5682280513,true,'Tarjeta',3);
INSERT INTO ticket(idTicket,idSucursal,idPersona,fecha,idMesero,aDomicilio,tipoPago,promocion) VALUES (34182234,69,4263287800,'2022-05-03',3714859906,false,'Tarjeta',0);
INSERT INTO ticket(idTicket,idSucursal,idPersona,fecha,idMesero,aDomicilio,tipoPago,promocion) VALUES (24345164,90,4921704866,'2021-11-01',1982826289,false,'Efectivo',0);
INSERT INTO ticket(idTicket,idSucursal,idPersona,fecha,idMesero,aDomicilio,tipoPago,promocion) VALUES (53706190,69,4448788363,'2018-01-19',7445195339,false,'Efectivo',1);
INSERT INTO ticket(idTicket,idSucursal,idPersona,fecha,idMesero,aDomicilio,tipoPago,promocion) VALUES (39729585,91,9713347057,'2021-08-30',8344786324,false,'Tarjeta',0);
INSERT INTO ticket(idTicket,idSucursal,idPersona,fecha,idMesero,aDomicilio,tipoPago,promocion) VALUES (64330481,94,3754345212,'2020-12-24',4824390409,true,'Efectivo',1);
INSERT INTO ticket(idTicket,idSucursal,idPersona,fecha,idMesero,aDomicilio,tipoPago,promocion) VALUES (96044639,20,8131402920,'2019-03-08',9927443485,false,'Puntos',2);
INSERT INTO ticket(idTicket,idSucursal,idPersona,fecha,idMesero,aDomicilio,tipoPago,promocion) VALUES (22050842,41,3657392180,'2019-09-07',1982826289,false,'Puntos',0);
INSERT INTO ticket(idTicket,idSucursal,idPersona,fecha,idMesero,aDomicilio,tipoPago,promocion) VALUES (1686426,86,8193630594,'2021-04-23',5647567179,true,'Efectivo',2);
INSERT INTO ticket(idTicket,idSucursal,idPersona,fecha,idMesero,aDomicilio,tipoPago,promocion) VALUES (17901566,69,4649430798,'2019-12-13',1982826289,true,'Efectivo',2);
INSERT INTO ticket(idTicket,idSucursal,idPersona,fecha,idMesero,aDomicilio,tipoPago,promocion) VALUES (89442383,82,4569441766,'2019-03-12',9324630994,false,'Puntos',3);
INSERT INTO ticket(idTicket,idSucursal,idPersona,fecha,idMesero,aDomicilio,tipoPago,promocion) VALUES (70389984,39,5363349456,'2019-08-31',1982826289,true,'Efectivo',0);
INSERT INTO ticket(idTicket,idSucursal,idPersona,fecha,idMesero,aDomicilio,tipoPago,promocion) VALUES (91777385,32,6216334768,'2019-01-01',3266169129,true,'Tarjeta',2);
INSERT INTO ticket(idTicket,idSucursal,idPersona,fecha,idMesero,aDomicilio,tipoPago,promocion) VALUES (42481007,73,7812901983,'2020-12-26',466159214,false,'Puntos',0);
INSERT INTO ticket(idTicket,idSucursal,idPersona,fecha,idMesero,aDomicilio,tipoPago,promocion) VALUES (8628652,70,2683577435,'2021-08-04',7445195339,false,'Efectivo',2);
INSERT INTO ticket(idTicket,idSucursal,idPersona,fecha,idMesero,aDomicilio,tipoPago,promocion) VALUES (56889997,2,578430369,'2019-12-29',3241981965,false,'Tarjeta',3);
INSERT INTO ticket(idTicket,idSucursal,idPersona,fecha,idMesero,aDomicilio,tipoPago,promocion) VALUES (82066408,23,4450805932,'2021-09-03',2305944553,false,'Tarjeta',2);
INSERT INTO ticket(idTicket,idSucursal,idPersona,fecha,idMesero,aDomicilio,tipoPago,promocion) VALUES (29229937,86,7630311281,'2021-05-01',2305944553,false,'Tarjeta',3);
INSERT INTO ticket(idTicket,idSucursal,idPersona,fecha,idMesero,aDomicilio,tipoPago,promocion) VALUES (49481393,64,4649430798,'2021-01-11',5682280513,true,'Tarjeta',1);
INSERT INTO ticket(idTicket,idSucursal,idPersona,fecha,idMesero,aDomicilio,tipoPago,promocion) VALUES (71792893,55,8540079398,'2020-10-18',8344786324,false,'Tarjeta',0);
INSERT INTO ticket(idTicket,idSucursal,idPersona,fecha,idMesero,aDomicilio,tipoPago,promocion) VALUES (54192938,10,1181873554,'2021-03-06',4824390409,false,'Tarjeta',2);
INSERT INTO ticket(idTicket,idSucursal,idPersona,fecha,idMesero,aDomicilio,tipoPago,promocion) VALUES (7919768,63,1512269663,'2019-12-09',5682280513,true,'Efectivo',3);
INSERT INTO ticket(idTicket,idSucursal,idPersona,fecha,idMesero,aDomicilio,tipoPago,promocion) VALUES (61975250,4,7812901983,'2019-10-09',2898922803,true,'Efectivo',3);
INSERT INTO ticket(idTicket,idSucursal,idPersona,fecha,idMesero,aDomicilio,tipoPago,promocion) VALUES (90601104,2,1512269663,'2021-12-07',3266169129,true,'Tarjeta',0);
INSERT INTO ticket(idTicket,idSucursal,idPersona,fecha,idMesero,aDomicilio,tipoPago,promocion) VALUES (2737279,36,9324630994,'2019-03-28',7666518894,true,'Tarjeta',2);
INSERT INTO ticket(idTicket,idSucursal,idPersona,fecha,idMesero,aDomicilio,tipoPago,promocion) VALUES (71928648,69,3277409555,'2019-11-15',466159214,true,'Efectivo',1);
INSERT INTO ticket(idTicket,idSucursal,idPersona,fecha,idMesero,aDomicilio,tipoPago,promocion) VALUES (91931504,6,5682280513,'2020-06-12',3241981965,true,'Efectivo',1);
INSERT INTO ticket(idTicket,idSucursal,idPersona,fecha,idMesero,aDomicilio,tipoPago,promocion) VALUES (91900510,2,5053860298,'2018-08-11',1982826289,true,'Efectivo',0);
INSERT INTO ticket(idTicket,idSucursal,idPersona,fecha,idMesero,aDomicilio,tipoPago,promocion) VALUES (26954239,16,1919461831,'2019-02-16',5196244432,false,'Efectivo',1);
INSERT INTO ticket(idTicket,idSucursal,idPersona,fecha,idMesero,aDomicilio,tipoPago,promocion) VALUES (60255786,74,5363349456,'2021-12-12',2898922803,false,'Tarjeta',1);
INSERT INTO ticket(idTicket,idSucursal,idPersona,fecha,idMesero,aDomicilio,tipoPago,promocion) VALUES (11895697,30,3270748967,'2020-01-29',5196244432,false,'Efectivo',3);
INSERT INTO ticket(idTicket,idSucursal,idPersona,fecha,idMesero,aDomicilio,tipoPago,promocion) VALUES (448266,22,5579040262,'2020-03-15',4824390409,true,'Efectivo',2);
INSERT INTO ticket(idTicket,idSucursal,idPersona,fecha,idMesero,aDomicilio,tipoPago,promocion) VALUES (77419558,44,7666518894,'2018-03-28',5196244432,true,'Efectivo',0);
INSERT INTO ticket(idTicket,idSucursal,idPersona,fecha,idMesero,aDomicilio,tipoPago,promocion) VALUES (84734077,64,4049744431,'2018-07-27',3754345212,false,'Puntos',3);
INSERT INTO ticket(idTicket,idSucursal,idPersona,fecha,idMesero,aDomicilio,tipoPago,promocion) VALUES (18088448,95,372242028,'2018-02-06',5682280513,false,'Tarjeta',2);
INSERT INTO ticket(idTicket,idSucursal,idPersona,fecha,idMesero,aDomicilio,tipoPago,promocion) VALUES (75435505,91,9937506562,'2020-12-29',3266169129,true,'Efectivo',3);
INSERT INTO ticket(idTicket,idSucursal,idPersona,fecha,idMesero,aDomicilio,tipoPago,promocion) VALUES (19311484,33,1985335434,'2020-03-01',9324630994,true,'Efectivo',1);
INSERT INTO ticket(idTicket,idSucursal,idPersona,fecha,idMesero,aDomicilio,tipoPago,promocion) VALUES (29552470,41,389450281,'2021-04-03',5647567179,false,'Efectivo',2);
INSERT INTO ticket(idTicket,idSucursal,idPersona,fecha,idMesero,aDomicilio,tipoPago,promocion) VALUES (85592813,86,5022587215,'2018-02-10',2305944553,false,'Tarjeta',3);
INSERT INTO ticket(idTicket,idSucursal,idPersona,fecha,idMesero,aDomicilio,tipoPago,promocion) VALUES (32089059,32,8193630594,'2020-04-16',7445195339,true,'Efectivo',3);
INSERT INTO ticket(idTicket,idSucursal,idPersona,fecha,idMesero,aDomicilio,tipoPago,promocion) VALUES (80742295,11,7630311281,'2018-12-21',9927443485,true,'Tarjeta',2);
INSERT INTO ticket(idTicket,idSucursal,idPersona,fecha,idMesero,aDomicilio,tipoPago,promocion) VALUES (13129522,75,2970957881,'2022-04-21',5196244432,false,'Puntos',1);
INSERT INTO ticket(idTicket,idSucursal,idPersona,fecha,idMesero,aDomicilio,tipoPago,promocion) VALUES (38347074,79,1895109845,'2019-05-16',9324630994,false,'Tarjeta',3);
INSERT INTO ticket(idTicket,idSucursal,idPersona,fecha,idMesero,aDomicilio,tipoPago,promocion) VALUES (36769110,73,4649430798,'2018-05-23',3266169129,false,'Tarjeta',3);
INSERT INTO ticket(idTicket,idSucursal,idPersona,fecha,idMesero,aDomicilio,tipoPago,promocion) VALUES (65681948,49,4322605480,'2018-10-14',4824390409,false,'Efectivo',0);
INSERT INTO ticket(idTicket,idSucursal,idPersona,fecha,idMesero,aDomicilio,tipoPago,promocion) VALUES (89372417,87,5363349456,'2019-01-07',5682280513,false,'Puntos',2);
INSERT INTO ticket(idTicket,idSucursal,idPersona,fecha,idMesero,aDomicilio,tipoPago,promocion) VALUES (66174882,47,4992115234,'2018-05-19',4824390409,true,'Efectivo',1);



/*-----------------------------------------------------------------------
 -------------------------[ Datos de Platillo ]--------------------------
 ----------------------------------------------------------------------*/
INSERT INTO platillo(idProducto,tipoPlatillo)
  VALUES (1,'Taco Pastor');
INSERT INTO platillo(idProducto,tipoPlatillo)
  VALUES (2,'Taco Costilla');
INSERT INTO platillo(idProducto,tipoPlatillo)
  VALUES (3,'Taco Bistec');
INSERT INTO platillo(idProducto,tipoPlatillo)
  VALUES (4,'Taco Arrachera');
INSERT INTO platillo(idProducto,tipoPlatillo)
  VALUES (5,'Taco Suadero');
INSERT INTO platillo(idProducto,tipoPlatillo)
  VALUES (6,'Mixiote Pollo');
INSERT INTO platillo(idProducto,tipoPlatillo)
  VALUES (7,'Pozole');
INSERT INTO platillo(idProducto,tipoPlatillo)
  VALUES (8,'Enchiladas Verdes');
INSERT INTO platillo(idProducto,tipoPlatillo)
  VALUES (9,'Enchiladas Rojas');
INSERT INTO platillo(idProducto,tipoPlatillo)
  VALUES (10,'Torta Pierna');
INSERT INTO platillo(idProducto,tipoPlatillo)
  VALUES (11,'Torta Milanesa');
INSERT INTO platillo(idProducto,tipoPlatillo)
  VALUES (12,'Torta Jamon');
INSERT INTO platillo(idProducto,tipoPlatillo)
  VALUES (13,'Flauta Pollo');
INSERT INTO platillo(idProducto,tipoPlatillo)
  VALUES (14,'Flauta Papa');
INSERT INTO platillo(idProducto,tipoPlatillo)
  VALUES (15,'Flauta Res');
INSERT INTO platillo(idProducto,tipoPlatillo)
  VALUES (16,'Taco longaniza');
INSERT INTO platillo(idProducto,tipoPlatillo)
  VALUES (17,'Taco sesos');
INSERT INTO platillo(idProducto,tipoPlatillo)
  VALUES (18,'Taco tripa');
INSERT INTO platillo(idProducto,tipoPlatillo)
  VALUES (19,'Huevo Revuelto');
INSERT INTO platillo(idProducto,tipoPlatillo)
  VALUES (20,'Huevo a la mexicana');
INSERT INTO platillo(idProducto,tipoPlatillo)
  VALUES (21,'Huevo estrellado');
INSERT INTO platillo(idProducto,tipoPlatillo)
  VALUES (22,'Huevos Divorciados');
INSERT INTO platillo(idProducto,tipoPlatillo)
  VALUES (23,'Huevo Ranchero');
INSERT INTO platillo(idProducto,tipoPlatillo)
  VALUES (24,'Taco Pastor');
INSERT INTO platillo(idProducto,tipoPlatillo)
  VALUES (25,'Orden Costilla');
INSERT INTO platillo(idProducto,tipoPlatillo)
  VALUES (26,'Orden Bistec');
INSERT INTO platillo(idProducto,tipoPlatillo)
  VALUES (27,'Orden Arrachera');
INSERT INTO platillo(idProducto,tipoPlatillo)
  VALUES (28,'Orden Suadero');
INSERT INTO platillo(idProducto,tipoPlatillo)
  VALUES (29,'Agua de Jamaica');
INSERT INTO platillo(idProducto,tipoPlatillo)
  VALUES (30,'Agua de Horchata');
INSERT INTO platillo(idProducto,tipoPlatillo)
  VALUES (31,'Refresco');

/*-----------------------------------------------------------------------
 ----------------------[ Datos de precioPlatillo ]-----------------------
 ----------------------------------------------------------------------*/
INSERT INTO precioPlatillo(idProducto,precio,fecha)
  VALUES (25,92,'2015-11-04');
INSERT INTO precioPlatillo(idProducto,precio,fecha)
  VALUES (4,298,'2021-11-18');
INSERT INTO precioPlatillo(idProducto,precio,fecha)
  VALUES (13,115,'2021-02-09');
INSERT INTO precioPlatillo(idProducto,precio,fecha)
  VALUES (18,147,'2021-12-26');
INSERT INTO precioPlatillo(idProducto,precio,fecha)
  VALUES (13,114,'2018-02-05');
INSERT INTO precioPlatillo(idProducto,precio,fecha)
  VALUES (26,126,'2018-02-17');
INSERT INTO precioPlatillo(idProducto,precio,fecha)
  VALUES (31,200,'2015-08-07');
INSERT INTO precioPlatillo(idProducto,precio,fecha)
  VALUES (30,298,'2017-01-25');
INSERT INTO precioPlatillo(idProducto,precio,fecha)
  VALUES (7,41,'2018-09-13');
INSERT INTO precioPlatillo(idProducto,precio,fecha)
  VALUES (16,258,'2019-11-04');
INSERT INTO precioPlatillo(idProducto,precio,fecha)
  VALUES (15,140,'2019-08-28');
INSERT INTO precioPlatillo(idProducto,precio,fecha)
  VALUES (17,74,'2020-11-14');
INSERT INTO precioPlatillo(idProducto,precio,fecha)
  VALUES (8,34,'2017-01-21');
INSERT INTO precioPlatillo(idProducto,precio,fecha)
  VALUES (28,61,'2021-12-15');
INSERT INTO precioPlatillo(idProducto,precio,fecha)
  VALUES (11,192,'2022-03-24');
INSERT INTO precioPlatillo(idProducto,precio,fecha)
  VALUES (17,265,'2019-06-26');
INSERT INTO precioPlatillo(idProducto,precio,fecha)
  VALUES (25,275,'2016-05-26');
INSERT INTO precioPlatillo(idProducto,precio,fecha)
  VALUES (31,176,'2021-04-17');
INSERT INTO precioPlatillo(idProducto,precio,fecha)
  VALUES (31,256,'2017-09-25');
INSERT INTO precioPlatillo(idProducto,precio,fecha)
  VALUES (8,165,'2017-12-04');
INSERT INTO precioPlatillo(idProducto,precio,fecha)
  VALUES (10,220,'2018-05-25');
INSERT INTO precioPlatillo(idProducto,precio,fecha)
  VALUES (22,236,'2017-04-01');
INSERT INTO precioPlatillo(idProducto,precio,fecha)
  VALUES (8,292,'2016-12-31');
INSERT INTO precioPlatillo(idProducto,precio,fecha)
  VALUES (11,139,'2018-06-04');
INSERT INTO precioPlatillo(idProducto,precio,fecha)
  VALUES (19,299,'2017-10-04');
INSERT INTO precioPlatillo(idProducto,precio,fecha)
  VALUES (8,94,'2021-01-23');
INSERT INTO precioPlatillo(idProducto,precio,fecha)
  VALUES (21,37,'2019-09-02');
INSERT INTO precioPlatillo(idProducto,precio,fecha)
  VALUES (2,181,'2018-06-22');
INSERT INTO precioPlatillo(idProducto,precio,fecha)
  VALUES (13,182,'2019-04-15');
INSERT INTO precioPlatillo(idProducto,precio,fecha)
  VALUES (3,49,'2019-03-10');
INSERT INTO precioPlatillo(idProducto,precio,fecha)
  VALUES (8,67,'2019-10-07');
INSERT INTO precioPlatillo(idProducto,precio,fecha)
  VALUES (8,59,'2021-05-25');
INSERT INTO precioPlatillo(idProducto,precio,fecha)
  VALUES (11,232,'2019-09-12');
INSERT INTO precioPlatillo(idProducto,precio,fecha)
  VALUES (5,92,'2019-09-12');
INSERT INTO precioPlatillo(idProducto,precio,fecha)
  VALUES (16,298,'2017-03-05');
INSERT INTO precioPlatillo(idProducto,precio,fecha)
  VALUES (22,132,'2020-09-18');
INSERT INTO precioPlatillo(idProducto,precio,fecha)
  VALUES (2,222,'2015-09-19');
INSERT INTO precioPlatillo(idProducto,precio,fecha)
  VALUES (23,181,'2018-01-05');
INSERT INTO precioPlatillo(idProducto,precio,fecha)
  VALUES (3,237,'2015-12-12');
INSERT INTO precioPlatillo(idProducto,precio,fecha)
  VALUES (9,159,'2021-09-05');
INSERT INTO precioPlatillo(idProducto,precio,fecha)
  VALUES (18,94,'2017-02-25');
INSERT INTO precioPlatillo(idProducto,precio,fecha)
  VALUES (2,34,'2019-08-31');
INSERT INTO precioPlatillo(idProducto,precio,fecha)
  VALUES (22,153,'2021-06-17');
INSERT INTO precioPlatillo(idProducto,precio,fecha)
  VALUES (13,232,'2017-06-17');
INSERT INTO precioPlatillo(idProducto,precio,fecha)
  VALUES (25,106,'2017-05-04');
INSERT INTO precioPlatillo(idProducto,precio,fecha)
  VALUES (22,92,'2020-02-14');
INSERT INTO precioPlatillo(idProducto,precio,fecha)
  VALUES (16,87,'2021-04-01');
INSERT INTO precioPlatillo(idProducto,precio,fecha)
  VALUES (2,63,'2017-10-08');
INSERT INTO precioPlatillo(idProducto,precio,fecha)
  VALUES (5,210,'2019-10-08');
INSERT INTO precioPlatillo(idProducto,precio,fecha)
  VALUES (24,285,'2021-01-23');
INSERT INTO precioPlatillo(idProducto,precio,fecha)
  VALUES (12,202,'2021-08-04');
INSERT INTO precioPlatillo(idProducto,precio,fecha)
  VALUES (14,283,'2020-01-13');
INSERT INTO precioPlatillo(idProducto,precio,fecha)
  VALUES (25,114,'2021-07-23');
INSERT INTO precioPlatillo(idProducto,precio,fecha)
  VALUES (9,217,'2021-01-22');
INSERT INTO precioPlatillo(idProducto,precio,fecha)
  VALUES (25,265,'2020-11-15');
INSERT INTO precioPlatillo(idProducto,precio,fecha)
  VALUES (15,272,'2015-09-29');
INSERT INTO precioPlatillo(idProducto,precio,fecha)
  VALUES (10,26,'2019-01-11');
INSERT INTO precioPlatillo(idProducto,precio,fecha)
  VALUES (19,157,'2020-07-17');
INSERT INTO precioPlatillo(idProducto,precio,fecha)
  VALUES (21,194,'2022-01-03');
INSERT INTO precioPlatillo(idProducto,precio,fecha)
  VALUES (2,111,'2021-02-14');
INSERT INTO precioPlatillo(idProducto,precio,fecha)
  VALUES (31,242,'2016-11-13');
INSERT INTO precioPlatillo(idProducto,precio,fecha)
  VALUES (27,72,'2016-12-09');
INSERT INTO precioPlatillo(idProducto,precio,fecha)
  VALUES (10,260,'2021-06-10');
INSERT INTO precioPlatillo(idProducto,precio,fecha)
  VALUES (26,79,'2017-04-08');
INSERT INTO precioPlatillo(idProducto,precio,fecha)
  VALUES (2,137,'2021-10-05');
INSERT INTO precioPlatillo(idProducto,precio,fecha)
  VALUES (1,264,'2015-07-11');
INSERT INTO precioPlatillo(idProducto,precio,fecha)
  VALUES (1,297,'2019-03-01');
INSERT INTO precioPlatillo(idProducto,precio,fecha)
  VALUES (28,110,'2019-08-21');
INSERT INTO precioPlatillo(idProducto,precio,fecha)
  VALUES (16,73,'2017-01-14');
INSERT INTO precioPlatillo(idProducto,precio,fecha)
  VALUES (6,263,'2022-01-17');
INSERT INTO precioPlatillo(idProducto,precio,fecha)
  VALUES (31,188,'2020-10-30');
INSERT INTO precioPlatillo(idProducto,precio,fecha)
  VALUES (3,256,'2020-11-06');
INSERT INTO precioPlatillo(idProducto,precio,fecha)
  VALUES (4,229,'2020-03-11');
INSERT INTO precioPlatillo(idProducto,precio,fecha)
  VALUES (16,250,'2016-02-24');
INSERT INTO precioPlatillo(idProducto,precio,fecha)
  VALUES (3,33,'2017-06-25');
INSERT INTO precioPlatillo(idProducto,precio,fecha)
  VALUES (5,62,'2020-09-22');
INSERT INTO precioPlatillo(idProducto,precio,fecha)
  VALUES (25,198,'2018-09-07');
INSERT INTO precioPlatillo(idProducto,precio,fecha)
  VALUES (7,240,'2018-09-05');
INSERT INTO precioPlatillo(idProducto,precio,fecha)
  VALUES (12,95,'2019-06-15');
INSERT INTO precioPlatillo(idProducto,precio,fecha)
  VALUES (26,256,'2016-05-27');
INSERT INTO precioPlatillo(idProducto,precio,fecha)
  VALUES (7,99,'2017-01-16');
INSERT INTO precioPlatillo(idProducto,precio,fecha)
  VALUES (26,170,'2017-11-09');
INSERT INTO precioPlatillo(idProducto,precio,fecha)
  VALUES (14,263,'2019-07-04');
INSERT INTO precioPlatillo(idProducto,precio,fecha)
  VALUES (1,93,'2021-01-14');
INSERT INTO precioPlatillo(idProducto,precio,fecha)
  VALUES (16,258,'2019-09-05');
INSERT INTO precioPlatillo(idProducto,precio,fecha)
  VALUES (30,85,'2021-07-11');
INSERT INTO precioPlatillo(idProducto,precio,fecha)
  VALUES (13,187,'2018-02-15');
INSERT INTO precioPlatillo(idProducto,precio,fecha)
  VALUES (4,276,'2016-11-13');
INSERT INTO precioPlatillo(idProducto,precio,fecha)
  VALUES (24,136,'2018-02-28');
INSERT INTO precioPlatillo(idProducto,precio,fecha)
  VALUES (22,33,'2019-01-27');
INSERT INTO precioPlatillo(idProducto,precio,fecha)
  VALUES (6,62,'2019-04-09');
INSERT INTO precioPlatillo(idProducto,precio,fecha)
  VALUES (25,135,'2021-09-10');
INSERT INTO precioPlatillo(idProducto,precio,fecha)
  VALUES (31,299,'2019-03-05');
INSERT INTO precioPlatillo(idProducto,precio,fecha)
  VALUES (19,228,'2020-02-06');
INSERT INTO precioPlatillo(idProducto,precio,fecha)
  VALUES (12,28,'2016-03-17');
INSERT INTO precioPlatillo(idProducto,precio,fecha)
  VALUES (19,140,'2021-06-22');
INSERT INTO precioPlatillo(idProducto,precio,fecha)
  VALUES (6,85,'2017-10-12');
INSERT INTO precioPlatillo(idProducto,precio,fecha)
  VALUES (15,64,'2020-03-20');
INSERT INTO precioPlatillo(idProducto,precio,fecha)
  VALUES (8,27,'2015-06-16');
INSERT INTO precioPlatillo(idProducto,precio,fecha)
  VALUES (18,254,'2018-05-04');

/*-----------------------------------------------------------------------
 --------------------------[ Datos de insumo ]---------------------------
 ----------------------------------------------------------------------*/
INSERT INTO insumo(idInsumo,nombre,fechaCompra,precio,cantidad,marca,caducidad)
  VALUES ('OI1957263','sprite','2019-01-23',68.28,1,'West-ward Pharmaceutical Corp','2021-10-11');
INSERT INTO insumo(idInsumo,nombre,fechaCompra,precio,cantidad,marca,caducidad)
  VALUES ('TL1384767','ajo','2020-02-13',69.21,4,'X-GEN Pharmaceuticals, Inc.','2021-03-31');
INSERT INTO insumo(idInsumo,nombre,fechaCompra,precio,cantidad,marca,caducidad)
  VALUES ('KD6425910','arrachera','2020-01-24',95.88,5,'Eli Lilly and Company','2020-11-11');
INSERT INTO insumo(idInsumo,nombre,fechaCompra,precio,cantidad,marca,caducidad)
  VALUES ('WE4053701','pierna','2019-08-20',89.01,9,'MEGASOL COSMETIC GMBH','2021-08-25');
INSERT INTO insumo(idInsumo,nombre,fechaCompra,precio,cantidad,marca,caducidad)
  VALUES ('NW4314470','sidral','2020-03-01',24.37,2,'Morton Grove Pharmaceuticals, Inc.','2022-06-03');
INSERT INTO insumo(idInsumo,nombre,fechaCompra,precio,cantidad,marca,caducidad)
  VALUES ('GV8885871','frijol','2018-02-26',50.11,10,'China Ningbo Shangge Cosmetic Technology Corp','2021-11-18');
INSERT INTO insumo(idInsumo,nombre,fechaCompra,precio,cantidad,marca,caducidad)
  VALUES ('GF1612694','sesos','2019-03-07',56.33,10,'Tri-Coastal Design Company Inc.','2020-09-17');
INSERT INTO insumo(idInsumo,nombre,fechaCompra,precio,cantidad,marca,caducidad)
  VALUES ('FE4782228','cebolla','2018-09-07',27.75,10,'Quinnova Pharmaceuticals, LLC','2022-02-02');
INSERT INTO insumo(idInsumo,nombre,fechaCompra,precio,cantidad,marca,caducidad)
  VALUES ('WV3594519','bolillos','2020-01-28',5.74,5,'Gurwitch Products','2021-06-22');
INSERT INTO insumo(idInsumo,nombre,fechaCompra,precio,cantidad,marca,caducidad)
  VALUES ('LC7856802','queso panela','2020-04-14',34.9,5,'Unit Dose Services','2021-03-04');
INSERT INTO insumo(idInsumo,nombre,fechaCompra,precio,cantidad,marca,caducidad)
  VALUES ('JO8347297','refrigeradores','2018-08-27',40.78,6,'Blacksmith Brands, Inc.','2021-05-22');
INSERT INTO insumo(idInsumo,nombre,fechaCompra,precio,cantidad,marca,caducidad)
  VALUES ('UC5856487','boing de mango','2019-10-07',70.38,7,'Lil'' Drug Store Products, Inc','2022-02-01');
INSERT INTO insumo(idInsumo,nombre,fechaCompra,precio,cantidad,marca,caducidad)
  VALUES ('YW0492062','bolillos','2020-03-18',34.43,1,'Antigen Laboratories, Inc.','2022-04-30');
INSERT INTO insumo(idInsumo,nombre,fechaCompra,precio,cantidad,marca,caducidad)
  VALUES ('VB6252949','papa','2020-04-19',96.26,5,'UCB, Inc.','2021-01-14');
INSERT INTO insumo(idInsumo,nombre,fechaCompra,precio,cantidad,marca,caducidad)
  VALUES ('QW3050480','longaniza','2019-08-15',39.91,10,'Pfizer Laboratories Div Pfizer Inc','2021-10-20');
INSERT INTO insumo(idInsumo,nombre,fechaCompra,precio,cantidad,marca,caducidad)
  VALUES ('YB8261003','pimiento verde','2020-02-11',20.47,3,'AvKARE, Inc.','2020-07-24');
INSERT INTO insumo(idInsumo,nombre,fechaCompra,precio,cantidad,marca,caducidad)
  VALUES ('QG8913706','laurel','2018-04-21',92.87,10,'Crosstex International Inc.','2022-01-22');
INSERT INTO insumo(idInsumo,nombre,fechaCompra,precio,cantidad,marca,caducidad)
  VALUES ('UQ5750971','chicharrón prensado','2019-12-29',34.5,7,'Blacksmith Brands, Inc.','2021-04-23');
INSERT INTO insumo(idInsumo,nombre,fechaCompra,precio,cantidad,marca,caducidad)
  VALUES ('DY1147496','longaniza','2018-11-22',45.95,6,'Church & Dwight Co., Inc.','2020-08-06');
INSERT INTO insumo(idInsumo,nombre,fechaCompra,precio,cantidad,marca,caducidad)
  VALUES ('SF1706108','sal','2019-10-03',38.65,2,'AMOREPACIFIC','2021-06-29');
INSERT INTO insumo(idInsumo,nombre,fechaCompra,precio,cantidad,marca,caducidad)
  VALUES ('NY2040514','epazote','2018-03-05',33.68,5,'Humanwell PuraCap Pharmaceutical (Wuhan), Ltd.','2020-12-11');
INSERT INTO insumo(idInsumo,nombre,fechaCompra,precio,cantidad,marca,caducidad)
  VALUES ('XT9782493','leche','2020-04-22',65.16,2,'Heritage Pharmaceuticals Inc.','2021-11-26');
INSERT INTO insumo(idInsumo,nombre,fechaCompra,precio,cantidad,marca,caducidad)
  VALUES ('WY0002876','milanesa','2019-10-13',60.29,7,'Rebel Distributors Corp','2022-01-31');
INSERT INTO insumo(idInsumo,nombre,fechaCompra,precio,cantidad,marca,caducidad)
  VALUES ('BT2645275','gas','2018-03-31',7.74,9,'Caraco Pharmaceutical Laboratories, Ltd.','2021-03-20');
INSERT INTO insumo(idInsumo,nombre,fechaCompra,precio,cantidad,marca,caducidad)
  VALUES ('KT2888414','laurel','2020-01-05',59.24,2,'AstraZeneca Pharmaceuticals LP','2021-06-13');
INSERT INTO insumo(idInsumo,nombre,fechaCompra,precio,cantidad,marca,caducidad)
  VALUES ('UC8391387','sal','2019-12-09',84.68,7,'NATURE REPUBLIC CO., LTD.','2021-10-04');
INSERT INTO insumo(idInsumo,nombre,fechaCompra,precio,cantidad,marca,caducidad)
  VALUES ('TV2591615','papa','2019-06-14',24.6,3,'Aqua Pharmaceuticals','2021-06-15');
INSERT INTO insumo(idInsumo,nombre,fechaCompra,precio,cantidad,marca,caducidad)
  VALUES ('TX6269275','chile guajillo','2019-06-23',61.82,1,'Nelco Laboratories, Inc.','2021-04-17');
INSERT INTO insumo(idInsumo,nombre,fechaCompra,precio,cantidad,marca,caducidad)
  VALUES ('ZB6466414','maiz pozolero','2018-12-08',15.58,8,'Caraco Pharmaceutical Laboratories, Ltd.','2020-10-19');
INSERT INTO insumo(idInsumo,nombre,fechaCompra,precio,cantidad,marca,caducidad)
  VALUES ('HN1699702','aceite vegetal','2019-05-20',2.16,10,'Carilion Materials Management','2021-10-03');
INSERT INTO insumo(idInsumo,nombre,fechaCompra,precio,cantidad,marca,caducidad)
  VALUES ('TN7436654','pierna pollo','2019-12-06',37.51,1,'Antigen Laboratories, Inc.','2021-02-19');
INSERT INTO insumo(idInsumo,nombre,fechaCompra,precio,cantidad,marca,caducidad)
  VALUES ('KB6467374','crema','2019-02-22',44.95,5,'Ventura Corporation LTD.','2020-08-15');
INSERT INTO insumo(idInsumo,nombre,fechaCompra,precio,cantidad,marca,caducidad)
  VALUES ('JR0102239','chiles verdes','2020-01-05',42.85,2,'Colgate-Palmolive Company','2022-06-10');
INSERT INTO insumo(idInsumo,nombre,fechaCompra,precio,cantidad,marca,caducidad)
  VALUES ('CN8185762','boing de mango','2020-06-01',28.01,2,'STAT RX USA LLC','2021-10-17');
INSERT INTO insumo(idInsumo,nombre,fechaCompra,precio,cantidad,marca,caducidad)
  VALUES ('RZ3269042','cafe','2019-07-03',52.53,1,'Western Family Foods Inc','2020-08-09');
INSERT INTO insumo(idInsumo,nombre,fechaCompra,precio,cantidad,marca,caducidad)
  VALUES ('HY6861435','sprite','2018-10-28',38.53,10,'Barr Laboratories Inc.','2021-07-21');
INSERT INTO insumo(idInsumo,nombre,fechaCompra,precio,cantidad,marca,caducidad)
  VALUES ('XI6149956','maiz pozolero','2018-06-28',12.01,3,'Empack Spraytech Inc','2022-02-13');
INSERT INTO insumo(idInsumo,nombre,fechaCompra,precio,cantidad,marca,caducidad)
  VALUES ('SL8481380','perejil','2019-05-10',61.62,9,'Greenbrier International, Inc.','2022-01-09');
INSERT INTO insumo(idInsumo,nombre,fechaCompra,precio,cantidad,marca,caducidad)
  VALUES ('NN7855470','gas','2018-08-10',8.65,4,'Orsini Home Medical Equipment Inc.','2022-01-07');
INSERT INTO insumo(idInsumo,nombre,fechaCompra,precio,cantidad,marca,caducidad)
  VALUES ('MR0113813','sesos','2020-05-26',91.03,1,'Native Remedies, LLC','2021-05-11');
INSERT INTO insumo(idInsumo,nombre,fechaCompra,precio,cantidad,marca,caducidad)
  VALUES ('LF6564457','ajo','2018-02-05',68.56,2,'Golden State Medical Supply, Inc.','2020-11-23');
INSERT INTO insumo(idInsumo,nombre,fechaCompra,precio,cantidad,marca,caducidad)
  VALUES ('LH4944177','epazote','2019-05-18',24.68,2,'Genentech, Inc.','2021-01-14');
INSERT INTO insumo(idInsumo,nombre,fechaCompra,precio,cantidad,marca,caducidad)
  VALUES ('XU2564622','tocino','2018-02-05',40.08,10,'Native Remedies, LLC','2020-08-01');
INSERT INTO insumo(idInsumo,nombre,fechaCompra,precio,cantidad,marca,caducidad)
  VALUES ('GL1552048','electricidad','2018-05-24',74.59,2,'General Air Service & Supply Co','2020-09-28');
INSERT INTO insumo(idInsumo,nombre,fechaCompra,precio,cantidad,marca,caducidad)
  VALUES ('UE1760757','zanahorias','2019-11-26',89.46,8,'Major Pharmaceuticals','2022-07-03');
INSERT INTO insumo(idInsumo,nombre,fechaCompra,precio,cantidad,marca,caducidad)
  VALUES ('BI9132545','pierna','2019-02-28',3.27,2,'Taro Pharmaceuticals U.S.A., Inc.','2022-04-18');
INSERT INTO insumo(idInsumo,nombre,fechaCompra,precio,cantidad,marca,caducidad)
  VALUES ('ZL5151602','refrigeradores','2018-05-04',75.13,8,'Teva Parenteral Medicines, Inc.','2022-03-01');
INSERT INTO insumo(idInsumo,nombre,fechaCompra,precio,cantidad,marca,caducidad)
  VALUES ('BU1145245','milanesa','2019-02-02',96.32,4,'REMEDYREPACK INC.','2021-08-08');
INSERT INTO insumo(idInsumo,nombre,fechaCompra,precio,cantidad,marca,caducidad)
  VALUES ('GY3753140','chile serrano','2019-09-10',12.95,5,'Jubilant HollisterStier LLC','2021-02-24');
INSERT INTO insumo(idInsumo,nombre,fechaCompra,precio,cantidad,marca,caducidad)
  VALUES ('FY1705658','papa','2018-10-13',34.86,1,'Rebel Distributors Corp','2021-06-25');
INSERT INTO insumo(idInsumo,nombre,fechaCompra,precio,cantidad,marca,caducidad)
  VALUES ('QA4322522','fanta','2019-09-25',44.33,5,'ALK-Abello, Inc.','2022-02-12');
INSERT INTO insumo(idInsumo,nombre,fechaCompra,precio,cantidad,marca,caducidad)
  VALUES ('WE8905238','chile guajillo','2018-08-31',66.93,2,'PD-Rx Pharmaceuticals, Inc.','2021-08-10');
INSERT INTO insumo(idInsumo,nombre,fechaCompra,precio,cantidad,marca,caducidad)
  VALUES ('UP4753161','laurel','2018-03-10',35.6,7,'Aidarex Pharmaceuticals LLC','2021-03-23');
INSERT INTO insumo(idInsumo,nombre,fechaCompra,precio,cantidad,marca,caducidad)
  VALUES ('MT7505137','ajo','2019-04-18',93.05,9,'Supervalu Inc','2021-12-28');
INSERT INTO insumo(idInsumo,nombre,fechaCompra,precio,cantidad,marca,caducidad)
  VALUES ('WF2106308','chiles verdes','2020-02-26',54.71,5,'Pack Pharmaceuticals, LLC','2022-03-12');
INSERT INTO insumo(idInsumo,nombre,fechaCompra,precio,cantidad,marca,caducidad)
  VALUES ('NM5523870','crema','2019-01-13',38.8,2,'PD-Rx Pharmaceuticals, Inc.','2021-08-30');
INSERT INTO insumo(idInsumo,nombre,fechaCompra,precio,cantidad,marca,caducidad)
  VALUES ('ZR0547423','sillas','2019-04-08',73.33,7,'KAISER FOUNDATION HOSPITALS','2021-05-09');
INSERT INTO insumo(idInsumo,nombre,fechaCompra,precio,cantidad,marca,caducidad)
  VALUES ('UT7912791','sesos','2019-06-13',16.24,9,'Upsher-Smith Laboratories, Inc.','2021-07-22');
INSERT INTO insumo(idInsumo,nombre,fechaCompra,precio,cantidad,marca,caducidad)
  VALUES ('ZQ7578637','sillas','2020-01-31',13.34,10,'Cardinal Health','2021-04-17');
INSERT INTO insumo(idInsumo,nombre,fechaCompra,precio,cantidad,marca,caducidad)
  VALUES ('YV3531657','electricidad','2018-12-19',88.33,2,'Topco Associates LLC','2022-06-19');
INSERT INTO insumo(idInsumo,nombre,fechaCompra,precio,cantidad,marca,caducidad)
  VALUES ('GX7709996','costilla','2018-10-13',63.26,7,'Aidarex Pharmaceuticals LLC','2021-05-14');
INSERT INTO insumo(idInsumo,nombre,fechaCompra,precio,cantidad,marca,caducidad)
  VALUES ('TY1610388','nopales','2019-10-19',26.97,6,'Mylan Pharmaceuticals Inc.','2022-04-16');
INSERT INTO insumo(idInsumo,nombre,fechaCompra,precio,cantidad,marca,caducidad)
  VALUES ('TB8211720','tomates rojos','2020-01-31',30.6,9,'Cardinal Health','2021-09-30');
INSERT INTO insumo(idInsumo,nombre,fechaCompra,precio,cantidad,marca,caducidad)
  VALUES ('PL3057560','tostadas','2019-04-24',1.19,10,'Perrigo New York Inc','2020-10-03');
INSERT INTO insumo(idInsumo,nombre,fechaCompra,precio,cantidad,marca,caducidad)
  VALUES ('KJ0734315','limon','2019-08-08',36.91,7,'L. Perrigo Company','2021-07-12');
INSERT INTO insumo(idInsumo,nombre,fechaCompra,precio,cantidad,marca,caducidad)
  VALUES ('OR6463986','servilletas','2018-11-18',64.82,7,'Raani Corporation','2021-05-09');
INSERT INTO insumo(idInsumo,nombre,fechaCompra,precio,cantidad,marca,caducidad)
  VALUES ('QS3538932','jamaica','2019-06-29',31.04,8,'Major Pharmaceuticals','2021-10-06');
INSERT INTO insumo(idInsumo,nombre,fechaCompra,precio,cantidad,marca,caducidad)
  VALUES ('TX8214916','cafe','2018-10-01',66.98,4,'SJ Creations, Inc.','2020-10-28');
INSERT INTO insumo(idInsumo,nombre,fechaCompra,precio,cantidad,marca,caducidad)
  VALUES ('HM4589163','zanahorias','2019-10-15',51.71,10,'WIZCOZ CORPORATION LTD','2021-09-22');
INSERT INTO insumo(idInsumo,nombre,fechaCompra,precio,cantidad,marca,caducidad)
  VALUES ('YX0193110','tomates verdes','2019-06-26',96.21,4,'Cardinal Health','2021-07-09');
INSERT INTO insumo(idInsumo,nombre,fechaCompra,precio,cantidad,marca,caducidad)
  VALUES ('BM7021012','leche','2020-01-29',49.86,10,'Galentic Pharma (India) Priva Te Limited','2020-07-19');
INSERT INTO insumo(idInsumo,nombre,fechaCompra,precio,cantidad,marca,caducidad)
  VALUES ('WX2704609','epazote','2018-05-03',57.05,9,'Shopko Stores Operating Co., LLC','2021-05-31');
INSERT INTO insumo(idInsumo,nombre,fechaCompra,precio,cantidad,marca,caducidad)
  VALUES ('MH2626559','aguacate','2018-02-10',44.81,6,'BIO-VED Pharmaceuticals','2021-02-14');
INSERT INTO insumo(idInsumo,nombre,fechaCompra,precio,cantidad,marca,caducidad)
  VALUES ('IS2786947','perejil','2019-07-04',58.62,2,'Antigen Laboratories, Inc.','2022-03-27');
INSERT INTO insumo(idInsumo,nombre,fechaCompra,precio,cantidad,marca,caducidad)
  VALUES ('UM8948292','papa','2018-01-04',6.94,10,'Sandoz Inc','2021-01-09');
INSERT INTO insumo(idInsumo,nombre,fechaCompra,precio,cantidad,marca,caducidad)
  VALUES ('KQ6738080','arrachera','2018-12-27',78.14,6,'Scarguard Labs, LLC','2022-04-02');
INSERT INTO insumo(idInsumo,nombre,fechaCompra,precio,cantidad,marca,caducidad)
  VALUES ('KH3018894','adobo','2019-10-21',1.95,1,'Caraco Pharmaceutical Laboratories, Ltd.','2021-11-08');
INSERT INTO insumo(idInsumo,nombre,fechaCompra,precio,cantidad,marca,caducidad)
  VALUES ('LQ4605117','aceite vegetal','2018-09-16',2.44,1,'REMEDY MAKERS','2022-04-12');
INSERT INTO insumo(idInsumo,nombre,fechaCompra,precio,cantidad,marca,caducidad)
  VALUES ('LP7324419','crema','2019-10-13',86.75,5,'Meijer Distribution Inc','2021-12-07');
INSERT INTO insumo(idInsumo,nombre,fechaCompra,precio,cantidad,marca,caducidad)
  VALUES ('YV9388620','azucar','2018-11-19',18.94,3,'Amneal-Agila, LLC','2021-09-05');
INSERT INTO insumo(idInsumo,nombre,fechaCompra,precio,cantidad,marca,caducidad)
  VALUES ('XK3725569','huevos','2019-09-22',93.81,3,'Covis Pharmaceuticals, Inc.','2022-02-09');
INSERT INTO insumo(idInsumo,nombre,fechaCompra,precio,cantidad,marca,caducidad)
  VALUES ('JE2200357','electricidad','2018-05-03',83.95,1,'Medical Products Laboratories, Inc.','2021-11-21');
INSERT INTO insumo(idInsumo,nombre,fechaCompra,precio,cantidad,marca,caducidad)
  VALUES ('ZS5815773','chile guajillo','2019-02-10',8.28,1,'Pharmacia and Upjohn Company','2021-11-28');
INSERT INTO insumo(idInsumo,nombre,fechaCompra,precio,cantidad,marca,caducidad)
  VALUES ('PL9323532','chicharrón prensado','2018-02-08',24.93,7,'Ben E. Keith Foods','2021-07-02');
INSERT INTO insumo(idInsumo,nombre,fechaCompra,precio,cantidad,marca,caducidad)
  VALUES ('FU0337125','servilletas','2018-07-25',45.55,8,'Nelco Laboratories, Inc.','2020-12-26');
INSERT INTO insumo(idInsumo,nombre,fechaCompra,precio,cantidad,marca,caducidad)
  VALUES ('CX1906434','servilletas','2020-05-04',47.68,6,'Genoma Lab USA Inc','2021-07-09');
INSERT INTO insumo(idInsumo,nombre,fechaCompra,precio,cantidad,marca,caducidad)
  VALUES ('TF3446919','leche','2018-01-18',35.58,5,'KVK-Tech, Inc.','2021-12-02');
INSERT INTO insumo(idInsumo,nombre,fechaCompra,precio,cantidad,marca,caducidad)
  VALUES ('CL9012452','rabanos','2018-01-12',10.56,1,'Hikma Pharmaceutical','2022-05-23');
INSERT INTO insumo(idInsumo,nombre,fechaCompra,precio,cantidad,marca,caducidad)
  VALUES ('YY7665191','sillas','2019-02-04',93.56,4,'REMEDYREPACK INC.','2021-07-21');
INSERT INTO insumo(idInsumo,nombre,fechaCompra,precio,cantidad,marca,caducidad)
  VALUES ('ZJ8070326','mesas','2020-03-21',83.7,5,'Monarch Pharmaceuticals, Inc','2022-02-19');
INSERT INTO insumo(idInsumo,nombre,fechaCompra,precio,cantidad,marca,caducidad)
  VALUES ('FK4819412','ajo','2020-04-29',84.03,8,'Stephen L. LaFrance Pharmacy, Inc.','2020-10-05');
INSERT INTO insumo(idInsumo,nombre,fechaCompra,precio,cantidad,marca,caducidad)
  VALUES ('DK6101882','servilletas','2018-05-15',62.73,4,'International Beauty Exchange','2022-01-14');
INSERT INTO insumo(idInsumo,nombre,fechaCompra,precio,cantidad,marca,caducidad)
  VALUES ('KO4996027','zanahorias','2018-05-01',40.06,6,'Physicians Total Care, Inc.','2020-11-08');
INSERT INTO insumo(idInsumo,nombre,fechaCompra,precio,cantidad,marca,caducidad)
  VALUES ('OZ2583172','jamaica','2018-06-21',91.0,9,'REMEDYREPACK INC.','2021-10-16');
INSERT INTO insumo(idInsumo,nombre,fechaCompra,precio,cantidad,marca,caducidad)
  VALUES ('PT0674460','cebolla','2019-10-23',84.68,2,'REMEDYREPACK INC.','2021-07-01');
INSERT INTO insumo(idInsumo,nombre,fechaCompra,precio,cantidad,marca,caducidad)
  VALUES ('RJ7051285','agua','2018-02-20',65.47,3,'Fresenius Medical Care North America','2020-10-01');
INSERT INTO insumo(idInsumo,nombre,fechaCompra,precio,cantidad,marca,caducidad)
  VALUES ('DX2992391','fanta','2019-05-27',78.4,3,'SKINFOOD CO., LTD.','2022-06-05');
INSERT INTO insumo(idInsumo,nombre,fechaCompra,precio,cantidad,marca,caducidad)
  VALUES ('QC6780372','chile serrano','2019-12-05',43.86,3,'DIRECT RX','2021-01-22');
INSERT INTO insumo(idInsumo,nombre,fechaCompra,precio,cantidad,marca,caducidad)
  VALUES ('GK4090351','longaniza','2019-04-14',40.32,5,'Physicians Total Care, Inc.','2020-12-09');
INSERT INTO insumo(idInsumo,nombre,fechaCompra,precio,cantidad,marca,caducidad)
  VALUES ('RS6379706','bolillos','2020-01-02',75.23,10,'HOMEOLAB USA INC.','2022-04-27');
INSERT INTO insumo(idInsumo,nombre,fechaCompra,precio,cantidad,marca,caducidad)
  VALUES ('WZ9662023','nopales','2019-01-10',44.73,2,'CLINIQUE LABORATORIES, INC.','2022-02-07');
INSERT INTO insumo(idInsumo,nombre,fechaCompra,precio,cantidad,marca,caducidad)
  VALUES ('AB5502757','platos','2019-01-20',28.71,9,'Antigen Laboratories, Inc.','2021-02-06');
INSERT INTO insumo(idInsumo,nombre,fechaCompra,precio,cantidad,marca,caducidad)
  VALUES ('SF7141990','lechuga','2019-09-20',12.69,5,'Mylan Pharmaceuticals Inc.','2021-01-17');
INSERT INTO insumo(idInsumo,nombre,fechaCompra,precio,cantidad,marca,caducidad)
  VALUES ('FB0510761','tripas','2019-12-19',72.2,1,'Dr. Reddy''s Laboratories Inc','2022-04-12');
INSERT INTO insumo(idInsumo,nombre,fechaCompra,precio,cantidad,marca,caducidad)
  VALUES ('OZ7554064','rabanos','2018-10-22',8.12,2,'Lippmann Enterprises, LLC','2020-08-13');
INSERT INTO insumo(idInsumo,nombre,fechaCompra,precio,cantidad,marca,caducidad)
  VALUES ('KF6126889','perejil','2019-04-16',15.14,8,'Lake Erie Medical & Surgical Supply DBA Quality Care Products LLC','2022-01-19');
INSERT INTO insumo(idInsumo,nombre,fechaCompra,precio,cantidad,marca,caducidad)
  VALUES ('VT7768110','pierna','2019-02-06',72.81,2,'CVS Pharmacy','2022-01-06');
INSERT INTO insumo(idInsumo,nombre,fechaCompra,precio,cantidad,marca,caducidad)
  VALUES ('UJ6790341','muslo pollo','2018-05-05',4.7,7,'King Bio Inc.','2022-02-11');
INSERT INTO insumo(idInsumo,nombre,fechaCompra,precio,cantidad,marca,caducidad)
  VALUES ('CW4407262','jamon','2020-03-12',45.85,6,'Gerimedix Incorporated','2021-08-15');
INSERT INTO insumo(idInsumo,nombre,fechaCompra,precio,cantidad,marca,caducidad)
  VALUES ('DY0465793','tomates rojos','2018-08-20',34.69,8,'Massco Dental A Division of Dunagin Pharmaceuticals','2020-09-01');
INSERT INTO insumo(idInsumo,nombre,fechaCompra,precio,cantidad,marca,caducidad)
  VALUES ('IM8300887','costilla','2018-03-19',11.56,7,'Procter & Gamble Manufacturing Company','2020-07-30');
INSERT INTO insumo(idInsumo,nombre,fechaCompra,precio,cantidad,marca,caducidad)
  VALUES ('VX9261158','laurel','2018-06-23',37.7,2,'McKesson','2021-05-24');
INSERT INTO insumo(idInsumo,nombre,fechaCompra,precio,cantidad,marca,caducidad)
  VALUES ('SJ1191664','longaniza','2018-08-29',99.72,1,'Perfumeria Lemaitre S.A.','2021-06-30');
INSERT INTO insumo(idInsumo,nombre,fechaCompra,precio,cantidad,marca,caducidad)
  VALUES ('BB0803595','cubiertos','2018-08-11',48.39,3,'Lupin Pharmaceuticals, Inc.','2021-08-08');
INSERT INTO insumo(idInsumo,nombre,fechaCompra,precio,cantidad,marca,caducidad)
  VALUES ('IK9394551','chile guajillo','2019-02-07',46.12,10,'SPAI-SONS PHAMACEUTICAL INTERNATIONAL COSMETICS','2020-08-11');
INSERT INTO insumo(idInsumo,nombre,fechaCompra,precio,cantidad,marca,caducidad)
  VALUES ('UV4462286','jamon','2020-06-04',99.81,9,'Mylan Pharmaceuticals Inc.','2021-02-20');
INSERT INTO insumo(idInsumo,nombre,fechaCompra,precio,cantidad,marca,caducidad)
  VALUES ('MD1442297','coca cola','2018-12-27',8.11,8,'Allergan, Inc.','2021-07-09');
INSERT INTO insumo(idInsumo,nombre,fechaCompra,precio,cantidad,marca,caducidad)
  VALUES ('QQ5629140','tocino','2018-04-09',9.57,5,'Physicians Total Care, Inc.','2020-11-05');
INSERT INTO insumo(idInsumo,nombre,fechaCompra,precio,cantidad,marca,caducidad)
  VALUES ('YO6279822','tortillas de maiz','2019-12-08',61.66,4,'Bare Escentuals Beauty, Inc.','2021-08-19');
INSERT INTO insumo(idInsumo,nombre,fechaCompra,precio,cantidad,marca,caducidad)
  VALUES ('CN8936364','fanta','2020-07-11',68.1,6,'Rebel Distributors Corp.','2021-12-12');
INSERT INTO insumo(idInsumo,nombre,fechaCompra,precio,cantidad,marca,caducidad)
  VALUES ('AG7206958','bolillos','2018-10-10',72.96,1,'REMEDYREPACK INC.','2020-10-07');
INSERT INTO insumo(idInsumo,nombre,fechaCompra,precio,cantidad,marca,caducidad)
  VALUES ('LO9817596','aceite vegetal','2019-10-26',57.07,5,'IVAX Pharmaceuticals, Inc.','2021-11-08');
INSERT INTO insumo(idInsumo,nombre,fechaCompra,precio,cantidad,marca,caducidad)
  VALUES ('ZF9166526','mesas','2018-07-08',79.58,10,'Stratus Pharamceuticals','2021-02-13');
INSERT INTO insumo(idInsumo,nombre,fechaCompra,precio,cantidad,marca,caducidad)
  VALUES ('YC3729846','ajo','2018-05-18',65.73,4,'Major Pharmaceuticals','2021-05-01');
INSERT INTO insumo(idInsumo,nombre,fechaCompra,precio,cantidad,marca,caducidad)
  VALUES ('KB8429802','carne de puerco','2020-04-26',47.98,4,'Rising Pharmaceuticals, Inc.','2021-07-16');
INSERT INTO insumo(idInsumo,nombre,fechaCompra,precio,cantidad,marca,caducidad)
  VALUES ('SU3836448','frijol','2020-01-31',56.98,2,'Lake Erie Medical & Surgical Supply DBA Quality Care Products LLC','2021-12-30');
INSERT INTO insumo(idInsumo,nombre,fechaCompra,precio,cantidad,marca,caducidad)
  VALUES ('ER6546305','tostadas','2018-10-31',9.04,1,'Roxane Laboratories, Inc.','2022-07-01');
INSERT INTO insumo(idInsumo,nombre,fechaCompra,precio,cantidad,marca,caducidad)
  VALUES ('ET4762057','agua','2019-06-27',40.31,1,'Target Corporation','2021-01-29');
INSERT INTO insumo(idInsumo,nombre,fechaCompra,precio,cantidad,marca,caducidad)
  VALUES ('FE8669263','adobo','2019-05-21',49.03,2,'Best Choice (Valu Merchandisers Company)','2021-10-31');
INSERT INTO insumo(idInsumo,nombre,fechaCompra,precio,cantidad,marca,caducidad)
  VALUES ('OZ4655622','cebolla','2018-04-04',67.74,5,'Mallinckrodt, Inc.','2020-07-15');
INSERT INTO insumo(idInsumo,nombre,fechaCompra,precio,cantidad,marca,caducidad)
  VALUES ('KN4697146','aguacate','2018-07-13',18.98,8,'Nelco Laboratories, Inc.','2021-10-07');
INSERT INTO insumo(idInsumo,nombre,fechaCompra,precio,cantidad,marca,caducidad)
  VALUES ('CP2983812','costilla','2018-06-20',99.43,5,'Northwind Pharmaceuticals','2021-07-21');
INSERT INTO insumo(idInsumo,nombre,fechaCompra,precio,cantidad,marca,caducidad)
  VALUES ('DR3896945','horchata','2020-07-07',4.18,2,'A-S Medication Solutions LLC','2021-11-12');
INSERT INTO insumo(idInsumo,nombre,fechaCompra,precio,cantidad,marca,caducidad)
  VALUES ('FP1889275','pierna pollo','2018-12-02',22.27,3,'PureTek Corporation','2022-06-09');
INSERT INTO insumo(idInsumo,nombre,fechaCompra,precio,cantidad,marca,caducidad)
  VALUES ('BW9005329','bistec','2019-06-23',51.86,6,'Uriel Pharmacy Inc.','2020-11-15');
INSERT INTO insumo(idInsumo,nombre,fechaCompra,precio,cantidad,marca,caducidad)
  VALUES ('TZ0297902','cebolla','2019-09-16',54.81,1,'ZION SYNTHETIC FIBER CO., LTD.','2021-08-13');
INSERT INTO insumo(idInsumo,nombre,fechaCompra,precio,cantidad,marca,caducidad)
  VALUES ('YV1411390','zanahorias','2018-08-04',54.62,7,'Community Home Health Services','2021-09-03');
INSERT INTO insumo(idInsumo,nombre,fechaCompra,precio,cantidad,marca,caducidad)
  VALUES ('HD9646099','tortillas de harina','2019-10-29',68.92,10,'Unit Dose Services','2022-02-15');
INSERT INTO insumo(idInsumo,nombre,fechaCompra,precio,cantidad,marca,caducidad)
  VALUES ('OT8969976','piña','2019-01-28',99.37,1,'Lake Erie Medical DBA Quality Care Products LLC','2022-02-28');
INSERT INTO insumo(idInsumo,nombre,fechaCompra,precio,cantidad,marca,caducidad)
  VALUES ('BU6193425','longaniza','2019-03-10',10.22,2,'Medac Pharma, Inc','2021-12-08');
INSERT INTO insumo(idInsumo,nombre,fechaCompra,precio,cantidad,marca,caducidad)
  VALUES ('OD7391460','sillas','2019-11-21',98.4,10,'TAI GUK PHARM. CO., LTD.','2020-09-02');
INSERT INTO insumo(idInsumo,nombre,fechaCompra,precio,cantidad,marca,caducidad)
  VALUES ('OB3897421','sal','2018-06-10',81.43,3,'Allermed Laboratories, Inc.','2021-10-29');
INSERT INTO insumo(idInsumo,nombre,fechaCompra,precio,cantidad,marca,caducidad)
  VALUES ('XH3820263','laurel','2018-02-26',38.68,9,'Wockhardt USA LLC.','2021-01-20');
INSERT INTO insumo(idInsumo,nombre,fechaCompra,precio,cantidad,marca,caducidad)
  VALUES ('NX0113968','sidral','2018-04-19',96.19,1,'REMEDYREPACK INC.','2020-09-21');
INSERT INTO insumo(idInsumo,nombre,fechaCompra,precio,cantidad,marca,caducidad)
  VALUES ('OS5298546','azucar','2020-04-30',74.2,9,'Sanum Kehlbeck GmbH & Co. KG','2020-11-03');
INSERT INTO insumo(idInsumo,nombre,fechaCompra,precio,cantidad,marca,caducidad)
  VALUES ('PR7734190','sal','2020-06-05',21.15,5,'BluePoint Laboratories','2021-08-27');
INSERT INTO insumo(idInsumo,nombre,fechaCompra,precio,cantidad,marca,caducidad)
  VALUES ('WI7308950','adobo','2018-06-14',62.7,8,'Avon Products, Inc','2022-06-11');
INSERT INTO insumo(idInsumo,nombre,fechaCompra,precio,cantidad,marca,caducidad)
  VALUES ('HB7621307','milanesa','2018-04-07',3.56,4,'Bryant Ranch Prepack','2021-08-19');
INSERT INTO insumo(idInsumo,nombre,fechaCompra,precio,cantidad,marca,caducidad)
  VALUES ('DF1682593','tripas','2020-02-08',88.32,3,'SJ Creations, Inc.','2020-08-09');
INSERT INTO insumo(idInsumo,nombre,fechaCompra,precio,cantidad,marca,caducidad)
  VALUES ('XD0878547','ajo','2018-10-13',24.69,9,'Supervalu Inc','2022-06-23');
INSERT INTO insumo(idInsumo,nombre,fechaCompra,precio,cantidad,marca,caducidad)
  VALUES ('NI3338311','platos','2020-02-09',82.02,10,'WH Nutritionals, LLC','2021-05-31');
INSERT INTO insumo(idInsumo,nombre,fechaCompra,precio,cantidad,marca,caducidad)
  VALUES ('OM4221032','tomates verdes','2018-05-01',12.68,1,'Advanced Generic Corporation','2021-08-21');
INSERT INTO insumo(idInsumo,nombre,fechaCompra,precio,cantidad,marca,caducidad)
  VALUES ('OK0548206','pierna','2019-12-19',88.03,6,'American Health Packaging','2022-03-29');
INSERT INTO insumo(idInsumo,nombre,fechaCompra,precio,cantidad,marca,caducidad)
  VALUES ('HV8763154','cafe','2019-09-10',10.19,7,'J. A. Cosmetics U.S. INC','2021-07-17');
INSERT INTO insumo(idInsumo,nombre,fechaCompra,precio,cantidad,marca,caducidad)
  VALUES ('FM2284203','queso oaxaca','2019-05-31',93.23,9,'American Sales Company','2021-09-22');
INSERT INTO insumo(idInsumo,nombre,fechaCompra,precio,cantidad,marca,caducidad)
  VALUES ('VG1913021','gas','2020-07-01',19.55,9,'Coty US LLC','2021-01-08');
INSERT INTO insumo(idInsumo,nombre,fechaCompra,precio,cantidad,marca,caducidad)
  VALUES ('RD2705147','platos','2020-02-27',53.68,3,'Dasan E&T Co., Ltd.','2022-02-15');
INSERT INTO insumo(idInsumo,nombre,fechaCompra,precio,cantidad,marca,caducidad)
  VALUES ('SK3132411','pechuga pollo','2018-01-16',26.67,7,'Mallinckrodt, Inc.','2020-09-30');
INSERT INTO insumo(idInsumo,nombre,fechaCompra,precio,cantidad,marca,caducidad)
  VALUES ('OK7023128','piña','2019-10-29',78.41,10,'Watson Laboratories, Inc.','2021-07-06');
INSERT INTO insumo(idInsumo,nombre,fechaCompra,precio,cantidad,marca,caducidad)
  VALUES ('JE9137998','longaniza','2018-12-28',74.21,10,'DermaRite Industries LLC','2021-11-11');
INSERT INTO insumo(idInsumo,nombre,fechaCompra,precio,cantidad,marca,caducidad)
  VALUES ('VQ5078818','fanta','2020-06-17',79.78,2,'Ventura Corporation, LTD','2021-06-26');
INSERT INTO insumo(idInsumo,nombre,fechaCompra,precio,cantidad,marca,caducidad)
  VALUES ('UM6759101','cafe','2019-08-01',10.71,3,'McKesson','2021-09-14');
INSERT INTO insumo(idInsumo,nombre,fechaCompra,precio,cantidad,marca,caducidad)
  VALUES ('FT9742845','chile guajillo','2018-03-06',38.43,5,'Virtus Pharmaceuticals','2021-10-01');
INSERT INTO insumo(idInsumo,nombre,fechaCompra,precio,cantidad,marca,caducidad)
  VALUES ('XZ9309502','agua','2018-04-05',40.62,2,'NexAir, LLC','2021-01-12');
INSERT INTO insumo(idInsumo,nombre,fechaCompra,precio,cantidad,marca,caducidad)
  VALUES ('MQ7304074','pimiento verde','2019-11-02',74.94,6,'Bayer HealthCare LLC','2022-03-21');
INSERT INTO insumo(idInsumo,nombre,fechaCompra,precio,cantidad,marca,caducidad)
  VALUES ('CW9475157','oregano','2020-05-05',41.23,2,'Lake Erie Medical Surgical & Supply DBA Quality Care Products LLC','2020-07-15');
INSERT INTO insumo(idInsumo,nombre,fechaCompra,precio,cantidad,marca,caducidad)
  VALUES ('NJ9687301','nopales','2019-05-21',1.05,4,'Antigen Laboratories, Inc.','2020-12-23');
INSERT INTO insumo(idInsumo,nombre,fechaCompra,precio,cantidad,marca,caducidad)
  VALUES ('HZ9292000','platos','2018-07-02',91.18,6,'Citron Pharma LLC','2020-09-25');
INSERT INTO insumo(idInsumo,nombre,fechaCompra,precio,cantidad,marca,caducidad)
  VALUES ('RY8015023','epazote','2018-05-14',70.77,9,'Cardinal Health','2020-10-01');
INSERT INTO insumo(idInsumo,nombre,fechaCompra,precio,cantidad,marca,caducidad)
  VALUES ('SJ1574065','agua','2020-04-22',56.55,6,'Janssen Pharmaceuticals, Inc.','2021-04-30');
INSERT INTO insumo(idInsumo,nombre,fechaCompra,precio,cantidad,marca,caducidad)
  VALUES ('TK4469475','milanesa','2020-05-25',36.21,8,'Neutrogena Corporation','2021-07-13');
INSERT INTO insumo(idInsumo,nombre,fechaCompra,precio,cantidad,marca,caducidad)
  VALUES ('BK9026437','oregano','2019-06-07',6.81,4,'Hawthorn Pharmaceuticals, Inc.','2021-07-08');
INSERT INTO insumo(idInsumo,nombre,fechaCompra,precio,cantidad,marca,caducidad)
  VALUES ('KL9282691','boing de guayaba','2019-01-15',72.75,8,'Hospira, Inc.','2022-04-07');
INSERT INTO insumo(idInsumo,nombre,fechaCompra,precio,cantidad,marca,caducidad)
  VALUES ('XI2563654','sprite','2018-08-07',7.24,2,'BJWC','2021-12-11');
INSERT INTO insumo(idInsumo,nombre,fechaCompra,precio,cantidad,marca,caducidad)
  VALUES ('TG3697280','agua','2019-02-27',53.02,9,'Proficient Rx LP','2022-04-23');
INSERT INTO insumo(idInsumo,nombre,fechaCompra,precio,cantidad,marca,caducidad)
  VALUES ('AA4373144','tripas','2019-05-19',94.07,3,'Winthrop U.S.','2021-07-01');
INSERT INTO insumo(idInsumo,nombre,fechaCompra,precio,cantidad,marca,caducidad)
  VALUES ('MT9433979','adobo','2020-05-20',70.35,4,'RITE AID CORPORATION','2022-03-02');
INSERT INTO insumo(idInsumo,nombre,fechaCompra,precio,cantidad,marca,caducidad)
  VALUES ('OM2778626','adobo','2019-04-27',75.22,6,'Mediceutical Laboratories, LTD','2022-04-23');
INSERT INTO insumo(idInsumo,nombre,fechaCompra,precio,cantidad,marca,caducidad)
  VALUES ('BA4581940','queso panela','2020-03-12',96.45,8,'Owen Biosciences, Inc.','2020-09-11');
INSERT INTO insumo(idInsumo,nombre,fechaCompra,precio,cantidad,marca,caducidad)
  VALUES ('JP6652403','arrachera','2018-12-13',5.08,2,'Topco Associates LLC','2021-03-22');
INSERT INTO insumo(idInsumo,nombre,fechaCompra,precio,cantidad,marca,caducidad)
  VALUES ('BF6455377','electricidad','2019-06-24',28.68,10,'Nelco Laboratories, Inc.','2021-03-05');
INSERT INTO insumo(idInsumo,nombre,fechaCompra,precio,cantidad,marca,caducidad)
  VALUES ('QB4306698','sesos','2020-07-14',12.62,7,'Breckenridge Pharmaceutical, Inc.','2021-01-29');
INSERT INTO insumo(idInsumo,nombre,fechaCompra,precio,cantidad,marca,caducidad)
  VALUES ('SA8933059','coca cola','2020-06-05',97.69,4,'Greenstone LLC','2021-02-25');
INSERT INTO insumo(idInsumo,nombre,fechaCompra,precio,cantidad,marca,caducidad)
  VALUES ('BR8446291','crema','2018-03-16',25.69,4,'Aidarex Pharmaceuticals LLC','2021-09-09');
INSERT INTO insumo(idInsumo,nombre,fechaCompra,precio,cantidad,marca,caducidad)
  VALUES ('DR2184321','sal','2020-05-09',96.75,8,'Mylan Pharmaceuticals Inc.','2021-10-05');
INSERT INTO insumo(idInsumo,nombre,fechaCompra,precio,cantidad,marca,caducidad)
  VALUES ('HR6105798','tomates verdes','2020-06-28',67.99,6,'Jubilant HollisterStier LLC','2022-05-23');
INSERT INTO insumo(idInsumo,nombre,fechaCompra,precio,cantidad,marca,caducidad)
  VALUES ('AK4015236','carne de puerco','2018-11-07',21.67,9,'Parfums Christian Dior','2021-01-19');
INSERT INTO insumo(idInsumo,nombre,fechaCompra,precio,cantidad,marca,caducidad)
  VALUES ('EP8475255','arrachera','2018-06-16',1.65,5,'Physicians Total Care, Inc.','2021-09-17');
INSERT INTO insumo(idInsumo,nombre,fechaCompra,precio,cantidad,marca,caducidad)
  VALUES ('YS4339161','frijol','2019-07-26',66.05,2,'CVS Pharmacy','2020-08-11');
INSERT INTO insumo(idInsumo,nombre,fechaCompra,precio,cantidad,marca,caducidad)
  VALUES ('WS3721261','queso oaxaca','2020-03-23',74.12,4,'A-S Medication Solutions LLC','2022-04-11');
INSERT INTO insumo(idInsumo,nombre,fechaCompra,precio,cantidad,marca,caducidad)
  VALUES ('ZL4691696','queso oaxaca','2018-08-05',62.53,1,'Family Dollar Services Inc.','2022-04-23');
INSERT INTO insumo(idInsumo,nombre,fechaCompra,precio,cantidad,marca,caducidad)
  VALUES ('HK5139500','gas','2019-03-26',44.97,5,'Rebel Distributors Corp','2021-11-23');
INSERT INTO insumo(idInsumo,nombre,fechaCompra,precio,cantidad,marca,caducidad)
  VALUES ('QI3971946','rabanos','2018-03-30',77.71,4,'Validus Pharmaceuticals LLC','2020-12-08');
INSERT INTO insumo(idInsumo,nombre,fechaCompra,precio,cantidad,marca,caducidad)
  VALUES ('ZK1721777','cilantro','2020-03-30',16.25,5,'Quinnova Pharmaceuticals, Inc.','2021-07-28');
INSERT INTO insumo(idInsumo,nombre,fechaCompra,precio,cantidad,marca,caducidad)
  VALUES ('DZ8003211','boing de uva','2019-09-30',64.2,10,'Northwind Pharmaceuticals','2021-11-18');
INSERT INTO insumo(idInsumo,nombre,fechaCompra,precio,cantidad,marca,caducidad)
  VALUES ('UJ7429507','lechuga','2018-08-25',64.08,7,'Rebel Distributors Corp','2022-06-22');
INSERT INTO insumo(idInsumo,nombre,fechaCompra,precio,cantidad,marca,caducidad)
  VALUES ('DX4434898','sesos','2018-02-16',11.77,4,'Johnson & Johnson Consumer Products Company, Division of Johnson & Johnson Consumer Companies, Inc.','2021-08-07');
INSERT INTO insumo(idInsumo,nombre,fechaCompra,precio,cantidad,marca,caducidad)
  VALUES ('LM1312459','piña','2018-09-22',72.89,4,'Bryant Ranch Prepack','2021-02-02');
INSERT INTO insumo(idInsumo,nombre,fechaCompra,precio,cantidad,marca,caducidad)
  VALUES ('TJ5528620','carne de puerco','2020-05-13',1.78,7,'Cadila Healthcare Limited','2022-04-26');
INSERT INTO insumo(idInsumo,nombre,fechaCompra,precio,cantidad,marca,caducidad)
  VALUES ('SR4021986','tomates rojos','2019-06-27',37.03,6,'Atlantic Biologicals Corps','2021-02-28');
INSERT INTO insumo(idInsumo,nombre,fechaCompra,precio,cantidad,marca,caducidad)
  VALUES ('BN4529997','chiles verdes','2018-05-21',90.99,8,'Shionogi Inc.','2020-12-18');
INSERT INTO insumo(idInsumo,nombre,fechaCompra,precio,cantidad,marca,caducidad)
  VALUES ('QO3506149','chiles verdes','2020-05-24',28.91,3,'Clinical Solutions Wholesale','2021-04-28');
INSERT INTO insumo(idInsumo,nombre,fechaCompra,precio,cantidad,marca,caducidad)
  VALUES ('VL2250008','jamaica','2018-08-04',44.59,4,'AvKARE, Inc.','2020-12-04');
INSERT INTO insumo(idInsumo,nombre,fechaCompra,precio,cantidad,marca,caducidad)
  VALUES ('VS3557515','piña','2020-04-20',48.85,2,'Peaceful Mountain','2020-07-22');
INSERT INTO insumo(idInsumo,nombre,fechaCompra,precio,cantidad,marca,caducidad)
  VALUES ('JQ5103170','chile serrano','2018-03-24',95.48,9,'Apotex Corp.','2021-03-15');
INSERT INTO insumo(idInsumo,nombre,fechaCompra,precio,cantidad,marca,caducidad)
  VALUES ('GH9974100','huevos','2020-01-23',30.66,9,'NCS HealthCare of KY, Inc dba Vangard Labs','2021-05-22');
INSERT INTO insumo(idInsumo,nombre,fechaCompra,precio,cantidad,marca,caducidad)
  VALUES ('IK8537600','chile guajillo','2019-08-02',73.64,3,'Lancaster S.A.M.','2020-11-15');
INSERT INTO insumo(idInsumo,nombre,fechaCompra,precio,cantidad,marca,caducidad)
  VALUES ('IQ7705847','mesas','2019-02-01',28.43,2,'Apotex Corp.','2021-07-30');
INSERT INTO insumo(idInsumo,nombre,fechaCompra,precio,cantidad,marca,caducidad)
  VALUES ('TD2186528','papa','2019-03-18',81.5,2,'Cache Valley Oxygen','2021-07-16');
INSERT INTO insumo(idInsumo,nombre,fechaCompra,precio,cantidad,marca,caducidad)
  VALUES ('UN8235772','longaniza','2019-11-19',74.38,3,'Meijer Distribution Inc','2022-01-27');
INSERT INTO insumo(idInsumo,nombre,fechaCompra,precio,cantidad,marca,caducidad)
  VALUES ('KK1053833','tostadas','2019-01-21',96.71,5,'NCS HealthCare of KY, Inc dba Vangard Labs','2021-08-18');
INSERT INTO insumo(idInsumo,nombre,fechaCompra,precio,cantidad,marca,caducidad)
  VALUES ('DO2046812','boing de mango','2019-10-20',86.18,1,'Cardinal Health','2020-11-02');
INSERT INTO insumo(idInsumo,nombre,fechaCompra,precio,cantidad,marca,caducidad)
  VALUES ('ZO5837587','queso panela','2019-08-04',19.98,3,'KMART CORPORATION','2021-02-27');
INSERT INTO insumo(idInsumo,nombre,fechaCompra,precio,cantidad,marca,caducidad)
  VALUES ('GP3452719','cafe','2019-10-02',24.86,10,'Physicians Formula Inc','2020-08-05');
INSERT INTO insumo(idInsumo,nombre,fechaCompra,precio,cantidad,marca,caducidad)
  VALUES ('YB5884146','boing de uva','2018-04-04',43.77,8,'Amerisource Bergen','2020-08-23');
INSERT INTO insumo(idInsumo,nombre,fechaCompra,precio,cantidad,marca,caducidad)
  VALUES ('OT3256935','agua','2019-04-29',92.72,9,'Nelco Laboratories, Inc.','2021-09-11');
INSERT INTO insumo(idInsumo,nombre,fechaCompra,precio,cantidad,marca,caducidad)
  VALUES ('KG4350133','maiz pozolero','2020-05-22',97.18,7,'American Health Packaging','2020-07-25');
INSERT INTO insumo(idInsumo,nombre,fechaCompra,precio,cantidad,marca,caducidad)
  VALUES ('RY7684040','rabanos','2018-02-17',90.96,8,'The Mentholatum Company','2021-07-19');
INSERT INTO insumo(idInsumo,nombre,fechaCompra,precio,cantidad,marca,caducidad)
  VALUES ('TT1860811','coca cola','2018-06-29',90.05,10,'HOMEOLAB USA INC','2022-02-16');
INSERT INTO insumo(idInsumo,nombre,fechaCompra,precio,cantidad,marca,caducidad)
  VALUES ('UW8402482','crema','2018-04-11',50.51,1,'Cardinal Health','2021-07-29');
INSERT INTO insumo(idInsumo,nombre,fechaCompra,precio,cantidad,marca,caducidad)
  VALUES ('RM0422650','yerba santa','2020-03-20',54.96,3,'L''Oreal USA Products Inc','2022-01-12');
INSERT INTO insumo(idInsumo,nombre,fechaCompra,precio,cantidad,marca,caducidad)
  VALUES ('CT0355599','queso panela','2019-04-03',99.31,6,'AuroMedics Pharma LLC','2020-12-20');
INSERT INTO insumo(idInsumo,nombre,fechaCompra,precio,cantidad,marca,caducidad)
  VALUES ('VH5857684','queso panela','2018-04-26',57.98,5,'Paddock Laboratories, LLC','2021-01-24');
INSERT INTO insumo(idInsumo,nombre,fechaCompra,precio,cantidad,marca,caducidad)
  VALUES ('ZI3331117','boing de mango','2018-06-11',9.97,10,'Uriel Pharmacy Inc.','2022-02-20');
INSERT INTO insumo(idInsumo,nombre,fechaCompra,precio,cantidad,marca,caducidad)
  VALUES ('LV8403554','nopales','2020-07-07',55.69,9,'NCS HealthCare of KY, Inc dba Vangard Labs','2021-02-11');
INSERT INTO insumo(idInsumo,nombre,fechaCompra,precio,cantidad,marca,caducidad)
  VALUES ('LG8249952','oregano','2020-01-23',39.31,4,'Citron Pharma LLC','2021-10-11');
INSERT INTO insumo(idInsumo,nombre,fechaCompra,precio,cantidad,marca,caducidad)
  VALUES ('ZN6980009','boing de mango','2018-05-20',1.19,6,'Western Family Foods Inc','2020-09-10');
INSERT INTO insumo(idInsumo,nombre,fechaCompra,precio,cantidad,marca,caducidad)
  VALUES ('GY2825352','adobo','2018-07-20',49.63,4,'Qualitest Pharmaceuticals','2020-07-25');
INSERT INTO insumo(idInsumo,nombre,fechaCompra,precio,cantidad,marca,caducidad)
  VALUES ('XE9583277','azucar','2018-10-15',54.67,10,'Deseret Biologicals, Inc.','2021-12-08');
INSERT INTO insumo(idInsumo,nombre,fechaCompra,precio,cantidad,marca,caducidad)
  VALUES ('RQ7694607','cilantro','2019-01-21',72.94,8,'Accord Healthcare Inc.','2020-09-26');
INSERT INTO insumo(idInsumo,nombre,fechaCompra,precio,cantidad,marca,caducidad)
  VALUES ('YD5893665','cafe','2019-07-20',55.05,5,'Jazz Pharmaceuticals, Inc.','2021-07-21');
INSERT INTO insumo(idInsumo,nombre,fechaCompra,precio,cantidad,marca,caducidad)
  VALUES ('ER2874518','laurel','2018-07-17',83.95,8,'Unit Dose Services','2022-06-23');
INSERT INTO insumo(idInsumo,nombre,fechaCompra,precio,cantidad,marca,caducidad)
  VALUES ('CV8862953','tocino','2019-03-13',92.73,8,'Nelco Laboratories, Inc.','2020-12-02');
INSERT INTO insumo(idInsumo,nombre,fechaCompra,precio,cantidad,marca,caducidad)
  VALUES ('JV7214432','chiles verdes','2019-03-16',47.11,2,'Uriel Pharmacy Inc.','2020-08-30');
INSERT INTO insumo(idInsumo,nombre,fechaCompra,precio,cantidad,marca,caducidad)
  VALUES ('HB2946738','sidral','2018-02-13',42.38,8,'Apotheca Company','2020-12-14');
INSERT INTO insumo(idInsumo,nombre,fechaCompra,precio,cantidad,marca,caducidad)
  VALUES ('CD7279013','sesos','2018-05-14',99.07,9,'REMEDYREPACK INC.','2021-07-05');
INSERT INTO insumo(idInsumo,nombre,fechaCompra,precio,cantidad,marca,caducidad)
  VALUES ('YB4438479','jamon','2018-11-01',22.98,2,'A-S Medication Solutions LLC','2022-04-19');
INSERT INTO insumo(idInsumo,nombre,fechaCompra,precio,cantidad,marca,caducidad)
  VALUES ('IQ2101593','papa','2020-01-13',64.59,6,'AuroMedics Pharma LLC','2022-05-28');
INSERT INTO insumo(idInsumo,nombre,fechaCompra,precio,cantidad,marca,caducidad)
  VALUES ('PJ7144397','tocino','2018-11-02',54.28,9,'The Wellness Center for Research and Education, Inc.','2021-08-20');
INSERT INTO insumo(idInsumo,nombre,fechaCompra,precio,cantidad,marca,caducidad)
  VALUES ('HJ3077479','pimiento verde','2019-09-05',5.05,1,'REMEDYREPACK INC.','2022-07-11');
INSERT INTO insumo(idInsumo,nombre,fechaCompra,precio,cantidad,marca,caducidad)
  VALUES ('MC0445937','sprite','2020-05-25',71.35,9,'E. Fougera & Co. a division of Fougera Pharmaceuticals Inc.','2021-08-12');
INSERT INTO insumo(idInsumo,nombre,fechaCompra,precio,cantidad,marca,caducidad)
  VALUES ('XE5538763','tomates rojos','2019-06-24',64.36,6,'Prestium Pharma, Inc.','2022-03-12');
INSERT INTO insumo(idInsumo,nombre,fechaCompra,precio,cantidad,marca,caducidad)
  VALUES ('RF4063356','muslo pollo','2019-11-16',7.42,10,'Legacy Pharmaceutical Packaging','2022-02-14');
INSERT INTO insumo(idInsumo,nombre,fechaCompra,precio,cantidad,marca,caducidad)
  VALUES ('WW2295066','papa','2018-08-01',91.21,10,'L Perrigo Company','2020-12-03');
INSERT INTO insumo(idInsumo,nombre,fechaCompra,precio,cantidad,marca,caducidad)
  VALUES ('DR1280415','queso oaxaca','2019-10-06',85.18,8,'AmerisourceBergen Drug Corp','2021-05-04');
INSERT INTO insumo(idInsumo,nombre,fechaCompra,precio,cantidad,marca,caducidad)
  VALUES ('QW0198018','boing de uva','2019-11-07',30.68,2,'REMEDYREPACK INC.','2020-07-29');
INSERT INTO insumo(idInsumo,nombre,fechaCompra,precio,cantidad,marca,caducidad)
  VALUES ('OI4983093','longaniza','2019-05-06',9.95,8,'Sandoz Inc','2020-09-02');
INSERT INTO insumo(idInsumo,nombre,fechaCompra,precio,cantidad,marca,caducidad)
  VALUES ('JW4265574','sesos','2018-02-06',60.46,5,'Wal-Mart Stores Inc','2021-03-20');
INSERT INTO insumo(idInsumo,nombre,fechaCompra,precio,cantidad,marca,caducidad)
  VALUES ('HX7441982','longaniza','2020-04-15',10.51,6,'Nelco Laboratories, Inc.','2021-12-10');
INSERT INTO insumo(idInsumo,nombre,fechaCompra,precio,cantidad,marca,caducidad)
  VALUES ('IJ6384898','epazote','2018-01-14',63.63,1,'Health and Harmony Products','2022-03-05');
INSERT INTO insumo(idInsumo,nombre,fechaCompra,precio,cantidad,marca,caducidad)
  VALUES ('TT7723865','tostadas','2019-02-13',63.72,2,'International Labs, Inc.','2020-09-14');
INSERT INTO insumo(idInsumo,nombre,fechaCompra,precio,cantidad,marca,caducidad)
  VALUES ('HJ0825666','tortillas de harina','2018-05-18',9.4,7,'Lake Erie Medical DBA Quality Care Products LLC','2021-06-24');
INSERT INTO insumo(idInsumo,nombre,fechaCompra,precio,cantidad,marca,caducidad)
  VALUES ('AY6564862','gas','2019-12-29',52.13,3,'The Body Shop Wake Forest','2022-02-08');
INSERT INTO insumo(idInsumo,nombre,fechaCompra,precio,cantidad,marca,caducidad)
  VALUES ('FA9240203','sprite','2018-04-17',35.2,5,'REMEDYREPACK INC.','2021-03-10');
INSERT INTO insumo(idInsumo,nombre,fechaCompra,precio,cantidad,marca,caducidad)
  VALUES ('DL1374127','costilla','2020-02-23',53.8,8,'REMEDYREPACK INC.','2020-11-28');
INSERT INTO insumo(idInsumo,nombre,fechaCompra,precio,cantidad,marca,caducidad)
  VALUES ('HV1824275','manteles','2018-03-31',63.27,6,'Physicians Total Care, Inc.','2021-09-21');
INSERT INTO insumo(idInsumo,nombre,fechaCompra,precio,cantidad,marca,caducidad)
  VALUES ('JY9142466','epazote','2019-03-29',18.82,7,'Cardinal Health','2022-04-04');
INSERT INTO insumo(idInsumo,nombre,fechaCompra,precio,cantidad,marca,caducidad)
  VALUES ('DS9299452','muslo pollo','2019-04-13',90.47,4,'Allergy Laboratories, Inc.','2022-05-25');
INSERT INTO insumo(idInsumo,nombre,fechaCompra,precio,cantidad,marca,caducidad)
  VALUES ('XN4470288','huevos','2020-04-04',51.43,10,'Antigen Laboratories, Inc.','2021-09-16');
INSERT INTO insumo(idInsumo,nombre,fechaCompra,precio,cantidad,marca,caducidad)
  VALUES ('KN7762319','muslo pollo','2018-04-06',32.1,8,'Hi-Tech Pharmacal Co., Inc.','2020-10-26');
INSERT INTO insumo(idInsumo,nombre,fechaCompra,precio,cantidad,marca,caducidad)
  VALUES ('OU1094705','servilletas','2018-03-09',70.46,10,'Conopco Inc. d/b/a Unilever','2020-10-12');
INSERT INTO insumo(idInsumo,nombre,fechaCompra,precio,cantidad,marca,caducidad)
  VALUES ('FB7635996','crema','2018-11-07',29.31,3,'Rx Pak Division of McKesson Corporation','2021-05-06');
INSERT INTO insumo(idInsumo,nombre,fechaCompra,precio,cantidad,marca,caducidad)
  VALUES ('SS1472051','horchata','2018-12-01',24.31,7,'Mylan Pharmaceuticals Inc.','2022-05-15');
INSERT INTO insumo(idInsumo,nombre,fechaCompra,precio,cantidad,marca,caducidad)
  VALUES ('PO5416313','queso panela','2018-02-21',25.16,9,'Cardinal Health','2022-02-25');
INSERT INTO insumo(idInsumo,nombre,fechaCompra,precio,cantidad,marca,caducidad)
  VALUES ('TZ7870847','costilla','2020-02-06',50.53,1,'Rebel Distributors Corp','2022-06-07');
INSERT INTO insumo(idInsumo,nombre,fechaCompra,precio,cantidad,marca,caducidad)
  VALUES ('MN8930065','aguacate','2018-07-24',9.79,1,'Colgate-Palmolive Canada','2021-09-26');
INSERT INTO insumo(idInsumo,nombre,fechaCompra,precio,cantidad,marca,caducidad)
  VALUES ('UK6021492','tostadas','2020-06-22',6.42,1,'REMEDYREPACK INC.','2021-10-14');
INSERT INTO insumo(idInsumo,nombre,fechaCompra,precio,cantidad,marca,caducidad)
  VALUES ('OB1873168','carne de puerco','2018-06-03',90.16,3,'Johnson & Johnson Healthcare Products, Division of McNEIL-PPC, Inc','2021-09-26');
INSERT INTO insumo(idInsumo,nombre,fechaCompra,precio,cantidad,marca,caducidad)
  VALUES ('UT9170644','tortillas de maiz','2020-01-03',67.48,4,'Breckenridge Pharmaceutical, Inc.','2020-08-15');
INSERT INTO insumo(idInsumo,nombre,fechaCompra,precio,cantidad,marca,caducidad)
  VALUES ('KY3003192','sprite','2019-10-12',65.62,7,'Skin Deep','2021-03-25');
INSERT INTO insumo(idInsumo,nombre,fechaCompra,precio,cantidad,marca,caducidad)
  VALUES ('SV3923561','boing de mango','2019-07-02',20.24,5,'Rebel Distributors Corp.','2021-07-31');
INSERT INTO insumo(idInsumo,nombre,fechaCompra,precio,cantidad,marca,caducidad)
  VALUES ('AH4425702','tomates rojos','2018-09-04',97.4,5,'Dollar General','2021-03-24');
INSERT INTO insumo(idInsumo,nombre,fechaCompra,precio,cantidad,marca,caducidad)
  VALUES ('MP0387613','muslo pollo','2019-11-04',3.07,5,'ALK-Abello, Inc.','2021-08-10');
INSERT INTO insumo(idInsumo,nombre,fechaCompra,precio,cantidad,marca,caducidad)
  VALUES ('ZE5877418','perejil','2018-11-16',75.0,6,'Neutrogena Corporation','2022-02-24');
INSERT INTO insumo(idInsumo,nombre,fechaCompra,precio,cantidad,marca,caducidad)
  VALUES ('MP2408752','cafe','2020-03-30',9.64,4,'Aurobindo Pharma Limited','2021-02-02');
INSERT INTO insumo(idInsumo,nombre,fechaCompra,precio,cantidad,marca,caducidad)
  VALUES ('RG5470512','pechuga pollo','2019-03-13',23.69,2,'CHARMZONE CO LTD','2022-02-11');
INSERT INTO insumo(idInsumo,nombre,fechaCompra,precio,cantidad,marca,caducidad)
  VALUES ('WU0782000','tortillas de harina','2020-04-17',50.4,6,'Novartis Pharmaceuticals Corporation','2020-11-26');
INSERT INTO insumo(idInsumo,nombre,fechaCompra,precio,cantidad,marca,caducidad)
  VALUES ('ZH1356292','longaniza','2019-01-22',32.65,6,'Eon Labs, Inc.','2021-03-25');
INSERT INTO insumo(idInsumo,nombre,fechaCompra,precio,cantidad,marca,caducidad)
  VALUES ('KS1796200','boing de uva','2020-01-06',15.35,7,'Apotheca Company','2022-02-15');
INSERT INTO insumo(idInsumo,nombre,fechaCompra,precio,cantidad,marca,caducidad)
  VALUES ('RI4290326','coca cola','2019-12-21',31.41,10,'Par Pharmaceutical Inc.','2021-01-24');
INSERT INTO insumo(idInsumo,nombre,fechaCompra,precio,cantidad,marca,caducidad)
  VALUES ('OK1160442','huevos','2020-02-10',97.64,9,'CVS Pharmacy','2021-07-14');
INSERT INTO insumo(idInsumo,nombre,fechaCompra,precio,cantidad,marca,caducidad)
  VALUES ('AX5689194','leche','2018-06-20',25.86,10,'Nelco Laboratories, Inc.','2020-10-31');
INSERT INTO insumo(idInsumo,nombre,fechaCompra,precio,cantidad,marca,caducidad)
  VALUES ('YQ6154485','papa','2020-05-04',2.72,7,'Newton Laboratories, Inc.','2020-11-16');
INSERT INTO insumo(idInsumo,nombre,fechaCompra,precio,cantidad,marca,caducidad)
  VALUES ('IB8727504','tortillas de maiz','2018-04-29',71.7,2,'Native Remedies, LLC','2021-12-04');
INSERT INTO insumo(idInsumo,nombre,fechaCompra,precio,cantidad,marca,caducidad)
  VALUES ('WX2495969','boing de mango','2019-03-04',92.48,3,'Wal-Mart Stores Inc','2021-04-25');
INSERT INTO insumo(idInsumo,nombre,fechaCompra,precio,cantidad,marca,caducidad)
  VALUES ('YF7759051','tortillas de maiz','2018-10-01',2.95,6,'MEGASOL COSMETIC GMBH','2021-12-30');
INSERT INTO insumo(idInsumo,nombre,fechaCompra,precio,cantidad,marca,caducidad)
  VALUES ('KV9496058','manteles','2020-05-09',80.95,8,'Major Pharmaceuticals','2020-08-07');
INSERT INTO insumo(idInsumo,nombre,fechaCompra,precio,cantidad,marca,caducidad)
  VALUES ('WE4194246','costilla','2019-03-25',8.32,3,'REMEDYREPACK INC.','2021-04-17');
INSERT INTO insumo(idInsumo,nombre,fechaCompra,precio,cantidad,marca,caducidad)
  VALUES ('EB5350688','epazote','2018-08-03',27.16,2,'REMEDYREPACK INC.','2021-12-04');
INSERT INTO insumo(idInsumo,nombre,fechaCompra,precio,cantidad,marca,caducidad)
  VALUES ('CZ4393691','tripas','2019-01-23',4.42,3,'KAISER FOUNDATION HOSPITALS','2021-10-01');
INSERT INTO insumo(idInsumo,nombre,fechaCompra,precio,cantidad,marca,caducidad)
  VALUES ('DA0315958','aceite vegetal','2020-02-16',91.41,7,'Kosan Kozmetik Sanayi ve Ticaret A.S.','2020-11-15');
INSERT INTO insumo(idInsumo,nombre,fechaCompra,precio,cantidad,marca,caducidad)
  VALUES ('FZ8918926','agua','2018-02-16',72.49,8,'Bath & Body Works, Inc.','2020-12-19');
INSERT INTO insumo(idInsumo,nombre,fechaCompra,precio,cantidad,marca,caducidad)
  VALUES ('MH8317584','epazote','2019-08-29',7.03,9,'Patriot Pharmaceuticals, LLC','2022-05-18');
INSERT INTO insumo(idInsumo,nombre,fechaCompra,precio,cantidad,marca,caducidad)
  VALUES ('EI2482817','bolillos','2019-12-14',90.08,5,'Indiana Botanic Gardens','2021-02-04');
INSERT INTO insumo(idInsumo,nombre,fechaCompra,precio,cantidad,marca,caducidad)
  VALUES ('MO4764216','limon','2020-01-08',49.4,2,'Cardinal Health','2022-06-06');
INSERT INTO insumo(idInsumo,nombre,fechaCompra,precio,cantidad,marca,caducidad)
  VALUES ('XA7504526','mesas','2018-03-05',30.68,5,'Antigen Laboratories, Inc.','2021-01-26');
INSERT INTO insumo(idInsumo,nombre,fechaCompra,precio,cantidad,marca,caducidad)
  VALUES ('DC3869774','boing de guayaba','2020-01-14',20.52,7,'Pharmacia and Upjohn Company','2021-11-04');
INSERT INTO insumo(idInsumo,nombre,fechaCompra,precio,cantidad,marca,caducidad)
  VALUES ('VS7779220','adobo','2018-05-31',29.94,8,'Pure Source','2021-03-24');
INSERT INTO insumo(idInsumo,nombre,fechaCompra,precio,cantidad,marca,caducidad)
  VALUES ('NK5002317','nopales','2018-01-11',41.81,1,'Sunrider Manufacturing L.P.','2021-05-02');
INSERT INTO insumo(idInsumo,nombre,fechaCompra,precio,cantidad,marca,caducidad)
  VALUES ('ME6923618','aguacate','2019-11-02',4.15,1,'Aidarex Pharmaceuticals LLC','2022-04-02');
INSERT INTO insumo(idInsumo,nombre,fechaCompra,precio,cantidad,marca,caducidad)
  VALUES ('SF8337084','lechuga','2020-03-07',7.87,3,'Vagabond Welding Supply','2021-02-09');
INSERT INTO insumo(idInsumo,nombre,fechaCompra,precio,cantidad,marca,caducidad)
  VALUES ('UY5010826','jamaica','2018-09-24',7.23,5,'Dolgencorp Inc','2021-06-20');
INSERT INTO insumo(idInsumo,nombre,fechaCompra,precio,cantidad,marca,caducidad)
  VALUES ('ST2212928','aguacate','2018-06-18',15.51,10,'Mylan Pharmaceuticals Inc.','2021-12-12');
INSERT INTO insumo(idInsumo,nombre,fechaCompra,precio,cantidad,marca,caducidad)
  VALUES ('DC9335866','piña','2018-08-10',13.76,5,'Dr. Reddy''s Laboratories Limited','2020-08-21');
INSERT INTO insumo(idInsumo,nombre,fechaCompra,precio,cantidad,marca,caducidad)
  VALUES ('MP9575353','yerba santa','2019-06-12',53.78,7,'Torrent Pharmaceuticals Limited','2022-01-17');
INSERT INTO insumo(idInsumo,nombre,fechaCompra,precio,cantidad,marca,caducidad)
  VALUES ('FE4139088','queso oaxaca','2019-09-11',68.5,7,'Blenheim Pharmacal, Inc.','2021-03-14');
INSERT INTO insumo(idInsumo,nombre,fechaCompra,precio,cantidad,marca,caducidad)
  VALUES ('OC7846393','muslo pollo','2019-12-13',77.96,8,'Uriel Pharmacy Inc.','2021-12-13');
INSERT INTO insumo(idInsumo,nombre,fechaCompra,precio,cantidad,marca,caducidad)
  VALUES ('MZ0992512','boing de guayaba','2019-11-28',73.79,7,'Antigen Laboratories, Inc.','2022-04-02');
INSERT INTO insumo(idInsumo,nombre,fechaCompra,precio,cantidad,marca,caducidad)
  VALUES ('YQ9548737','rabanos','2019-06-10',47.4,4,'Guthy-Renker LLC','2020-09-01');
INSERT INTO insumo(idInsumo,nombre,fechaCompra,precio,cantidad,marca,caducidad)
  VALUES ('IA7140210','coca cola','2018-02-18',64.12,2,'Valeant Pharmaceuticals International','2022-02-18');
INSERT INTO insumo(idInsumo,nombre,fechaCompra,precio,cantidad,marca,caducidad)
  VALUES ('JY4949482','cilantro','2018-05-20',21.58,8,'Keltman Pharmaceuticals Inc.','2022-07-06');
INSERT INTO insumo(idInsumo,nombre,fechaCompra,precio,cantidad,marca,caducidad)
  VALUES ('RW8733542','sal','2019-04-22',21.99,5,'CVS Pharmacy','2022-03-03');
INSERT INTO insumo(idInsumo,nombre,fechaCompra,precio,cantidad,marca,caducidad)
  VALUES ('IE0152979','maiz pozolero','2019-10-14',30.0,8,'Publix Super Markets Inc','2020-12-24');
INSERT INTO insumo(idInsumo,nombre,fechaCompra,precio,cantidad,marca,caducidad)
  VALUES ('EE7243970','chiles verdes','2020-05-03',98.34,8,'Paddock Laboratories, LLC','2020-09-06');
INSERT INTO insumo(idInsumo,nombre,fechaCompra,precio,cantidad,marca,caducidad)
  VALUES ('UN9062845','bolillos','2018-08-17',76.08,8,'Aurobindo Pharma Limited','2021-10-21');
INSERT INTO insumo(idInsumo,nombre,fechaCompra,precio,cantidad,marca,caducidad)
  VALUES ('WN1844659','lechuga','2020-04-03',44.6,9,'American Health Packaging','2021-07-16');
INSERT INTO insumo(idInsumo,nombre,fechaCompra,precio,cantidad,marca,caducidad)
  VALUES ('DE6795306','sal','2018-07-03',13.79,1,'Unit Dose Services','2020-09-30');
INSERT INTO insumo(idInsumo,nombre,fechaCompra,precio,cantidad,marca,caducidad)
  VALUES ('DO1629842','sprite','2018-09-30',20.67,8,'Sun & Skin Care Research, LLC','2020-10-28');
INSERT INTO insumo(idInsumo,nombre,fechaCompra,precio,cantidad,marca,caducidad)
  VALUES ('HY6005726','bistec','2019-07-12',38.88,4,'Liberty Pharmaceuticals, Inc.','2021-07-17');
INSERT INTO insumo(idInsumo,nombre,fechaCompra,precio,cantidad,marca,caducidad)
  VALUES ('KC7524762','jamaica','2019-08-18',53.15,1,'Washington Homeopathic Products','2021-07-16');
INSERT INTO insumo(idInsumo,nombre,fechaCompra,precio,cantidad,marca,caducidad)
  VALUES ('QK0574584','perejil','2019-05-14',24.0,5,'Unit Dose Services','2022-03-18');
INSERT INTO insumo(idInsumo,nombre,fechaCompra,precio,cantidad,marca,caducidad)
  VALUES ('SG7778461','pechuga pollo','2019-11-07',53.51,8,'Space Brands Limited','2020-11-11');
INSERT INTO insumo(idInsumo,nombre,fechaCompra,precio,cantidad,marca,caducidad)
  VALUES ('SR2409780','chicharrón prensado','2020-06-05',30.85,5,'REMEDYREPACK INC.','2022-06-25');
INSERT INTO insumo(idInsumo,nombre,fechaCompra,precio,cantidad,marca,caducidad)
  VALUES ('RN6978323','sal','2019-05-11',5.08,7,'Akorn, Inc.','2021-07-29');
INSERT INTO insumo(idInsumo,nombre,fechaCompra,precio,cantidad,marca,caducidad)
  VALUES ('VM3207027','tortillas de harina','2019-02-12',97.26,4,'Antigen Laboratories, Inc.','2021-05-07');
INSERT INTO insumo(idInsumo,nombre,fechaCompra,precio,cantidad,marca,caducidad)
  VALUES ('OQ1137782','boing de uva','2018-10-06',78.64,9,'Procter & Gamble Manufacturing Co.','2021-06-05');
INSERT INTO insumo(idInsumo,nombre,fechaCompra,precio,cantidad,marca,caducidad)
  VALUES ('VH8037928','electricidad','2018-01-24',17.49,4,'DAVA Pharmaceuticals, Inc.','2021-12-17');
INSERT INTO insumo(idInsumo,nombre,fechaCompra,precio,cantidad,marca,caducidad)
  VALUES ('PV5839302','sidral','2018-02-22',48.83,2,'STAT RX USA LLC','2021-01-01');
INSERT INTO insumo(idInsumo,nombre,fechaCompra,precio,cantidad,marca,caducidad)
  VALUES ('WJ1310656','carne de puerco','2019-02-27',77.9,4,'Macleods Pharmaceuticals Limited','2020-08-31');
INSERT INTO insumo(idInsumo,nombre,fechaCompra,precio,cantidad,marca,caducidad)
  VALUES ('WP8184208','cebolla','2019-09-03',72.07,10,'STI Pharma LLC','2022-07-01');
INSERT INTO insumo(idInsumo,nombre,fechaCompra,precio,cantidad,marca,caducidad)
  VALUES ('SF8005906','coca cola','2018-03-09',22.78,10,'Lake Erie Medical DBA Quality Care Products LLC','2022-06-02');
INSERT INTO insumo(idInsumo,nombre,fechaCompra,precio,cantidad,marca,caducidad)
  VALUES ('LF3502537','rabanos','2019-10-30',89.58,7,'J. A. Cosmetics U.S. INC','2021-11-20');
INSERT INTO insumo(idInsumo,nombre,fechaCompra,precio,cantidad,marca,caducidad)
  VALUES ('XU7985163','agua','2018-05-28',26.41,5,'Duane Reade','2020-08-17');
INSERT INTO insumo(idInsumo,nombre,fechaCompra,precio,cantidad,marca,caducidad)
  VALUES ('DB4379022','chiles verdes','2019-04-08',98.0,2,'MEGASOL COSMETIC GMBH','2020-11-15');
INSERT INTO insumo(idInsumo,nombre,fechaCompra,precio,cantidad,marca,caducidad)
  VALUES ('PH1116636','chile serrano','2020-07-08',70.03,7,'H E B','2020-12-13');
INSERT INTO insumo(idInsumo,nombre,fechaCompra,precio,cantidad,marca,caducidad)
  VALUES ('EY0562103','tripas','2018-11-16',72.79,5,'EQUATE (Walmart Stores, Inc.)','2021-04-29');
INSERT INTO insumo(idInsumo,nombre,fechaCompra,precio,cantidad,marca,caducidad)
  VALUES ('EV3078798','chicharrón prensado','2018-10-19',66.2,7,'Chi Research Inc','2021-09-01');
INSERT INTO insumo(idInsumo,nombre,fechaCompra,precio,cantidad,marca,caducidad)
  VALUES ('LK2753221','cubiertos','2019-05-09',98.6,2,'SHISEIDO AMERICAS CORPORATION','2021-01-01');
INSERT INTO insumo(idInsumo,nombre,fechaCompra,precio,cantidad,marca,caducidad)
  VALUES ('OM2483238','carne de puerco','2020-05-22',49.86,8,'Aphena Pharma Solutions - Tennessee, LLC','2021-05-10');
INSERT INTO insumo(idInsumo,nombre,fechaCompra,precio,cantidad,marca,caducidad)
  VALUES ('HC9172078','sillas','2019-06-20',4.55,2,'Dyax Corp.','2020-09-12');
INSERT INTO insumo(idInsumo,nombre,fechaCompra,precio,cantidad,marca,caducidad)
  VALUES ('NJ3667899','tomates verdes','2018-01-10',84.67,4,'Antigen Laboratories, Inc.','2021-01-30');
INSERT INTO insumo(idInsumo,nombre,fechaCompra,precio,cantidad,marca,caducidad)
  VALUES ('UW0678347','arrachera','2019-07-09',3.02,2,'WOONSOCKET PRESCRIPTION CENTER,INCORPORATED','2022-02-09');
INSERT INTO insumo(idInsumo,nombre,fechaCompra,precio,cantidad,marca,caducidad)
  VALUES ('XI8262278','jamon','2019-02-17',10.72,4,'CVS Pharmacy','2020-12-13');
INSERT INTO insumo(idInsumo,nombre,fechaCompra,precio,cantidad,marca,caducidad)
  VALUES ('FX1340645','tostadas','2018-11-16',52.68,9,'Eli Lilly and Company','2022-03-18');
INSERT INTO insumo(idInsumo,nombre,fechaCompra,precio,cantidad,marca,caducidad)
  VALUES ('IO7037725','longaniza','2018-12-04',8.64,10,'Panrosa Enterprises, Inc.','2021-07-06');
INSERT INTO insumo(idInsumo,nombre,fechaCompra,precio,cantidad,marca,caducidad)
  VALUES ('ZQ4556594','laurel','2018-08-31',5.39,3,'PharmWest Inc.','2020-12-28');
INSERT INTO insumo(idInsumo,nombre,fechaCompra,precio,cantidad,marca,caducidad)
  VALUES ('YG7401081','bistec','2019-04-10',38.04,5,'Empack Spraytech Inc','2021-11-13');
INSERT INTO insumo(idInsumo,nombre,fechaCompra,precio,cantidad,marca,caducidad)
  VALUES ('BV8135612','aceite vegetal','2018-01-07',98.26,3,'Demoulas Super Markets','2021-04-29');
INSERT INTO insumo(idInsumo,nombre,fechaCompra,precio,cantidad,marca,caducidad)
  VALUES ('EU4248852','chicharrón prensado','2018-11-23',64.1,7,'Bryant Ranch Prepack','2020-09-24');
INSERT INTO insumo(idInsumo,nombre,fechaCompra,precio,cantidad,marca,caducidad)
  VALUES ('LH4386647','electricidad','2020-07-12',63.53,3,'Rite Aid Corporation','2022-01-05');
INSERT INTO insumo(idInsumo,nombre,fechaCompra,precio,cantidad,marca,caducidad)
  VALUES ('CC2107628','zanahorias','2018-02-19',49.62,5,'Cardinal Health','2021-02-19');
INSERT INTO insumo(idInsumo,nombre,fechaCompra,precio,cantidad,marca,caducidad)
  VALUES ('HI4390466','tortillas de harina','2020-07-13',83.01,10,'Mylan Pharmaceuticals Inc.','2021-11-28');
INSERT INTO insumo(idInsumo,nombre,fechaCompra,precio,cantidad,marca,caducidad)
  VALUES ('UM6862541','chile guajillo','2019-11-16',49.27,8,'Cantrell Drug Company','2021-01-29');
INSERT INTO insumo(idInsumo,nombre,fechaCompra,precio,cantidad,marca,caducidad)
  VALUES ('NU4088385','tortillas de maiz','2019-09-30',54.5,7,'Chattem, Inc.','2021-10-04');
INSERT INTO insumo(idInsumo,nombre,fechaCompra,precio,cantidad,marca,caducidad)
  VALUES ('YO7763789','sprite','2019-02-02',97.06,7,'Lake Erie Medical & Surgical Supply DBA Quality Care Products LLC','2021-01-20');
INSERT INTO insumo(idInsumo,nombre,fechaCompra,precio,cantidad,marca,caducidad)
  VALUES ('ID8619004','mesas','2019-12-06',20.66,9,'Aurolife Pharma LLC','2022-03-17');
INSERT INTO insumo(idInsumo,nombre,fechaCompra,precio,cantidad,marca,caducidad)
  VALUES ('YT5936527','cebolla','2018-04-17',34.53,7,'Laboratoires Clarins S.A.','2021-01-29');
INSERT INTO insumo(idInsumo,nombre,fechaCompra,precio,cantidad,marca,caducidad)
  VALUES ('PI9287211','frijol','2019-11-01',96.21,1,'ENCHANTE ACCESSORIES INC.','2020-08-18');
INSERT INTO insumo(idInsumo,nombre,fechaCompra,precio,cantidad,marca,caducidad)
  VALUES ('WU7069326','adobo','2020-04-13',81.88,9,'Teva Pharmaceuticals USA Inc','2020-11-03');
INSERT INTO insumo(idInsumo,nombre,fechaCompra,precio,cantidad,marca,caducidad)
  VALUES ('RU1872569','yerba santa','2019-03-08',59.25,8,'KVG Group Inc','2021-09-11');
INSERT INTO insumo(idInsumo,nombre,fechaCompra,precio,cantidad,marca,caducidad)
  VALUES ('RI5790263','tomates verdes','2020-05-16',7.58,1,'Freds Inc','2021-10-15');
INSERT INTO insumo(idInsumo,nombre,fechaCompra,precio,cantidad,marca,caducidad)
  VALUES ('PV4808119','frijol','2018-06-02',30.58,2,'Jubilant HollisterStier LLC','2022-06-20');
INSERT INTO insumo(idInsumo,nombre,fechaCompra,precio,cantidad,marca,caducidad)
  VALUES ('QM4482643','servilletas','2020-04-08',58.53,5,'Sandoz Inc','2020-07-29');
INSERT INTO insumo(idInsumo,nombre,fechaCompra,precio,cantidad,marca,caducidad)
  VALUES ('NP8691978','perejil','2018-12-08',30.28,7,'L. Perrigo Company','2022-04-12');
INSERT INTO insumo(idInsumo,nombre,fechaCompra,precio,cantidad,marca,caducidad)
  VALUES ('LH6811461','perejil','2020-01-12',78.43,1,'Nelco Laboratories, Inc.','2022-05-07');
INSERT INTO insumo(idInsumo,nombre,fechaCompra,precio,cantidad,marca,caducidad)
  VALUES ('SG7787477','tortillas de maiz','2019-11-21',8.27,2,'Qualitest Pharmaceuticals','2021-01-22');
INSERT INTO insumo(idInsumo,nombre,fechaCompra,precio,cantidad,marca,caducidad)
  VALUES ('HD8348976','epazote','2018-02-10',70.07,9,'Sagent Pharmaceuticals','2020-10-01');
INSERT INTO insumo(idInsumo,nombre,fechaCompra,precio,cantidad,marca,caducidad)
  VALUES ('RW8152875','jamon','2020-07-11',43.09,3,'Allergy Laboratories, Inc.','2020-08-05');
INSERT INTO insumo(idInsumo,nombre,fechaCompra,precio,cantidad,marca,caducidad)
  VALUES ('OW6333094','arrachera','2020-02-25',40.57,5,'American Health Packaging','2021-05-30');
INSERT INTO insumo(idInsumo,nombre,fechaCompra,precio,cantidad,marca,caducidad)
  VALUES ('CV7275780','carne de puerco','2019-12-18',87.31,8,'Nelco Laboratories, Inc.','2021-12-28');
INSERT INTO insumo(idInsumo,nombre,fechaCompra,precio,cantidad,marca,caducidad)
  VALUES ('HB6444543','bolillos','2019-10-26',92.14,9,'Roxane Laboratories, Inc.','2020-12-25');
INSERT INTO insumo(idInsumo,nombre,fechaCompra,precio,cantidad,marca,caducidad)
  VALUES ('MY0400228','longaniza','2019-04-01',51.55,7,'MSD Consumer Care, Inc.','2021-12-24');
INSERT INTO insumo(idInsumo,nombre,fechaCompra,precio,cantidad,marca,caducidad)
  VALUES ('TT7608971','bistec','2019-07-11',98.73,8,'Rebel Distributors Corp','2021-02-15');
INSERT INTO insumo(idInsumo,nombre,fechaCompra,precio,cantidad,marca,caducidad)
  VALUES ('TJ5308513','platos','2018-09-22',19.8,9,'Purdue Pharma LP','2020-12-14');
INSERT INTO insumo(idInsumo,nombre,fechaCompra,precio,cantidad,marca,caducidad)
  VALUES ('BI4507928','perejil','2020-02-21',76.19,1,'McKesson','2021-08-24');
INSERT INTO insumo(idInsumo,nombre,fechaCompra,precio,cantidad,marca,caducidad)
  VALUES ('KN5203550','costilla','2018-04-09',37.84,4,'Gent-l-kleen Products, Inc.','2021-12-20');
INSERT INTO insumo(idInsumo,nombre,fechaCompra,precio,cantidad,marca,caducidad)
  VALUES ('MW0385053','tocino','2019-04-09',4.78,2,'Peaceful Mountain, Inc.','2022-03-17');
INSERT INTO insumo(idInsumo,nombre,fechaCompra,precio,cantidad,marca,caducidad)
  VALUES ('LJ7266713','boing de guayaba','2020-06-21',69.85,5,'HART Health','2021-08-21');
INSERT INTO insumo(idInsumo,nombre,fechaCompra,precio,cantidad,marca,caducidad)
  VALUES ('NQ0631928','huevos','2019-11-19',38.95,5,'MSD Consumer Care, Inc.','2021-08-11');
INSERT INTO insumo(idInsumo,nombre,fechaCompra,precio,cantidad,marca,caducidad)
  VALUES ('JE0768787','cafe','2019-06-24',72.37,2,'Physicians Total Care, Inc.','2022-06-10');
INSERT INTO insumo(idInsumo,nombre,fechaCompra,precio,cantidad,marca,caducidad)
  VALUES ('TQ1372792','cubiertos','2018-10-24',79.02,4,'Nelco Laboratories, Inc.','2020-10-14');
INSERT INTO insumo(idInsumo,nombre,fechaCompra,precio,cantidad,marca,caducidad)
  VALUES ('SD9239851','tomates verdes','2018-03-18',45.2,9,'Advance Pharmaceutical Inc.','2021-03-09');
INSERT INTO insumo(idInsumo,nombre,fechaCompra,precio,cantidad,marca,caducidad)
  VALUES ('AH8980015','queso panela','2019-09-03',46.45,5,'Nelco Laboratories, Inc.','2021-01-22');
INSERT INTO insumo(idInsumo,nombre,fechaCompra,precio,cantidad,marca,caducidad)
  VALUES ('BG3678370','maiz pozolero','2018-01-19',89.55,9,'Perrigo New York Inc','2021-07-05');
INSERT INTO insumo(idInsumo,nombre,fechaCompra,precio,cantidad,marca,caducidad)
  VALUES ('DJ7702487','agua','2019-12-07',48.01,7,'Apotex Corp.','2020-09-12');
INSERT INTO insumo(idInsumo,nombre,fechaCompra,precio,cantidad,marca,caducidad)
  VALUES ('RE9157331','sidral','2018-11-01',54.62,10,'Rebel Distributors Corp.','2022-03-14');
INSERT INTO insumo(idInsumo,nombre,fechaCompra,precio,cantidad,marca,caducidad)
  VALUES ('OC9481118','pierna pollo','2018-08-07',26.32,1,'Major Pharmaceuticals','2020-12-09');
INSERT INTO insumo(idInsumo,nombre,fechaCompra,precio,cantidad,marca,caducidad)
  VALUES ('FG5621570','cafe','2019-04-05',92.38,7,'Precision Dose Inc.','2021-01-26');
INSERT INTO insumo(idInsumo,nombre,fechaCompra,precio,cantidad,marca,caducidad)
  VALUES ('WG8028338','muslo pollo','2018-01-29',26.82,4,'DOLGENCORP,LLC','2021-02-08');
INSERT INTO insumo(idInsumo,nombre,fechaCompra,precio,cantidad,marca,caducidad)
  VALUES ('UO3240581','refrigeradores','2018-09-19',62.53,3,'State of Florida DOH Central Pharmacy','2020-09-07');
INSERT INTO insumo(idInsumo,nombre,fechaCompra,precio,cantidad,marca,caducidad)
  VALUES ('QI4365629','tortillas de harina','2020-01-24',99.32,10,'Wakefern Food Corporation','2020-08-19');
INSERT INTO insumo(idInsumo,nombre,fechaCompra,precio,cantidad,marca,caducidad)
  VALUES ('SD1067838','fanta','2018-09-06',80.57,1,'Baxter Healthcare Corporation','2020-10-08');
INSERT INTO insumo(idInsumo,nombre,fechaCompra,precio,cantidad,marca,caducidad)
  VALUES ('BE5857841','piña','2018-11-30',34.48,3,'HANLIM PHARM. CO., LTD.','2021-03-06');
INSERT INTO insumo(idInsumo,nombre,fechaCompra,precio,cantidad,marca,caducidad)
  VALUES ('WJ5386441','cebolla','2018-07-18',29.0,9,'Allergy Laboratories, Inc.','2021-09-26');
INSERT INTO insumo(idInsumo,nombre,fechaCompra,precio,cantidad,marca,caducidad)
  VALUES ('FU1591704','bistec','2018-04-16',38.44,6,'Libertas Pharma, Inc.','2022-04-08');
INSERT INTO insumo(idInsumo,nombre,fechaCompra,precio,cantidad,marca,caducidad)
  VALUES ('KL2644718','queso panela','2018-01-23',6.27,10,'Neutrogena Corporation','2022-06-01');
INSERT INTO insumo(idInsumo,nombre,fechaCompra,precio,cantidad,marca,caducidad)
  VALUES ('IE9471048','sidral','2020-03-10',86.83,4,'REMEDYREPACK INC.','2021-09-30');
INSERT INTO insumo(idInsumo,nombre,fechaCompra,precio,cantidad,marca,caducidad)
  VALUES ('SH5761510','cubiertos','2019-10-02',98.94,8,'New Sun Inc.','2020-12-25');
INSERT INTO insumo(idInsumo,nombre,fechaCompra,precio,cantidad,marca,caducidad)
  VALUES ('OU2216816','sprite','2018-06-17',55.29,7,'Cadila Healthcare Limited','2021-09-26');
INSERT INTO insumo(idInsumo,nombre,fechaCompra,precio,cantidad,marca,caducidad)
  VALUES ('EX8122231','refrigeradores','2018-01-22',97.54,2,'Mylan Institutional Inc.','2021-02-22');
INSERT INTO insumo(idInsumo,nombre,fechaCompra,precio,cantidad,marca,caducidad)
  VALUES ('LP7275436','ajo','2019-09-20',93.5,2,'Fresenius Kabi USA, LLC','2021-09-21');
INSERT INTO insumo(idInsumo,nombre,fechaCompra,precio,cantidad,marca,caducidad)
  VALUES ('VW8804319','agua','2019-09-28',19.0,3,'BCM Ltd','2022-07-10');
INSERT INTO insumo(idInsumo,nombre,fechaCompra,precio,cantidad,marca,caducidad)
  VALUES ('YF3013349','gas','2019-01-19',60.56,2,'Preferred Pharmaceuticals, Inc','2021-04-26');
INSERT INTO insumo(idInsumo,nombre,fechaCompra,precio,cantidad,marca,caducidad)
  VALUES ('SR1939840','servilletas','2020-06-21',41.43,2,'Rite Aid Corporation','2020-08-25');
INSERT INTO insumo(idInsumo,nombre,fechaCompra,precio,cantidad,marca,caducidad)
  VALUES ('NJ4588105','frijol','2020-06-24',57.1,10,'Clinical Solutions Wholesale','2022-02-25');
INSERT INTO insumo(idInsumo,nombre,fechaCompra,precio,cantidad,marca,caducidad)
  VALUES ('FN8162539','perejil','2018-10-05',92.34,3,'BluePoint Laboratories','2022-03-21');
INSERT INTO insumo(idInsumo,nombre,fechaCompra,precio,cantidad,marca,caducidad)
  VALUES ('FN6875299','rabanos','2018-08-18',17.14,6,'Happy Sonic Global Co., Ltd.','2021-04-09');
INSERT INTO insumo(idInsumo,nombre,fechaCompra,precio,cantidad,marca,caducidad)
  VALUES ('KG0952239','chile serrano','2019-06-15',36.04,3,'REMEDYREPACK INC.','2022-04-23');
INSERT INTO insumo(idInsumo,nombre,fechaCompra,precio,cantidad,marca,caducidad)
  VALUES ('CN1488562','chicharrón prensado','2019-05-18',76.79,1,'Watson Laboratories, Inc.','2021-11-20');
INSERT INTO insumo(idInsumo,nombre,fechaCompra,precio,cantidad,marca,caducidad)
  VALUES ('OM0211069','chile guajillo','2018-06-07',89.2,9,'Apotex Corp.','2020-08-16');
INSERT INTO insumo(idInsumo,nombre,fechaCompra,precio,cantidad,marca,caducidad)
  VALUES ('UW5738806','suadero','2019-06-26',25.32,4,'Sam''s West Inc','2022-07-12');
INSERT INTO insumo(idInsumo,nombre,fechaCompra,precio,cantidad,marca,caducidad)
  VALUES ('WM3668693','bistec','2018-06-15',18.95,3,'Lake Erie Medical DBA Quality Care Products LLC','2021-08-05');
INSERT INTO insumo(idInsumo,nombre,fechaCompra,precio,cantidad,marca,caducidad)
  VALUES ('DX0364409','sesos','2019-11-29',45.35,3,'Smith & Nephew, Inc.','2020-11-15');
INSERT INTO insumo(idInsumo,nombre,fechaCompra,precio,cantidad,marca,caducidad)
  VALUES ('ZR9395274','servilletas','2018-01-12',91.7,10,'Physicians Total Care, Inc.','2021-11-24');
INSERT INTO insumo(idInsumo,nombre,fechaCompra,precio,cantidad,marca,caducidad)
  VALUES ('OH2929335','epazote','2020-07-10',19.84,4,'H.J. Harkins Company, Inc.','2021-07-21');
INSERT INTO insumo(idInsumo,nombre,fechaCompra,precio,cantidad,marca,caducidad)
  VALUES ('TC2553679','nopales','2018-03-11',5.6,8,'Dolgencorp, LLC','2022-01-27');
INSERT INTO insumo(idInsumo,nombre,fechaCompra,precio,cantidad,marca,caducidad)
  VALUES ('FU9730674','chile guajillo','2018-12-28',56.85,9,'SPIRIT PHARMACEUTICALS,LLC','2021-12-28');
INSERT INTO insumo(idInsumo,nombre,fechaCompra,precio,cantidad,marca,caducidad)
  VALUES ('XU3917872','zanahorias','2019-08-23',41.63,4,'Nelco Laboratories, Inc.','2021-10-05');
INSERT INTO insumo(idInsumo,nombre,fechaCompra,precio,cantidad,marca,caducidad)
  VALUES ('LB0116248','limon','2019-04-06',79.06,9,'THEFACESHOP CO., LTD.','2022-02-12');
INSERT INTO insumo(idInsumo,nombre,fechaCompra,precio,cantidad,marca,caducidad)
  VALUES ('PM0078937','horchata','2019-05-01',23.81,9,'Zhejiang Jingwei Pharmaceutical Co., Ltd.','2021-04-10');
INSERT INTO insumo(idInsumo,nombre,fechaCompra,precio,cantidad,marca,caducidad)
  VALUES ('QU2636475','adobo','2018-04-30',30.07,9,'REMEDYREPACK INC.','2021-10-27');
INSERT INTO insumo(idInsumo,nombre,fechaCompra,precio,cantidad,marca,caducidad)
  VALUES ('IU6583217','suadero','2018-11-29',44.8,8,'EMD Serono, Inc.','2021-11-21');
INSERT INTO insumo(idInsumo,nombre,fechaCompra,precio,cantidad,marca,caducidad)
  VALUES ('BT0315530','cilantro','2019-09-13',32.39,3,'NorthStar Rx LLC','2021-07-14');
INSERT INTO insumo(idInsumo,nombre,fechaCompra,precio,cantidad,marca,caducidad)
  VALUES ('DT0047588','pierna','2018-07-21',8.75,8,'China Ningbo Shangge Cosmetic Technology Corp','2020-08-23');
INSERT INTO insumo(idInsumo,nombre,fechaCompra,precio,cantidad,marca,caducidad)
  VALUES ('SF6111296','arrachera','2018-09-24',48.23,4,'CVS Pharmacy','2020-10-28');
INSERT INTO insumo(idInsumo,nombre,fechaCompra,precio,cantidad,marca,caducidad)
  VALUES ('NR4843009','boing de uva','2019-11-29',92.04,4,'Cardinal Health','2021-09-05');
INSERT INTO insumo(idInsumo,nombre,fechaCompra,precio,cantidad,marca,caducidad)
  VALUES ('LO8256111','aguacate','2019-07-29',2.5,10,'REMEDYREPACK INC.','2021-11-05');
INSERT INTO insumo(idInsumo,nombre,fechaCompra,precio,cantidad,marca,caducidad)
  VALUES ('XC3971061','fanta','2020-03-30',43.72,8,'Nelco Laboratories, Inc.','2021-08-02');
INSERT INTO insumo(idInsumo,nombre,fechaCompra,precio,cantidad,marca,caducidad)
  VALUES ('KG6589611','sillas','2018-03-16',88.19,8,'Dava Pharmaceuticals, Inc.','2020-08-06');
INSERT INTO insumo(idInsumo,nombre,fechaCompra,precio,cantidad,marca,caducidad)
  VALUES ('RB8889453','milanesa','2018-03-16',6.92,3,'Mylan Institutional Inc.','2021-08-03');
INSERT INTO insumo(idInsumo,nombre,fechaCompra,precio,cantidad,marca,caducidad)
  VALUES ('MS3897111','huevos','2019-04-06',75.84,8,'Access Business Group LLC','2021-02-20');
INSERT INTO insumo(idInsumo,nombre,fechaCompra,precio,cantidad,marca,caducidad)
  VALUES ('XY3743811','longaniza','2018-07-09',2.26,7,'Antigen Laboratories, Inc.','2021-12-27');
INSERT INTO insumo(idInsumo,nombre,fechaCompra,precio,cantidad,marca,caducidad)
  VALUES ('DP3750283','tostadas','2018-10-11',91.08,6,'Teva Pharmaceuticals USA Inc','2021-03-18');
INSERT INTO insumo(idInsumo,nombre,fechaCompra,precio,cantidad,marca,caducidad)
  VALUES ('TD3406735','oregano','2018-07-07',72.59,2,'Pfizer Consumer Healthcare','2021-12-22');
INSERT INTO insumo(idInsumo,nombre,fechaCompra,precio,cantidad,marca,caducidad)
  VALUES ('HU7995462','sal','2018-12-03',25.96,7,'Ranbaxy Pharmaceuticals Inc.','2021-11-16');
INSERT INTO insumo(idInsumo,nombre,fechaCompra,precio,cantidad,marca,caducidad)
  VALUES ('GS6681536','horchata','2018-04-22',37.98,1,'H E B','2021-09-16');
INSERT INTO insumo(idInsumo,nombre,fechaCompra,precio,cantidad,marca,caducidad)
  VALUES ('DR6592306','jamaica','2018-03-23',3.9,4,'State of Florida DOH Central Pharmacy','2022-04-14');
INSERT INTO insumo(idInsumo,nombre,fechaCompra,precio,cantidad,marca,caducidad)
  VALUES ('WJ4618974','fanta','2018-11-13',83.91,2,'SUPERVALU INC.','2022-03-21');
INSERT INTO insumo(idInsumo,nombre,fechaCompra,precio,cantidad,marca,caducidad)
  VALUES ('HY7286024','piña','2019-04-28',83.65,1,'UniShield','2022-04-02');
INSERT INTO insumo(idInsumo,nombre,fechaCompra,precio,cantidad,marca,caducidad)
  VALUES ('QZ0868960','tripas','2018-11-29',24.53,10,'Uriel Pharmacy Inc.','2021-10-10');
INSERT INTO insumo(idInsumo,nombre,fechaCompra,precio,cantidad,marca,caducidad)
  VALUES ('AZ9272871','pierna pollo','2019-12-15',6.04,8,'Holston Gases, Inc','2020-12-23');
INSERT INTO insumo(idInsumo,nombre,fechaCompra,precio,cantidad,marca,caducidad)
  VALUES ('JO3487293','epazote','2018-11-23',98.21,3,'Procter & Gamble Manufacturing Co.','2022-06-27');
INSERT INTO insumo(idInsumo,nombre,fechaCompra,precio,cantidad,marca,caducidad)
  VALUES ('JL4814515','mesas','2018-07-08',9.61,9,'Landy International','2020-12-08');
INSERT INTO insumo(idInsumo,nombre,fechaCompra,precio,cantidad,marca,caducidad)
  VALUES ('IR8845922','tostadas','2020-07-04',6.68,9,'Shopko Stores Operating Co., LLC','2021-07-30');
INSERT INTO insumo(idInsumo,nombre,fechaCompra,precio,cantidad,marca,caducidad)
  VALUES ('ZD9083130','milanesa','2019-08-08',22.02,7,'Actavis Mid Atlantic LLC','2022-02-09');
INSERT INTO insumo(idInsumo,nombre,fechaCompra,precio,cantidad,marca,caducidad)
  VALUES ('AW7625418','gas','2018-07-16',94.13,7,'Liddell Laboratories, Inc.','2021-06-22');
INSERT INTO insumo(idInsumo,nombre,fechaCompra,precio,cantidad,marca,caducidad)
  VALUES ('XY2219788','sprite','2020-06-16',7.25,9,'Harmon Stores Inc.','2020-09-20');
INSERT INTO insumo(idInsumo,nombre,fechaCompra,precio,cantidad,marca,caducidad)
  VALUES ('CS9348067','tostadas','2019-07-05',43.05,7,'Nelco Laboratories, Inc.','2021-04-18');
INSERT INTO insumo(idInsumo,nombre,fechaCompra,precio,cantidad,marca,caducidad)
  VALUES ('UH7479989','refrigeradores','2019-10-27',23.19,1,'AvPAK','2021-03-06');
INSERT INTO insumo(idInsumo,nombre,fechaCompra,precio,cantidad,marca,caducidad)
  VALUES ('LU4954254','bistec','2020-01-06',26.02,8,'Cadila Healthcare Limited','2021-02-16');
INSERT INTO insumo(idInsumo,nombre,fechaCompra,precio,cantidad,marca,caducidad)
  VALUES ('FV3006917','crema','2019-01-17',84.15,2,'Physicians Total Care, Inc.','2022-04-18');
INSERT INTO insumo(idInsumo,nombre,fechaCompra,precio,cantidad,marca,caducidad)
  VALUES ('FJ2843494','longaniza','2018-02-13',22.52,10,'Cantrell Drug Company','2021-11-26');
INSERT INTO insumo(idInsumo,nombre,fechaCompra,precio,cantidad,marca,caducidad)
  VALUES ('ND3617363','platos','2019-05-04',56.2,5,'Hospira, Inc.','2021-08-31');
INSERT INTO insumo(idInsumo,nombre,fechaCompra,precio,cantidad,marca,caducidad)
  VALUES ('KJ6430631','pierna','2018-05-14',73.71,1,'CorePharma, LLC','2021-04-26');
INSERT INTO insumo(idInsumo,nombre,fechaCompra,precio,cantidad,marca,caducidad)
  VALUES ('OY6812395','perejil','2018-11-26',52.93,10,'Cardinal Health','2020-08-21');
INSERT INTO insumo(idInsumo,nombre,fechaCompra,precio,cantidad,marca,caducidad)
  VALUES ('CH2324061','manteles','2019-12-16',21.43,7,'Wal-Mart Stores, Inc','2022-07-02');
INSERT INTO insumo(idInsumo,nombre,fechaCompra,precio,cantidad,marca,caducidad)
  VALUES ('GK7324148','epazote','2019-04-19',3.06,8,'REMEDYREPACK INC.','2020-10-22');
INSERT INTO insumo(idInsumo,nombre,fechaCompra,precio,cantidad,marca,caducidad)
  VALUES ('IP0368567','leche','2020-05-22',28.57,6,'True Botanica, LLC','2021-10-13');
INSERT INTO insumo(idInsumo,nombre,fechaCompra,precio,cantidad,marca,caducidad)
  VALUES ('YE2223215','tortillas de maiz','2019-12-22',59.01,10,'Watson Pharma, Inc.','2021-08-24');
INSERT INTO insumo(idInsumo,nombre,fechaCompra,precio,cantidad,marca,caducidad)
  VALUES ('BR2524461','chiles verdes','2019-09-30',77.44,3,'A-S Medication Solutions LLC','2021-02-03');
INSERT INTO insumo(idInsumo,nombre,fechaCompra,precio,cantidad,marca,caducidad)
  VALUES ('MV5077595','sesos','2019-05-08',54.43,2,'Uriel Pharmacy Inc.','2020-10-23');
INSERT INTO insumo(idInsumo,nombre,fechaCompra,precio,cantidad,marca,caducidad)
  VALUES ('EC1636128','tomates rojos','2020-02-25',40.92,7,'Paddock Laboratories, LLC','2022-01-16');
INSERT INTO insumo(idInsumo,nombre,fechaCompra,precio,cantidad,marca,caducidad)
  VALUES ('DO4979034','sidral','2020-02-22',82.88,6,'Allermed Laboratories, Inc.','2021-07-06');
INSERT INTO insumo(idInsumo,nombre,fechaCompra,precio,cantidad,marca,caducidad)
  VALUES ('DE0004343','chile serrano','2018-09-15',99.86,1,'Allergy Laboratories, Inc.','2020-08-06');
INSERT INTO insumo(idInsumo,nombre,fechaCompra,precio,cantidad,marca,caducidad)
  VALUES ('WA0211167','cilantro','2019-03-15',46.36,7,'Dynamic Pharmaceuticals Inc.','2021-07-24');
INSERT INTO insumo(idInsumo,nombre,fechaCompra,precio,cantidad,marca,caducidad)
  VALUES ('GL8567045','jamon','2020-07-01',83.05,3,'Dr. Reddy''s Laboratories Limited','2021-12-26');
INSERT INTO insumo(idInsumo,nombre,fechaCompra,precio,cantidad,marca,caducidad)
  VALUES ('XA2650786','maiz pozolero','2018-12-25',47.61,10,'Uriel Pharmacy Inc.','2021-09-06');
INSERT INTO insumo(idInsumo,nombre,fechaCompra,precio,cantidad,marca,caducidad)
  VALUES ('AD7005279','yerba santa','2018-03-09',26.75,7,'Lake Erie Medical DBA Quality Care Products LLC','2021-07-30');
INSERT INTO insumo(idInsumo,nombre,fechaCompra,precio,cantidad,marca,caducidad)
  VALUES ('SZ7223860','carne de puerco','2018-04-29',61.83,6,'NEW WORLD IMPORTS, INC.','2021-02-03');
INSERT INTO insumo(idInsumo,nombre,fechaCompra,precio,cantidad,marca,caducidad)
  VALUES ('JX3345008','aguacate','2020-02-02',2.66,4,'Aurobindo Pharma Limited','2020-09-05');
INSERT INTO insumo(idInsumo,nombre,fechaCompra,precio,cantidad,marca,caducidad)
  VALUES ('XE9735025','maiz pozolero','2018-04-09',85.19,8,'AMERICAN SALES COMPANY','2020-10-28');
INSERT INTO insumo(idInsumo,nombre,fechaCompra,precio,cantidad,marca,caducidad)
  VALUES ('RU8436758','aguacate','2019-07-13',54.58,6,'Topco Associates LLC','2021-12-19');
INSERT INTO insumo(idInsumo,nombre,fechaCompra,precio,cantidad,marca,caducidad)
  VALUES ('LG3185677','sesos','2018-02-07',33.19,9,'Contract Pharmacy Services-PA','2020-10-01');
INSERT INTO insumo(idInsumo,nombre,fechaCompra,precio,cantidad,marca,caducidad)
  VALUES ('YZ1781077','muslo pollo','2019-09-18',14.48,10,'Apotex Corp','2020-12-20');
INSERT INTO insumo(idInsumo,nombre,fechaCompra,precio,cantidad,marca,caducidad)
  VALUES ('UG4675407','tortillas de harina','2020-01-28',2.14,4,'Physicians Total Care, Inc.','2021-01-31');
INSERT INTO insumo(idInsumo,nombre,fechaCompra,precio,cantidad,marca,caducidad)
  VALUES ('PL9304206','chiles verdes','2019-08-30',99.8,1,'Jangin Pharm Co., Ltd.','2021-09-29');
INSERT INTO insumo(idInsumo,nombre,fechaCompra,precio,cantidad,marca,caducidad)
  VALUES ('XK2234752','chile serrano','2020-04-10',94.69,1,'Newton Laboratories, Inc.','2021-09-18');
INSERT INTO insumo(idInsumo,nombre,fechaCompra,precio,cantidad,marca,caducidad)
  VALUES ('WY6627713','electricidad','2019-08-02',82.82,5,'Ventura Corporation LTD.','2021-03-18');
INSERT INTO insumo(idInsumo,nombre,fechaCompra,precio,cantidad,marca,caducidad)
  VALUES ('HV1616858','sal','2020-02-18',80.31,5,'Family Dollar','2022-01-12');
INSERT INTO insumo(idInsumo,nombre,fechaCompra,precio,cantidad,marca,caducidad)
  VALUES ('PK8204585','leche','2018-01-29',29.31,10,'The Medicines Company','2021-01-15');
INSERT INTO insumo(idInsumo,nombre,fechaCompra,precio,cantidad,marca,caducidad)
  VALUES ('FP2056199','mesas','2018-06-26',66.32,5,'LG Household and Healthcare, Inc.','2021-10-23');
INSERT INTO insumo(idInsumo,nombre,fechaCompra,precio,cantidad,marca,caducidad)
  VALUES ('IS0849352','pimiento verde','2018-11-29',83.42,10,'American Sales Company, Inc.','2022-03-26');
INSERT INTO insumo(idInsumo,nombre,fechaCompra,precio,cantidad,marca,caducidad)
  VALUES ('WL1829123','suadero','2019-11-24',82.89,9,'Kmart Corporation','2022-04-20');
INSERT INTO insumo(idInsumo,nombre,fechaCompra,precio,cantidad,marca,caducidad)
  VALUES ('LA2504060','mesas','2019-12-03',3.24,3,'Teva Pharmaceuticals USA Inc','2020-07-21');
INSERT INTO insumo(idInsumo,nombre,fechaCompra,precio,cantidad,marca,caducidad)
  VALUES ('SC3071262','arrachera','2019-01-22',39.34,8,'Publix Super Markets Inc','2021-08-13');
INSERT INTO insumo(idInsumo,nombre,fechaCompra,precio,cantidad,marca,caducidad)
  VALUES ('AK1741064','cebolla','2018-12-23',57.35,5,'Medicine Shoppe International Inc','2021-04-26');
INSERT INTO insumo(idInsumo,nombre,fechaCompra,precio,cantidad,marca,caducidad)
  VALUES ('MB2157298','carne de puerco','2018-03-15',48.71,7,'Cleansia Co Ltd','2021-09-02');
INSERT INTO insumo(idInsumo,nombre,fechaCompra,precio,cantidad,marca,caducidad)
  VALUES ('LE1424557','platos','2018-06-18',61.79,5,'General Injectables and Vaccines, Inc.','2020-07-19');
INSERT INTO insumo(idInsumo,nombre,fechaCompra,precio,cantidad,marca,caducidad)
  VALUES ('GH3280252','tomates rojos','2019-11-17',20.63,3,'Cardinal Health','2022-03-18');
INSERT INTO insumo(idInsumo,nombre,fechaCompra,precio,cantidad,marca,caducidad)
  VALUES ('KB8245755','pierna','2019-10-03',69.67,10,'Barr Laboratories Inc.','2020-08-08');
INSERT INTO insumo(idInsumo,nombre,fechaCompra,precio,cantidad,marca,caducidad)
  VALUES ('FL3630064','piña','2018-12-08',95.93,8,'Darby Dental Supply LLC','2021-09-22');
INSERT INTO insumo(idInsumo,nombre,fechaCompra,precio,cantidad,marca,caducidad)
  VALUES ('OB0060120','frijol','2019-07-30',89.25,4,'Melaleuca, Inc.','2021-09-02');
INSERT INTO insumo(idInsumo,nombre,fechaCompra,precio,cantidad,marca,caducidad)
  VALUES ('QH8063949','boing de guayaba','2018-02-20',51.33,2,'Cardinal Health','2021-03-29');
INSERT INTO insumo(idInsumo,nombre,fechaCompra,precio,cantidad,marca,caducidad)
  VALUES ('JE7081000','piña','2019-10-20',50.04,6,'H E B','2022-01-24');
INSERT INTO insumo(idInsumo,nombre,fechaCompra,precio,cantidad,marca,caducidad)
  VALUES ('HF7398012','crema','2018-10-25',8.13,9,'Boca Pharmacal, LLC','2022-07-10');
INSERT INTO insumo(idInsumo,nombre,fechaCompra,precio,cantidad,marca,caducidad)
  VALUES ('UV9287901','cubiertos','2019-11-12',13.94,1,'Physicians Total Care, Inc.','2020-11-29');
INSERT INTO insumo(idInsumo,nombre,fechaCompra,precio,cantidad,marca,caducidad)
  VALUES ('TX6684816','queso oaxaca','2019-03-13',55.6,7,'GM Pharmaceuticals, Inc.','2021-08-22');
INSERT INTO insumo(idInsumo,nombre,fechaCompra,precio,cantidad,marca,caducidad)
  VALUES ('KU7559652','pierna pollo','2018-10-30',51.27,4,'Elizabeth Arden, Inc','2020-11-02');
INSERT INTO insumo(idInsumo,nombre,fechaCompra,precio,cantidad,marca,caducidad)
  VALUES ('FM6584360','tortillas de harina','2020-04-17',84.18,7,'Physicians Total Care, Inc.','2021-10-09');
INSERT INTO insumo(idInsumo,nombre,fechaCompra,precio,cantidad,marca,caducidad)
  VALUES ('AI2722825','tomates rojos','2019-09-15',10.43,3,'Nelco Laboratories, Inc.','2021-08-09');

/*-----------------------------------------------------------------------
 ---------------------[ Datos de contenerPlatillo ]----------------------
 ----------------------------------------------------------------------*/
INSERT INTO contenerPlatillo(idProducto,idInsumo,porcion)
  VALUES (6,'PL9304206',21.38);
INSERT INTO contenerPlatillo(idProducto,idInsumo,porcion)
  VALUES (10,'QG8913706',14.79);
INSERT INTO contenerPlatillo(idProducto,idInsumo,porcion)
  VALUES (30,'OY6812395',19.72);
INSERT INTO contenerPlatillo(idProducto,idInsumo,porcion)
  VALUES (19,'XA2650786',33.91);
INSERT INTO contenerPlatillo(idProducto,idInsumo,porcion)
  VALUES (31,'GF1612694',6.17);
INSERT INTO contenerPlatillo(idProducto,idInsumo,porcion)
  VALUES (20,'AI2722825',26.6);
INSERT INTO contenerPlatillo(idProducto,idInsumo,porcion)
  VALUES (7,'KY3003192',14.59);
INSERT INTO contenerPlatillo(idProducto,idInsumo,porcion)
  VALUES (16,'AX5689194',8.05);
INSERT INTO contenerPlatillo(idProducto,idInsumo,porcion)
  VALUES (6,'UW0678347',18.92);
INSERT INTO contenerPlatillo(idProducto,idInsumo,porcion)
  VALUES (28,'ZL4691696',4.45);
INSERT INTO contenerPlatillo(idProducto,idInsumo,porcion)
  VALUES (4,'YB8261003',7.67);
INSERT INTO contenerPlatillo(idProducto,idInsumo,porcion)
  VALUES (21,'YB4438479',35.48);
INSERT INTO contenerPlatillo(idProducto,idInsumo,porcion)
  VALUES (30,'IR8845922',5.18);
INSERT INTO contenerPlatillo(idProducto,idInsumo,porcion)
  VALUES (24,'PL3057560',36.53);
INSERT INTO contenerPlatillo(idProducto,idInsumo,porcion)
  VALUES (23,'VS3557515',7.03);
INSERT INTO contenerPlatillo(idProducto,idInsumo,porcion)
  VALUES (27,'MP9575353',34.06);
INSERT INTO contenerPlatillo(idProducto,idInsumo,porcion)
  VALUES (4,'IE0152979',25.01);
INSERT INTO contenerPlatillo(idProducto,idInsumo,porcion)
  VALUES (30,'WU7069326',14.4);
INSERT INTO contenerPlatillo(idProducto,idInsumo,porcion)
  VALUES (22,'IU6583217',39.58);
INSERT INTO contenerPlatillo(idProducto,idInsumo,porcion)
  VALUES (31,'IB8727504',21.45);
INSERT INTO contenerPlatillo(idProducto,idInsumo,porcion)
  VALUES (18,'DR3896945',6.55);
INSERT INTO contenerPlatillo(idProducto,idInsumo,porcion)
  VALUES (5,'WG8028338',41.75);
INSERT INTO contenerPlatillo(idProducto,idInsumo,porcion)
  VALUES (26,'UC5856487',10.07);
INSERT INTO contenerPlatillo(idProducto,idInsumo,porcion)
  VALUES (5,'CV8862953',31.58);
INSERT INTO contenerPlatillo(idProducto,idInsumo,porcion)
  VALUES (18,'EU4248852',15.43);
INSERT INTO contenerPlatillo(idProducto,idInsumo,porcion)
  VALUES (21,'WA0211167',30.97);
INSERT INTO contenerPlatillo(idProducto,idInsumo,porcion)
  VALUES (21,'UN8235772',8.57);
INSERT INTO contenerPlatillo(idProducto,idInsumo,porcion)
  VALUES (29,'UT7912791',16.09);
INSERT INTO contenerPlatillo(idProducto,idInsumo,porcion)
  VALUES (26,'QU2636475',28.21);
INSERT INTO contenerPlatillo(idProducto,idInsumo,porcion)
  VALUES (15,'UH7479989',34.83);
INSERT INTO contenerPlatillo(idProducto,idInsumo,porcion)
  VALUES (23,'AD7005279',27.83);
INSERT INTO contenerPlatillo(idProducto,idInsumo,porcion)
  VALUES (26,'FB7635996',22.41);
INSERT INTO contenerPlatillo(idProducto,idInsumo,porcion)
  VALUES (11,'XE9583277',45.96);
INSERT INTO contenerPlatillo(idProducto,idInsumo,porcion)
  VALUES (13,'NM5523870',5.47);
INSERT INTO contenerPlatillo(idProducto,idInsumo,porcion)
  VALUES (8,'OY6812395',14.77);
INSERT INTO contenerPlatillo(idProducto,idInsumo,porcion)
  VALUES (1,'SR1939840',18.85);
INSERT INTO contenerPlatillo(idProducto,idInsumo,porcion)
  VALUES (2,'UJ7429507',10.31);
INSERT INTO contenerPlatillo(idProducto,idInsumo,porcion)
  VALUES (21,'UO3240581',24.7);
INSERT INTO contenerPlatillo(idProducto,idInsumo,porcion)
  VALUES (22,'OC7846393',45.98);
INSERT INTO contenerPlatillo(idProducto,idInsumo,porcion)
  VALUES (22,'VQ5078818',19.3);
INSERT INTO contenerPlatillo(idProducto,idInsumo,porcion)
  VALUES (6,'RF4063356',27.59);
INSERT INTO contenerPlatillo(idProducto,idInsumo,porcion)
  VALUES (30,'UC8391387',43.27);
INSERT INTO contenerPlatillo(idProducto,idInsumo,porcion)
  VALUES (31,'HV8763154',18.3);
INSERT INTO contenerPlatillo(idProducto,idInsumo,porcion)
  VALUES (19,'BK9026437',6.99);
INSERT INTO contenerPlatillo(idProducto,idInsumo,porcion)
  VALUES (3,'RY7684040',18.24);
INSERT INTO contenerPlatillo(idProducto,idInsumo,porcion)
  VALUES (2,'YZ1781077',42.64);
INSERT INTO contenerPlatillo(idProducto,idInsumo,porcion)
  VALUES (2,'WE4053701',26.53);
INSERT INTO contenerPlatillo(idProducto,idInsumo,porcion)
  VALUES (11,'SF1706108',39.91);
INSERT INTO contenerPlatillo(idProducto,idInsumo,porcion)
  VALUES (18,'DX0364409',6.47);
INSERT INTO contenerPlatillo(idProducto,idInsumo,porcion)
  VALUES (9,'AD7005279',41.45);
INSERT INTO contenerPlatillo(idProducto,idInsumo,porcion)
  VALUES (19,'VW8804319',20.77);
INSERT INTO contenerPlatillo(idProducto,idInsumo,porcion)
  VALUES (24,'DF1682593',49.05);
INSERT INTO contenerPlatillo(idProducto,idInsumo,porcion)
  VALUES (9,'NQ0631928',34.42);
INSERT INTO contenerPlatillo(idProducto,idInsumo,porcion)
  VALUES (14,'SS1472051',14.2);
INSERT INTO contenerPlatillo(idProducto,idInsumo,porcion)
  VALUES (13,'DO1629842',44.11);
INSERT INTO contenerPlatillo(idProducto,idInsumo,porcion)
  VALUES (8,'MW0385053',37.69);
INSERT INTO contenerPlatillo(idProducto,idInsumo,porcion)
  VALUES (22,'QI3971946',43.75);
INSERT INTO contenerPlatillo(idProducto,idInsumo,porcion)
  VALUES (28,'MP9575353',36.81);
INSERT INTO contenerPlatillo(idProducto,idInsumo,porcion)
  VALUES (17,'UM8948292',4.95);
INSERT INTO contenerPlatillo(idProducto,idInsumo,porcion)
  VALUES (18,'KB6467374',32.99);
INSERT INTO contenerPlatillo(idProducto,idInsumo,porcion)
  VALUES (16,'UE1760757',8.3);
INSERT INTO contenerPlatillo(idProducto,idInsumo,porcion)
  VALUES (26,'GL8567045',32.28);
INSERT INTO contenerPlatillo(idProducto,idInsumo,porcion)
  VALUES (20,'OT8969976',45.5);
INSERT INTO contenerPlatillo(idProducto,idInsumo,porcion)
  VALUES (31,'MZ0992512',29.25);
INSERT INTO contenerPlatillo(idProducto,idInsumo,porcion)
  VALUES (25,'FP2056199',12.39);
INSERT INTO contenerPlatillo(idProducto,idInsumo,porcion)
  VALUES (2,'RZ3269042',28.61);
INSERT INTO contenerPlatillo(idProducto,idInsumo,porcion)
  VALUES (19,'XI6149956',16.62);
INSERT INTO contenerPlatillo(idProducto,idInsumo,porcion)
  VALUES (26,'TJ5528620',48.25);
INSERT INTO contenerPlatillo(idProducto,idInsumo,porcion)
  VALUES (6,'PV5839302',27.02);
INSERT INTO contenerPlatillo(idProducto,idInsumo,porcion)
  VALUES (14,'BW9005329',11.71);
INSERT INTO contenerPlatillo(idProducto,idInsumo,porcion)
  VALUES (21,'XU7985163',48.17);
INSERT INTO contenerPlatillo(idProducto,idInsumo,porcion)
  VALUES (30,'RN6978323',29.67);
INSERT INTO contenerPlatillo(idProducto,idInsumo,porcion)
  VALUES (24,'ME6923618',37.38);
INSERT INTO contenerPlatillo(idProducto,idInsumo,porcion)
  VALUES (2,'BN4529997',14.11);
INSERT INTO contenerPlatillo(idProducto,idInsumo,porcion)
  VALUES (19,'YF3013349',40.84);
INSERT INTO contenerPlatillo(idProducto,idInsumo,porcion)
  VALUES (8,'WS3721261',11.57);
INSERT INTO contenerPlatillo(idProducto,idInsumo,porcion)
  VALUES (17,'HY6005726',7.61);
INSERT INTO contenerPlatillo(idProducto,idInsumo,porcion)
  VALUES (28,'UW8402482',35.79);
INSERT INTO contenerPlatillo(idProducto,idInsumo,porcion)
  VALUES (14,'HY7286024',49.25);
INSERT INTO contenerPlatillo(idProducto,idInsumo,porcion)
  VALUES (12,'SC3071262',10.93);
INSERT INTO contenerPlatillo(idProducto,idInsumo,porcion)
  VALUES (10,'BV8135612',15.18);
INSERT INTO contenerPlatillo(idProducto,idInsumo,porcion)
  VALUES (30,'WE4053701',43.51);
INSERT INTO contenerPlatillo(idProducto,idInsumo,porcion)
  VALUES (14,'RM0422650',14.58);
INSERT INTO contenerPlatillo(idProducto,idInsumo,porcion)
  VALUES (14,'KJ0734315',42.07);
INSERT INTO contenerPlatillo(idProducto,idInsumo,porcion)
  VALUES (12,'CS9348067',37.0);
INSERT INTO contenerPlatillo(idProducto,idInsumo,porcion)
  VALUES (2,'YB8261003',43.88);
INSERT INTO contenerPlatillo(idProducto,idInsumo,porcion)
  VALUES (1,'HZ9292000',34.03);
INSERT INTO contenerPlatillo(idProducto,idInsumo,porcion)
  VALUES (16,'XU2564622',23.12);
INSERT INTO contenerPlatillo(idProducto,idInsumo,porcion)
  VALUES (17,'OI1957263',25.53);
INSERT INTO contenerPlatillo(idProducto,idInsumo,porcion)
  VALUES (3,'SF6111296',28.85);
INSERT INTO contenerPlatillo(idProducto,idInsumo,porcion)
  VALUES (16,'ZH1356292',22.46);
INSERT INTO contenerPlatillo(idProducto,idInsumo,porcion)
  VALUES (24,'OS5298546',47.57);
INSERT INTO contenerPlatillo(idProducto,idInsumo,porcion)
  VALUES (30,'VX9261158',26.44);
INSERT INTO contenerPlatillo(idProducto,idInsumo,porcion)
  VALUES (13,'JQ5103170',47.54);
INSERT INTO contenerPlatillo(idProducto,idInsumo,porcion)
  VALUES (5,'YV9388620',16.58);
INSERT INTO contenerPlatillo(idProducto,idInsumo,porcion)
  VALUES (1,'UG4675407',45.53);
INSERT INTO contenerPlatillo(idProducto,idInsumo,porcion)
  VALUES (2,'LG3185677',30.4);
INSERT INTO contenerPlatillo(idProducto,idInsumo,porcion)
  VALUES (13,'ZE5877418',33.12);
INSERT INTO contenerPlatillo(idProducto,idInsumo,porcion)
  VALUES (20,'TT7608971',8.59);
INSERT INTO contenerPlatillo(idProducto,idInsumo,porcion)
  VALUES (12,'LO9817596',38.07);
INSERT INTO contenerPlatillo(idProducto,idInsumo,porcion)
  VALUES (28,'AD7005279',26.01);
INSERT INTO contenerPlatillo(idProducto,idInsumo,porcion)
  VALUES (3,'MR0113813',27.76);
INSERT INTO contenerPlatillo(idProducto,idInsumo,porcion)
  VALUES (1,'VQ5078818',10.97);
INSERT INTO contenerPlatillo(idProducto,idInsumo,porcion)
  VALUES (28,'YT5936527',28.19);
INSERT INTO contenerPlatillo(idProducto,idInsumo,porcion)
  VALUES (17,'BR2524461',24.82);
INSERT INTO contenerPlatillo(idProducto,idInsumo,porcion)
  VALUES (5,'SU3836448',8.93);
INSERT INTO contenerPlatillo(idProducto,idInsumo,porcion)
  VALUES (21,'PK8204585',15.33);
INSERT INTO contenerPlatillo(idProducto,idInsumo,porcion)
  VALUES (19,'QO3506149',38.87);
INSERT INTO contenerPlatillo(idProducto,idInsumo,porcion)
  VALUES (25,'MC0445937',11.79);
INSERT INTO contenerPlatillo(idProducto,idInsumo,porcion)
  VALUES (26,'OM2778626',48.87);
INSERT INTO contenerPlatillo(idProducto,idInsumo,porcion)
  VALUES (29,'DL1374127',29.32);
INSERT INTO contenerPlatillo(idProducto,idInsumo,porcion)
  VALUES (6,'LO9817596',34.58);
INSERT INTO contenerPlatillo(idProducto,idInsumo,porcion)
  VALUES (10,'MH8317584',7.54);
INSERT INTO contenerPlatillo(idProducto,idInsumo,porcion)
  VALUES (29,'FE4782228',34.0);
INSERT INTO contenerPlatillo(idProducto,idInsumo,porcion)
  VALUES (25,'LO8256111',3.77);
INSERT INTO contenerPlatillo(idProducto,idInsumo,porcion)
  VALUES (30,'UY5010826',44.26);
INSERT INTO contenerPlatillo(idProducto,idInsumo,porcion)
  VALUES (12,'IS0849352',42.0);
INSERT INTO contenerPlatillo(idProducto,idInsumo,porcion)
  VALUES (29,'AH8980015',2.96);
INSERT INTO contenerPlatillo(idProducto,idInsumo,porcion)
  VALUES (14,'OZ2583172',10.03);
INSERT INTO contenerPlatillo(idProducto,idInsumo,porcion)
  VALUES (1,'GS6681536',25.75);
INSERT INTO contenerPlatillo(idProducto,idInsumo,porcion)
  VALUES (11,'MN8930065',6.87);
INSERT INTO contenerPlatillo(idProducto,idInsumo,porcion)
  VALUES (9,'SJ1574065',3.66);
INSERT INTO contenerPlatillo(idProducto,idInsumo,porcion)
  VALUES (3,'HM4589163',11.92);
INSERT INTO contenerPlatillo(idProducto,idInsumo,porcion)
  VALUES (9,'LH4944177',45.9);
INSERT INTO contenerPlatillo(idProducto,idInsumo,porcion)
  VALUES (20,'RY8015023',6.84);
INSERT INTO contenerPlatillo(idProducto,idInsumo,porcion)
  VALUES (11,'LC7856802',19.57);
INSERT INTO contenerPlatillo(idProducto,idInsumo,porcion)
  VALUES (5,'LO8256111',14.81);
INSERT INTO contenerPlatillo(idProducto,idInsumo,porcion)
  VALUES (20,'XN4470288',41.9);
INSERT INTO contenerPlatillo(idProducto,idInsumo,porcion)
  VALUES (31,'PV5839302',25.18);
INSERT INTO contenerPlatillo(idProducto,idInsumo,porcion)
  VALUES (10,'VG1913021',24.43);
INSERT INTO contenerPlatillo(idProducto,idInsumo,porcion)
  VALUES (9,'SL8481380',49.3);
INSERT INTO contenerPlatillo(idProducto,idInsumo,porcion)
  VALUES (9,'DF1682593',49.03);
INSERT INTO contenerPlatillo(idProducto,idInsumo,porcion)
  VALUES (14,'MP0387613',31.37);
INSERT INTO contenerPlatillo(idProducto,idInsumo,porcion)
  VALUES (14,'KF6126889',41.78);
INSERT INTO contenerPlatillo(idProducto,idInsumo,porcion)
  VALUES (22,'AZ9272871',47.87);
INSERT INTO contenerPlatillo(idProducto,idInsumo,porcion)
  VALUES (4,'HK5139500',12.8);
INSERT INTO contenerPlatillo(idProducto,idInsumo,porcion)
  VALUES (22,'ER2874518',19.01);
INSERT INTO contenerPlatillo(idProducto,idInsumo,porcion)
  VALUES (11,'UW8402482',24.95);
INSERT INTO contenerPlatillo(idProducto,idInsumo,porcion)
  VALUES (28,'IS2786947',41.96);
INSERT INTO contenerPlatillo(idProducto,idInsumo,porcion)
  VALUES (25,'ZL4691696',18.25);
INSERT INTO contenerPlatillo(idProducto,idInsumo,porcion)
  VALUES (18,'ER6546305',33.42);
INSERT INTO contenerPlatillo(idProducto,idInsumo,porcion)
  VALUES (26,'OM2483238',1.19);
INSERT INTO contenerPlatillo(idProducto,idInsumo,porcion)
  VALUES (19,'XI2563654',22.77);
INSERT INTO contenerPlatillo(idProducto,idInsumo,porcion)
  VALUES (29,'TD2186528',13.3);
INSERT INTO contenerPlatillo(idProducto,idInsumo,porcion)
  VALUES (8,'XC3971061',35.06);
INSERT INTO contenerPlatillo(idProducto,idInsumo,porcion)
  VALUES (19,'NU4088385',21.95);
INSERT INTO contenerPlatillo(idProducto,idInsumo,porcion)
  VALUES (30,'RI5790263',34.82);
INSERT INTO contenerPlatillo(idProducto,idInsumo,porcion)
  VALUES (7,'FA9240203',49.69);
INSERT INTO contenerPlatillo(idProducto,idInsumo,porcion)
  VALUES (17,'IR8845922',34.69);
INSERT INTO contenerPlatillo(idProducto,idInsumo,porcion)
  VALUES (22,'TJ5528620',18.93);
INSERT INTO contenerPlatillo(idProducto,idInsumo,porcion)
  VALUES (14,'PR7734190',2.53);
INSERT INTO contenerPlatillo(idProducto,idInsumo,porcion)
  VALUES (27,'NW4314470',31.4);
INSERT INTO contenerPlatillo(idProducto,idInsumo,porcion)
  VALUES (21,'HJ0825666',22.32);
INSERT INTO contenerPlatillo(idProducto,idInsumo,porcion)
  VALUES (3,'OZ4655622',11.07);
INSERT INTO contenerPlatillo(idProducto,idInsumo,porcion)
  VALUES (27,'OR6463986',8.92);
INSERT INTO contenerPlatillo(idProducto,idInsumo,porcion)
  VALUES (17,'MN8930065',38.24);
INSERT INTO contenerPlatillo(idProducto,idInsumo,porcion)
  VALUES (4,'CN1488562',42.28);
INSERT INTO contenerPlatillo(idProducto,idInsumo,porcion)
  VALUES (12,'RY7684040',34.13);
INSERT INTO contenerPlatillo(idProducto,idInsumo,porcion)
  VALUES (2,'WU0782000',24.58);
INSERT INTO contenerPlatillo(idProducto,idInsumo,porcion)
  VALUES (4,'MC0445937',27.02);
INSERT INTO contenerPlatillo(idProducto,idInsumo,porcion)
  VALUES (14,'DJ7702487',46.42);
INSERT INTO contenerPlatillo(idProducto,idInsumo,porcion)
  VALUES (22,'YC3729846',12.77);
INSERT INTO contenerPlatillo(idProducto,idInsumo,porcion)
  VALUES (26,'WU7069326',23.71);
INSERT INTO contenerPlatillo(idProducto,idInsumo,porcion)
  VALUES (28,'JO3487293',43.24);
INSERT INTO contenerPlatillo(idProducto,idInsumo,porcion)
  VALUES (23,'OM2483238',29.5);
INSERT INTO contenerPlatillo(idProducto,idInsumo,porcion)
  VALUES (2,'CH2324061',1.53);
INSERT INTO contenerPlatillo(idProducto,idInsumo,porcion)
  VALUES (20,'CW4407262',9.04);
INSERT INTO contenerPlatillo(idProducto,idInsumo,porcion)
  VALUES (24,'XK2234752',34.47);
INSERT INTO contenerPlatillo(idProducto,idInsumo,porcion)
  VALUES (24,'SF8337084',48.69);
INSERT INTO contenerPlatillo(idProducto,idInsumo,porcion)
  VALUES (9,'TY1610388',16.96);
INSERT INTO contenerPlatillo(idProducto,idInsumo,porcion)
  VALUES (30,'UM6862541',32.93);
INSERT INTO contenerPlatillo(idProducto,idInsumo,porcion)
  VALUES (10,'YG7401081',3.76);
INSERT INTO contenerPlatillo(idProducto,idInsumo,porcion)
  VALUES (20,'PT0674460',34.32);
INSERT INTO contenerPlatillo(idProducto,idInsumo,porcion)
  VALUES (13,'BE5857841',2.76);
INSERT INTO contenerPlatillo(idProducto,idInsumo,porcion)
  VALUES (31,'GK4090351',22.4);
INSERT INTO contenerPlatillo(idProducto,idInsumo,porcion)
  VALUES (13,'VM3207027',47.69);
INSERT INTO contenerPlatillo(idProducto,idInsumo,porcion)
  VALUES (7,'RM0422650',33.64);
INSERT INTO contenerPlatillo(idProducto,idInsumo,porcion)
  VALUES (3,'BW9005329',16.33);
INSERT INTO contenerPlatillo(idProducto,idInsumo,porcion)
  VALUES (25,'JY4949482',5.53);
INSERT INTO contenerPlatillo(idProducto,idInsumo,porcion)
  VALUES (26,'QI3971946',5.43);
INSERT INTO contenerPlatillo(idProducto,idInsumo,porcion)
  VALUES (28,'OR6463986',13.48);
INSERT INTO contenerPlatillo(idProducto,idInsumo,porcion)
  VALUES (13,'KN4697146',6.96);
INSERT INTO contenerPlatillo(idProducto,idInsumo,porcion)
  VALUES (1,'IK9394551',20.29);
INSERT INTO contenerPlatillo(idProducto,idInsumo,porcion)
  VALUES (8,'HN1699702',31.89);
INSERT INTO contenerPlatillo(idProducto,idInsumo,porcion)
  VALUES (18,'YV3531657',20.08);
INSERT INTO contenerPlatillo(idProducto,idInsumo,porcion)
  VALUES (17,'DR2184321',39.25);
INSERT INTO contenerPlatillo(idProducto,idInsumo,porcion)
  VALUES (18,'ND3617363',47.24);
INSERT INTO contenerPlatillo(idProducto,idInsumo,porcion)
  VALUES (11,'LA2504060',29.63);
INSERT INTO contenerPlatillo(idProducto,idInsumo,porcion)
  VALUES (4,'AG7206958',14.47);
INSERT INTO contenerPlatillo(idProducto,idInsumo,porcion)
  VALUES (26,'OC9481118',16.43);
INSERT INTO contenerPlatillo(idProducto,idInsumo,porcion)
  VALUES (2,'TZ7870847',2.76);
INSERT INTO contenerPlatillo(idProducto,idInsumo,porcion)
  VALUES (3,'JP6652403',28.14);
INSERT INTO contenerPlatillo(idProducto,idInsumo,porcion)
  VALUES (16,'MR0113813',28.83);
INSERT INTO contenerPlatillo(idProducto,idInsumo,porcion)
  VALUES (22,'OK1160442',8.13);
INSERT INTO contenerPlatillo(idProducto,idInsumo,porcion)
  VALUES (17,'UG4675407',29.87);
INSERT INTO contenerPlatillo(idProducto,idInsumo,porcion)
  VALUES (7,'KS1796200',38.91);
INSERT INTO contenerPlatillo(idProducto,idInsumo,porcion)
  VALUES (23,'OZ4655622',38.61);
INSERT INTO contenerPlatillo(idProducto,idInsumo,porcion)
  VALUES (11,'VS7779220',36.04);
INSERT INTO contenerPlatillo(idProducto,idInsumo,porcion)
  VALUES (12,'MO4764216',46.78);
INSERT INTO contenerPlatillo(idProducto,idInsumo,porcion)
  VALUES (26,'JO3487293',6.34);
  /*-----------------------------------------------------------------------
 ---------------------[ Datos de Salsa]----------------------
 ----------------------------------------------------------------------*/
  INSERT INTO salsa(idProducto,idPlatillo,nivelPicor,presentacion) VALUES (1,4,'dulce',250);
INSERT INTO salsa(idProducto,idPlatillo,nivelPicor,presentacion) VALUES (2,15,'bajo',250);
INSERT INTO salsa(idProducto,idPlatillo,nivelPicor,presentacion) VALUES (3,29,'medio',250);
INSERT INTO salsa(idProducto,idPlatillo,nivelPicor,presentacion) VALUES (4,7,'alto',250);
INSERT INTO salsa(idProducto,idPlatillo,nivelPicor,presentacion) VALUES (5,15,'extremo',250);
INSERT INTO salsa(idProducto,idPlatillo,nivelPicor,presentacion) VALUES (6,1,'dulce',500);
INSERT INTO salsa(idProducto,idPlatillo,nivelPicor,presentacion) VALUES (7,10,'bajo',500);
INSERT INTO salsa(idProducto,idPlatillo,nivelPicor,presentacion) VALUES (8,25,'medio',500);
INSERT INTO salsa(idProducto,idPlatillo,nivelPicor,presentacion) VALUES (9,7,'alto',500);
INSERT INTO salsa(idProducto,idPlatillo,nivelPicor,presentacion) VALUES (10,23,'extremo',500);
INSERT INTO salsa(idProducto,idPlatillo,nivelPicor,presentacion) VALUES (11,14,'dulce',1000);
INSERT INTO salsa(idProducto,idPlatillo,nivelPicor,presentacion) VALUES (12,1,'bajo',1000);
INSERT INTO salsa(idProducto,idPlatillo,nivelPicor,presentacion) VALUES (13,13,'medio',1000);
INSERT INTO salsa(idProducto,idPlatillo,nivelPicor,presentacion) VALUES (14,1,'alto',1000);
INSERT INTO salsa(idProducto,idPlatillo,nivelPicor,presentacion) VALUES (15,22,'extremo',1000);
/*-----------------------------------------------------------------------
 ---------------------[ Datos de contenerSalsa]----------------------
 ----------------------------------------------------------------------*/
 INSERT INTO contenerSalsa(idProducto,idInsumo,porcion) VALUES (14,'UQ5750971',4.43);
INSERT INTO contenerSalsa(idProducto,idInsumo,porcion) VALUES (7,'XA7504526',3.56);
INSERT INTO contenerSalsa(idProducto,idInsumo,porcion) VALUES (6,'UC5856487',2.76);
INSERT INTO contenerSalsa(idProducto,idInsumo,porcion) VALUES (14,'LH4386647',5.46);
INSERT INTO contenerSalsa(idProducto,idInsumo,porcion) VALUES (15,'YQ9548737',1.82);
INSERT INTO contenerSalsa(idProducto,idInsumo,porcion) VALUES (8,'HD8348976',1.16);
INSERT INTO contenerSalsa(idProducto,idInsumo,porcion) VALUES (5,'WE8905238',8.13);
INSERT INTO contenerSalsa(idProducto,idInsumo,porcion) VALUES (3,'MY0400228',2.52);
INSERT INTO contenerSalsa(idProducto,idInsumo,porcion) VALUES (15,'GH9974100',5.15);
INSERT INTO contenerSalsa(idProducto,idInsumo,porcion) VALUES (3,'IK9394551',9.01);
INSERT INTO contenerSalsa(idProducto,idInsumo,porcion) VALUES (9,'CN1488562',4.13);
INSERT INTO contenerSalsa(idProducto,idInsumo,porcion) VALUES (6,'BB0803595',6.07);
INSERT INTO contenerSalsa(idProducto,idInsumo,porcion) VALUES (8,'FE4782228',8.79);
INSERT INTO contenerSalsa(idProducto,idInsumo,porcion) VALUES (14,'AK1741064',1.18);
INSERT INTO contenerSalsa(idProducto,idInsumo,porcion) VALUES (1,'GK4090351',6.86);
INSERT INTO contenerSalsa(idProducto,idInsumo,porcion) VALUES (9,'WJ5386441',8.37);
INSERT INTO contenerSalsa(idProducto,idInsumo,porcion) VALUES (2,'UG4675407',4.72);
INSERT INTO contenerSalsa(idProducto,idInsumo,porcion) VALUES (9,'RZ3269042',3.77);
INSERT INTO contenerSalsa(idProducto,idInsumo,porcion) VALUES (10,'KH3018894',5.53);
INSERT INTO contenerSalsa(idProducto,idInsumo,porcion) VALUES (3,'CN8936364',4.67);
INSERT INTO contenerSalsa(idProducto,idInsumo,porcion) VALUES (3,'YV1411390',5.88);
INSERT INTO contenerSalsa(idProducto,idInsumo,porcion) VALUES (14,'AH8980015',1.22);
INSERT INTO contenerSalsa(idProducto,idInsumo,porcion) VALUES (6,'SR1939840',6.16);
INSERT INTO contenerSalsa(idProducto,idInsumo,porcion) VALUES (12,'AH8980015',1.85);
INSERT INTO contenerSalsa(idProducto,idInsumo,porcion) VALUES (11,'QZ0868960',8.97);
INSERT INTO contenerSalsa(idProducto,idInsumo,porcion) VALUES (10,'HY6861435',4.42);
INSERT INTO contenerSalsa(idProducto,idInsumo,porcion) VALUES (3,'SF8005906',6.38);
INSERT INTO contenerSalsa(idProducto,idInsumo,porcion) VALUES (14,'SD9239851',9.17);
INSERT INTO contenerSalsa(idProducto,idInsumo,porcion) VALUES (3,'FM6584360',6.49);
INSERT INTO contenerSalsa(idProducto,idInsumo,porcion) VALUES (5,'GK7324148',3.55);
INSERT INTO contenerSalsa(idProducto,idInsumo,porcion) VALUES (10,'XE9583277',1.58);
INSERT INTO contenerSalsa(idProducto,idInsumo,porcion) VALUES (8,'XH3820263',7.94);
INSERT INTO contenerSalsa(idProducto,idInsumo,porcion) VALUES (8,'MC0445937',4.94);
INSERT INTO contenerSalsa(idProducto,idInsumo,porcion) VALUES (8,'YQ9548737',8.34);
INSERT INTO contenerSalsa(idProducto,idInsumo,porcion) VALUES (9,'MP0387613',8.79);
INSERT INTO contenerSalsa(idProducto,idInsumo,porcion) VALUES (13,'KF6126889',6.25);
INSERT INTO contenerSalsa(idProducto,idInsumo,porcion) VALUES (13,'HI4390466',4.68);
INSERT INTO contenerSalsa(idProducto,idInsumo,porcion) VALUES (5,'SJ1191664',6.48);
INSERT INTO contenerSalsa(idProducto,idInsumo,porcion) VALUES (7,'WE8905238',9.62);
INSERT INTO contenerSalsa(idProducto,idInsumo,porcion) VALUES (14,'OM0211069',7.03);
INSERT INTO contenerSalsa(idProducto,idInsumo,porcion) VALUES (5,'MH2626559',9.96);
INSERT INTO contenerSalsa(idProducto,idInsumo,porcion) VALUES (8,'UH7479989',4.26);
INSERT INTO contenerSalsa(idProducto,idInsumo,porcion) VALUES (15,'FM2284203',8.11);
INSERT INTO contenerSalsa(idProducto,idInsumo,porcion) VALUES (10,'FV3006917',8.91);
INSERT INTO contenerSalsa(idProducto,idInsumo,porcion) VALUES (8,'KJ6430631',4.71);
INSERT INTO contenerSalsa(idProducto,idInsumo,porcion) VALUES (14,'GS6681536',5.01);
INSERT INTO contenerSalsa(idProducto,idInsumo,porcion) VALUES (14,'GH9974100',9.18);
INSERT INTO contenerSalsa(idProducto,idInsumo,porcion) VALUES (13,'ZE5877418',9.4);
INSERT INTO contenerSalsa(idProducto,idInsumo,porcion) VALUES (13,'XI8262278',4.0);
INSERT INTO contenerSalsa(idProducto,idInsumo,porcion) VALUES (6,'SZ7223860',8.94);
INSERT INTO contenerSalsa(idProducto,idInsumo,porcion) VALUES (8,'ZI3331117',4.0);
INSERT INTO contenerSalsa(idProducto,idInsumo,porcion) VALUES (3,'HK5139500',5.89);
INSERT INTO contenerSalsa(idProducto,idInsumo,porcion) VALUES (7,'ZE5877418',2.79);
INSERT INTO contenerSalsa(idProducto,idInsumo,porcion) VALUES (8,'BV8135612',3.64);
INSERT INTO contenerSalsa(idProducto,idInsumo,porcion) VALUES (12,'GK7324148',4.1);
INSERT INTO contenerSalsa(idProducto,idInsumo,porcion) VALUES (2,'QW3050480',2.56);
INSERT INTO contenerSalsa(idProducto,idInsumo,porcion) VALUES (3,'GY3753140',1.49);
INSERT INTO contenerSalsa(idProducto,idInsumo,porcion) VALUES (15,'TD2186528',3.39);
INSERT INTO contenerSalsa(idProducto,idInsumo,porcion) VALUES (4,'YG7401081',9.81);
INSERT INTO contenerSalsa(idProducto,idInsumo,porcion) VALUES (4,'OC9481118',5.47);
INSERT INTO contenerSalsa(idProducto,idInsumo,porcion) VALUES (15,'BV8135612',5.3);
INSERT INTO contenerSalsa(idProducto,idInsumo,porcion) VALUES (13,'CN1488562',3.52);
INSERT INTO contenerSalsa(idProducto,idInsumo,porcion) VALUES (10,'DT0047588',5.22);
INSERT INTO contenerSalsa(idProducto,idInsumo,porcion) VALUES (13,'ZK1721777',1.6);
INSERT INTO contenerSalsa(idProducto,idInsumo,porcion) VALUES (10,'FP2056199',8.93);
INSERT INTO contenerSalsa(idProducto,idInsumo,porcion) VALUES (3,'OU2216816',8.38);
INSERT INTO contenerSalsa(idProducto,idInsumo,porcion) VALUES (10,'IK8537600',7.73);
INSERT INTO contenerSalsa(idProducto,idInsumo,porcion) VALUES (14,'WV3594519',3.23);
INSERT INTO contenerSalsa(idProducto,idInsumo,porcion) VALUES (8,'PL9304206',9.54);
INSERT INTO contenerSalsa(idProducto,idInsumo,porcion) VALUES (2,'DP3750283',2.19);
INSERT INTO contenerSalsa(idProducto,idInsumo,porcion) VALUES (9,'KB8245755',5.75);
INSERT INTO contenerSalsa(idProducto,idInsumo,porcion) VALUES (12,'PI9287211',7.28);
INSERT INTO contenerSalsa(idProducto,idInsumo,porcion) VALUES (4,'TJ5308513',6.94);
INSERT INTO contenerSalsa(idProducto,idInsumo,porcion) VALUES (15,'EX8122231',8.33);
INSERT INTO contenerSalsa(idProducto,idInsumo,porcion) VALUES (14,'FG5621570',9.71);
INSERT INTO contenerSalsa(idProducto,idInsumo,porcion) VALUES (10,'WY6627713',5.43);
INSERT INTO contenerSalsa(idProducto,idInsumo,porcion) VALUES (5,'ER6546305',1.77);
INSERT INTO contenerSalsa(idProducto,idInsumo,porcion) VALUES (15,'HU7995462',1.5);
INSERT INTO contenerSalsa(idProducto,idInsumo,porcion) VALUES (12,'FM6584360',8.49);
INSERT INTO contenerSalsa(idProducto,idInsumo,porcion) VALUES (7,'GL8567045',7.56);
INSERT INTO contenerSalsa(idProducto,idInsumo,porcion) VALUES (3,'XT9782493',1.79);
INSERT INTO contenerSalsa(idProducto,idInsumo,porcion) VALUES (11,'YX0193110',6.21);
INSERT INTO contenerSalsa(idProducto,idInsumo,porcion) VALUES (13,'XA2650786',9.45);
INSERT INTO contenerSalsa(idProducto,idInsumo,porcion) VALUES (3,'XI8262278',5.88);
INSERT INTO contenerSalsa(idProducto,idInsumo,porcion) VALUES (6,'ZL4691696',9.54);
INSERT INTO contenerSalsa(idProducto,idInsumo,porcion) VALUES (1,'SK3132411',2.29);
INSERT INTO contenerSalsa(idProducto,idInsumo,porcion) VALUES (11,'WA0211167',8.3);
INSERT INTO contenerSalsa(idProducto,idInsumo,porcion) VALUES (7,'KN5203550',9.11);
INSERT INTO contenerSalsa(idProducto,idInsumo,porcion) VALUES (1,'KH3018894',1.93);
INSERT INTO contenerSalsa(idProducto,idInsumo,porcion) VALUES (2,'BE5857841',5.31);
INSERT INTO contenerSalsa(idProducto,idInsumo,porcion) VALUES (12,'ID8619004',1.34);
INSERT INTO contenerSalsa(idProducto,idInsumo,porcion) VALUES (15,'BI4507928',9.17);
INSERT INTO contenerSalsa(idProducto,idInsumo,porcion) VALUES (6,'MP0387613',8.27);
INSERT INTO contenerSalsa(idProducto,idInsumo,porcion) VALUES (4,'TV2591615',7.74);
INSERT INTO contenerSalsa(idProducto,idInsumo,porcion) VALUES (13,'CN8936364',2.38);
INSERT INTO contenerSalsa(idProducto,idInsumo,porcion) VALUES (15,'TJ5528620',3.88);
INSERT INTO contenerSalsa(idProducto,idInsumo,porcion) VALUES (1,'KL9282691',2.49);
INSERT INTO contenerSalsa(idProducto,idInsumo,porcion) VALUES (11,'DY0465793',5.61);
INSERT INTO contenerSalsa(idProducto,idInsumo,porcion) VALUES (2,'VM3207027',3.27);
INSERT INTO contenerSalsa(idProducto,idInsumo,porcion) VALUES (1,'UM8948292',7.62);
INSERT INTO contenerSalsa(idProducto,idInsumo,porcion) VALUES (1,'LC7856802',1.16);
INSERT INTO contenerSalsa(idProducto,idInsumo,porcion) VALUES (15,'AX5689194',3.56);
INSERT INTO contenerSalsa(idProducto,idInsumo,porcion) VALUES (6,'JX3345008',8.45);
INSERT INTO contenerSalsa(idProducto,idInsumo,porcion) VALUES (8,'IE9471048',3.87);
INSERT INTO contenerSalsa(idProducto,idInsumo,porcion) VALUES (6,'CH2324061',2.79);
INSERT INTO contenerSalsa(idProducto,idInsumo,porcion) VALUES (10,'ME6923618',9.52);
INSERT INTO contenerSalsa(idProducto,idInsumo,porcion) VALUES (15,'QB4306698',9.57);
INSERT INTO contenerSalsa(idProducto,idInsumo,porcion) VALUES (3,'BU1145245',5.22);
INSERT INTO contenerSalsa(idProducto,idInsumo,porcion) VALUES (14,'GL8567045',4.01);
INSERT INTO contenerSalsa(idProducto,idInsumo,porcion) VALUES (15,'WU7069326',5.19);
INSERT INTO contenerSalsa(idProducto,idInsumo,porcion) VALUES (13,'TX6269275',4.32);
INSERT INTO contenerSalsa(idProducto,idInsumo,porcion) VALUES (1,'JE0768787',3.95);
INSERT INTO contenerSalsa(idProducto,idInsumo,porcion) VALUES (3,'OC7846393',2.98);
INSERT INTO contenerSalsa(idProducto,idInsumo,porcion) VALUES (5,'MP9575353',8.54);
INSERT INTO contenerSalsa(idProducto,idInsumo,porcion) VALUES (5,'YO6279822',3.61);
INSERT INTO contenerSalsa(idProducto,idInsumo,porcion) VALUES (8,'DE6795306',5.64);
INSERT INTO contenerSalsa(idProducto,idInsumo,porcion) VALUES (15,'SG7778461',6.55);
INSERT INTO contenerSalsa(idProducto,idInsumo,porcion) VALUES (1,'UN9062845',2.86);
INSERT INTO contenerSalsa(idProducto,idInsumo,porcion) VALUES (9,'KN4697146',6.28);
INSERT INTO contenerSalsa(idProducto,idInsumo,porcion) VALUES (2,'ZJ8070326',7.44);
INSERT INTO contenerSalsa(idProducto,idInsumo,porcion) VALUES (7,'WA0211167',7.97);
INSERT INTO contenerSalsa(idProducto,idInsumo,porcion) VALUES (13,'SF8337084',9.08);
INSERT INTO contenerSalsa(idProducto,idInsumo,porcion) VALUES (7,'TZ7870847',6.85);
INSERT INTO contenerSalsa(idProducto,idInsumo,porcion) VALUES (12,'WE4053701',6.57);
INSERT INTO contenerSalsa(idProducto,idInsumo,porcion) VALUES (6,'GL8567045',4.56);
INSERT INTO contenerSalsa(idProducto,idInsumo,porcion) VALUES (8,'AA4373144',7.57);
INSERT INTO contenerSalsa(idProducto,idInsumo,porcion) VALUES (13,'HV8763154',8.57);
INSERT INTO contenerSalsa(idProducto,idInsumo,porcion) VALUES (4,'GH9974100',3.37);
INSERT INTO contenerSalsa(idProducto,idInsumo,porcion) VALUES (9,'OH2929335',3.46);
INSERT INTO contenerSalsa(idProducto,idInsumo,porcion) VALUES (4,'GS6681536',4.42);
INSERT INTO contenerSalsa(idProducto,idInsumo,porcion) VALUES (4,'XN4470288',6.18);
INSERT INTO contenerSalsa(idProducto,idInsumo,porcion) VALUES (3,'TF3446919',5.33);
INSERT INTO contenerSalsa(idProducto,idInsumo,porcion) VALUES (4,'MR0113813',6.32);
INSERT INTO contenerSalsa(idProducto,idInsumo,porcion) VALUES (13,'YE2223215',2.71);
INSERT INTO contenerSalsa(idProducto,idInsumo,porcion) VALUES (7,'SU3836448',5.73);
INSERT INTO contenerSalsa(idProducto,idInsumo,porcion) VALUES (15,'MW0385053',8.89);
INSERT INTO contenerSalsa(idProducto,idInsumo,porcion) VALUES (2,'SF8337084',2.79);
INSERT INTO contenerSalsa(idProducto,idInsumo,porcion) VALUES (12,'RI5790263',3.84);
INSERT INTO contenerSalsa(idProducto,idInsumo,porcion) VALUES (9,'HC9172078',2.86);
INSERT INTO contenerSalsa(idProducto,idInsumo,porcion) VALUES (3,'BT2645275',6.34);
INSERT INTO contenerSalsa(idProducto,idInsumo,porcion) VALUES (13,'IO7037725',5.52);
INSERT INTO contenerSalsa(idProducto,idInsumo,porcion) VALUES (5,'VT7768110',10.0);
INSERT INTO contenerSalsa(idProducto,idInsumo,porcion) VALUES (14,'WG8028338',5.15);
INSERT INTO contenerSalsa(idProducto,idInsumo,porcion) VALUES (5,'WZ9662023',1.52);
INSERT INTO contenerSalsa(idProducto,idInsumo,porcion) VALUES (15,'JE0768787',4.14);
INSERT INTO contenerSalsa(idProducto,idInsumo,porcion) VALUES (3,'BG3678370',4.09);
INSERT INTO contenerSalsa(idProducto,idInsumo,porcion) VALUES (2,'DP3750283',6.43);
INSERT INTO contenerSalsa(idProducto,idInsumo,porcion) VALUES (11,'AH8980015',2.42);
INSERT INTO contenerSalsa(idProducto,idInsumo,porcion) VALUES (13,'FU1591704',6.28);
INSERT INTO contenerSalsa(idProducto,idInsumo,porcion) VALUES (8,'JW4265574',5.95);
INSERT INTO contenerSalsa(idProducto,idInsumo,porcion) VALUES (2,'TJ5308513',9.17);
INSERT INTO contenerSalsa(idProducto,idInsumo,porcion) VALUES (12,'LE1424557',3.79);
INSERT INTO contenerSalsa(idProducto,idInsumo,porcion) VALUES (9,'BV8135612',2.16);
INSERT INTO contenerSalsa(idProducto,idInsumo,porcion) VALUES (2,'UW5738806',6.76);
INSERT INTO contenerSalsa(idProducto,idInsumo,porcion) VALUES (7,'JE9137998',6.61);
INSERT INTO contenerSalsa(idProducto,idInsumo,porcion) VALUES (4,'KG0952239',4.28);
INSERT INTO contenerSalsa(idProducto,idInsumo,porcion) VALUES (11,'IP0368567',1.07);
INSERT INTO contenerSalsa(idProducto,idInsumo,porcion) VALUES (9,'FV3006917',7.3);
INSERT INTO contenerSalsa(idProducto,idInsumo,porcion) VALUES (2,'QB4306698',7.9);
INSERT INTO contenerSalsa(idProducto,idInsumo,porcion) VALUES (15,'ME6923618',9.36);
INSERT INTO contenerSalsa(idProducto,idInsumo,porcion) VALUES (15,'KD6425910',1.33);
INSERT INTO contenerSalsa(idProducto,idInsumo,porcion) VALUES (2,'MW0385053',9.52);
INSERT INTO contenerSalsa(idProducto,idInsumo,porcion) VALUES (8,'CN8936364',7.82);
INSERT INTO contenerSalsa(idProducto,idInsumo,porcion) VALUES (8,'LQ4605117',7.68);
INSERT INTO contenerSalsa(idProducto,idInsumo,porcion) VALUES (1,'XY2219788',3.5);
INSERT INTO contenerSalsa(idProducto,idInsumo,porcion) VALUES (9,'OM0211069',7.84);
INSERT INTO contenerSalsa(idProducto,idInsumo,porcion) VALUES (7,'KG0952239',6.01);
INSERT INTO contenerSalsa(idProducto,idInsumo,porcion) VALUES (8,'NM5523870',1.18);
INSERT INTO contenerSalsa(idProducto,idInsumo,porcion) VALUES (10,'GF1612694',1.59);
INSERT INTO contenerSalsa(idProducto,idInsumo,porcion) VALUES (14,'ZQ7578637',7.8);
INSERT INTO contenerSalsa(idProducto,idInsumo,porcion) VALUES (4,'PK8204585',4.11);
INSERT INTO contenerSalsa(idProducto,idInsumo,porcion) VALUES (15,'CN1488562',4.2);
INSERT INTO contenerSalsa(idProducto,idInsumo,porcion) VALUES (4,'FL3630064',4.69);
INSERT INTO contenerSalsa(idProducto,idInsumo,porcion) VALUES (12,'DX2992391',2.24);
INSERT INTO contenerSalsa(idProducto,idInsumo,porcion) VALUES (13,'MD1442297',7.78);
INSERT INTO contenerSalsa(idProducto,idInsumo,porcion) VALUES (8,'YC3729846',7.2);
INSERT INTO contenerSalsa(idProducto,idInsumo,porcion) VALUES (9,'JO8347297',2.05);
INSERT INTO contenerSalsa(idProducto,idInsumo,porcion) VALUES (3,'DO2046812',6.22);
INSERT INTO contenerSalsa(idProducto,idInsumo,porcion) VALUES (13,'GL1552048',1.34);
INSERT INTO contenerSalsa(idProducto,idInsumo,porcion) VALUES (14,'OB1873168',6.26);
INSERT INTO contenerSalsa(idProducto,idInsumo,porcion) VALUES (1,'LO8256111',6.57);
INSERT INTO contenerSalsa(idProducto,idInsumo,porcion) VALUES (11,'TG3697280',1.01);
INSERT INTO contenerSalsa(idProducto,idInsumo,porcion) VALUES (11,'KF6126889',1.89);
INSERT INTO contenerSalsa(idProducto,idInsumo,porcion) VALUES (10,'IR8845922',2.44);
INSERT INTO contenerSalsa(idProducto,idInsumo,porcion) VALUES (13,'YV1411390',1.29);
INSERT INTO contenerSalsa(idProducto,idInsumo,porcion) VALUES (8,'CC2107628',9.71);
INSERT INTO contenerSalsa(idProducto,idInsumo,porcion) VALUES (2,'TY1610388',3.89);
INSERT INTO contenerSalsa(idProducto,idInsumo,porcion) VALUES (9,'JY4949482',5.93);
INSERT INTO contenerSalsa(idProducto,idInsumo,porcion) VALUES (10,'BT0315530',5.16);
INSERT INTO contenerSalsa(idProducto,idInsumo,porcion) VALUES (3,'BB0803595',8.1);
INSERT INTO contenerSalsa(idProducto,idInsumo,porcion) VALUES (14,'LC7856802',1.41);
INSERT INTO contenerSalsa(idProducto,idInsumo,porcion) VALUES (9,'AG7206958',3.11);
INSERT INTO contenerSalsa(idProducto,idInsumo,porcion) VALUES (10,'UH7479989',1.25);
INSERT INTO contenerSalsa(idProducto,idInsumo,porcion) VALUES (6,'BB0803595',3.13);
INSERT INTO contenerSalsa(idProducto,idInsumo,porcion) VALUES (2,'HF7398012',5.06);
INSERT INTO contenerSalsa(idProducto,idInsumo,porcion) VALUES (11,'XA7504526',7.03);
INSERT INTO contenerSalsa(idProducto,idInsumo,porcion) VALUES (3,'BA4581940',5.58);
INSERT INTO contenerSalsa(idProducto,idInsumo,porcion) VALUES (4,'TN7436654',6.72);
INSERT INTO contenerSalsa(idProducto,idInsumo,porcion) VALUES (7,'ZQ4556594',4.33);
INSERT INTO contenerSalsa(idProducto,idInsumo,porcion) VALUES (2,'MC0445937',2.93);
INSERT INTO contenerSalsa(idProducto,idInsumo,porcion) VALUES (3,'KN5203550',3.62);
INSERT INTO contenerSalsa(idProducto,idInsumo,porcion) VALUES (9,'CN8185762',2.75);
INSERT INTO contenerSalsa(idProducto,idInsumo,porcion) VALUES (3,'WJ5386441',8.12);
INSERT INTO contenerSalsa(idProducto,idInsumo,porcion) VALUES (3,'EU4248852',5.86);
INSERT INTO contenerSalsa(idProducto,idInsumo,porcion) VALUES (6,'SR2409780',9.01);
INSERT INTO contenerSalsa(idProducto,idInsumo,porcion) VALUES (8,'SR1939840',5.12);
INSERT INTO contenerSalsa(idProducto,idInsumo,porcion) VALUES (2,'IS2786947',9.26);
INSERT INTO contenerSalsa(idProducto,idInsumo,porcion) VALUES (1,'YC3729846',2.4);
INSERT INTO contenerSalsa(idProducto,idInsumo,porcion) VALUES (12,'YV3531657',7.7);
INSERT INTO contenerSalsa(idProducto,idInsumo,porcion) VALUES (6,'GL1552048',4.6);
INSERT INTO contenerSalsa(idProducto,idInsumo,porcion) VALUES (9,'TB8211720',9.72);
INSERT INTO contenerSalsa(idProducto,idInsumo,porcion) VALUES (11,'OI4983093',5.28);
INSERT INTO contenerSalsa(idProducto,idInsumo,porcion) VALUES (5,'ST2212928',1.87);
INSERT INTO contenerSalsa(idProducto,idInsumo,porcion) VALUES (4,'KN4697146',5.07);
INSERT INTO contenerSalsa(idProducto,idInsumo,porcion) VALUES (1,'YQ6154485',3.83);
INSERT INTO contenerSalsa(idProducto,idInsumo,porcion) VALUES (14,'LO9817596',1.41);
INSERT INTO contenerSalsa(idProducto,idInsumo,porcion) VALUES (12,'LG8249952',3.93);
INSERT INTO contenerSalsa(idProducto,idInsumo,porcion) VALUES (4,'YQ6154485',6.61);
INSERT INTO contenerSalsa(idProducto,idInsumo,porcion) VALUES (12,'HD8348976',8.59);
INSERT INTO contenerSalsa(idProducto,idInsumo,porcion) VALUES (6,'BA4581940',1.03);
INSERT INTO contenerSalsa(idProducto,idInsumo,porcion) VALUES (15,'SF1706108',8.23);
INSERT INTO contenerSalsa(idProducto,idInsumo,porcion) VALUES (6,'OQ1137782',8.93);
INSERT INTO contenerSalsa(idProducto,idInsumo,porcion) VALUES (5,'LE1424557',1.96);
INSERT INTO contenerSalsa(idProducto,idInsumo,porcion) VALUES (10,'FP2056199',3.99);
INSERT INTO contenerSalsa(idProducto,idInsumo,porcion) VALUES (12,'OZ7554064',4.21);
INSERT INTO contenerSalsa(idProducto,idInsumo,porcion) VALUES (4,'FE8669263',5.02);
INSERT INTO contenerSalsa(idProducto,idInsumo,porcion) VALUES (10,'CS9348067',2.26);
INSERT INTO contenerSalsa(idProducto,idInsumo,porcion) VALUES (15,'TJ5308513',6.64);
INSERT INTO contenerSalsa(idProducto,idInsumo,porcion) VALUES (9,'PM0078937',8.93);
INSERT INTO contenerSalsa(idProducto,idInsumo,porcion) VALUES (3,'YE2223215',8.58);
INSERT INTO contenerSalsa(idProducto,idInsumo,porcion) VALUES (5,'LV8403554',1.59);
INSERT INTO contenerSalsa(idProducto,idInsumo,porcion) VALUES (8,'TQ1372792',9.68);
INSERT INTO contenerSalsa(idProducto,idInsumo,porcion) VALUES (9,'LK2753221',4.7);
INSERT INTO contenerSalsa(idProducto,idInsumo,porcion) VALUES (8,'GK7324148',5.0);
INSERT INTO contenerSalsa(idProducto,idInsumo,porcion) VALUES (1,'TK4469475',4.89);
INSERT INTO contenerSalsa(idProducto,idInsumo,porcion) VALUES (10,'GL1552048',6.38);
INSERT INTO contenerSalsa(idProducto,idInsumo,porcion) VALUES (10,'YB5884146',9.71);
INSERT INTO contenerSalsa(idProducto,idInsumo,porcion) VALUES (13,'WE8905238',1.97);
INSERT INTO contenerSalsa(idProducto,idInsumo,porcion) VALUES (14,'GK4090351',6.25);
INSERT INTO contenerSalsa(idProducto,idInsumo,porcion) VALUES (12,'RU8436758',2.02);
INSERT INTO contenerSalsa(idProducto,idInsumo,porcion) VALUES (9,'DC9335866',8.91);
INSERT INTO contenerSalsa(idProducto,idInsumo,porcion) VALUES (7,'KL9282691',4.65);
INSERT INTO contenerSalsa(idProducto,idInsumo,porcion) VALUES (9,'MP0387613',2.24);
INSERT INTO contenerSalsa(idProducto,idInsumo,porcion) VALUES (3,'CT0355599',6.71);
INSERT INTO contenerSalsa(idProducto,idInsumo,porcion) VALUES (2,'NU4088385',6.43);
INSERT INTO contenerSalsa(idProducto,idInsumo,porcion) VALUES (7,'EX8122231',4.59);
INSERT INTO contenerSalsa(idProducto,idInsumo,porcion) VALUES (5,'QK0574584',5.92);
INSERT INTO contenerSalsa(idProducto,idInsumo,porcion) VALUES (5,'PO5416313',3.95);
INSERT INTO contenerSalsa(idProducto,idInsumo,porcion) VALUES (2,'AY6564862',3.62);
INSERT INTO contenerSalsa(idProducto,idInsumo,porcion) VALUES (15,'TX8214916',1.33);
INSERT INTO contenerSalsa(idProducto,idInsumo,porcion) VALUES (2,'NX0113968',2.13);
INSERT INTO contenerSalsa(idProducto,idInsumo,porcion) VALUES (1,'QG8913706',1.34);
INSERT INTO contenerSalsa(idProducto,idInsumo,porcion) VALUES (15,'DR1280415',5.11);
INSERT INTO contenerSalsa(idProducto,idInsumo,porcion) VALUES (1,'MN8930065',7.03);
INSERT INTO contenerSalsa(idProducto,idInsumo,porcion) VALUES (10,'XY2219788',3.69);
INSERT INTO contenerSalsa(idProducto,idInsumo,porcion) VALUES (15,'GF1612694',8.54);
INSERT INTO contenerSalsa(idProducto,idInsumo,porcion) VALUES (5,'YZ1781077',3.72);
INSERT INTO contenerSalsa(idProducto,idInsumo,porcion) VALUES (6,'YV3531657',6.14);
INSERT INTO contenerSalsa(idProducto,idInsumo,porcion) VALUES (6,'SH5761510',5.48);
INSERT INTO contenerSalsa(idProducto,idInsumo,porcion) VALUES (12,'VM3207027',9.97);
INSERT INTO contenerSalsa(idProducto,idInsumo,porcion) VALUES (7,'TN7436654',2.34);
INSERT INTO contenerSalsa(idProducto,idInsumo,porcion) VALUES (5,'GL1552048',6.59);
INSERT INTO contenerSalsa(idProducto,idInsumo,porcion) VALUES (4,'HJ3077479',1.14);
INSERT INTO contenerSalsa(idProducto,idInsumo,porcion) VALUES (14,'RW8152875',9.57);
INSERT INTO contenerSalsa(idProducto,idInsumo,porcion) VALUES (4,'BR8446291',5.66);
INSERT INTO contenerSalsa(idProducto,idInsumo,porcion) VALUES (5,'LP7275436',3.2);
INSERT INTO contenerSalsa(idProducto,idInsumo,porcion) VALUES (15,'MN8930065',9.6);
INSERT INTO contenerSalsa(idProducto,idInsumo,porcion) VALUES (6,'SF8337084',7.33);
INSERT INTO contenerSalsa(idProducto,idInsumo,porcion) VALUES (3,'CN1488562',2.41);
INSERT INTO contenerSalsa(idProducto,idInsumo,porcion) VALUES (2,'BR8446291',2.86);
INSERT INTO contenerSalsa(idProducto,idInsumo,porcion) VALUES (10,'HV1616858',4.42);
INSERT INTO contenerSalsa(idProducto,idInsumo,porcion) VALUES (10,'OZ7554064',5.08);
INSERT INTO contenerSalsa(idProducto,idInsumo,porcion) VALUES (1,'EU4248852',6.94);
INSERT INTO contenerSalsa(idProducto,idInsumo,porcion) VALUES (5,'NN7855470',5.41);
INSERT INTO contenerSalsa(idProducto,idInsumo,porcion) VALUES (6,'PM0078937',6.34);
INSERT INTO contenerSalsa(idProducto,idInsumo,porcion) VALUES (13,'XK2234752',2.15);
INSERT INTO contenerSalsa(idProducto,idInsumo,porcion) VALUES (5,'SR4021986',6.98);
INSERT INTO contenerSalsa(idProducto,idInsumo,porcion) VALUES (2,'TY1610388',2.73);
INSERT INTO contenerSalsa(idProducto,idInsumo,porcion) VALUES (1,'FU0337125',7.21);
INSERT INTO contenerSalsa(idProducto,idInsumo,porcion) VALUES (1,'OY6812395',4.13);
INSERT INTO contenerSalsa(idProducto,idInsumo,porcion) VALUES (13,'VS3557515',4.92);
INSERT INTO contenerSalsa(idProducto,idInsumo,porcion) VALUES (13,'SG7778461',8.08);
INSERT INTO contenerSalsa(idProducto,idInsumo,porcion) VALUES (15,'GH9974100',7.09);
INSERT INTO contenerSalsa(idProducto,idInsumo,porcion) VALUES (15,'FK4819412',2.08);
INSERT INTO contenerSalsa(idProducto,idInsumo,porcion) VALUES (14,'DT0047588',3.21);
INSERT INTO contenerSalsa(idProducto,idInsumo,porcion) VALUES (3,'YX0193110',6.06);
INSERT INTO contenerSalsa(idProducto,idInsumo,porcion) VALUES (13,'XE5538763',8.94);
INSERT INTO contenerSalsa(idProducto,idInsumo,porcion) VALUES (9,'JQ5103170',8.12);
INSERT INTO contenerSalsa(idProducto,idInsumo,porcion) VALUES (3,'RD2705147',3.68);
INSERT INTO contenerSalsa(idProducto,idInsumo,porcion) VALUES (2,'OC7846393',8.14);
INSERT INTO contenerSalsa(idProducto,idInsumo,porcion) VALUES (11,'WE4194246',4.36);
INSERT INTO contenerSalsa(idProducto,idInsumo,porcion) VALUES (13,'UY5010826',3.5);
INSERT INTO contenerSalsa(idProducto,idInsumo,porcion) VALUES (3,'NX0113968',1.99);
INSERT INTO contenerSalsa(idProducto,idInsumo,porcion) VALUES (7,'CH2324061',2.32);
INSERT INTO contenerSalsa(idProducto,idInsumo,porcion) VALUES (13,'KL9282691',3.75);
INSERT INTO contenerSalsa(idProducto,idInsumo,porcion) VALUES (11,'CZ4393691',8.48);
INSERT INTO contenerSalsa(idProducto,idInsumo,porcion) VALUES (12,'HV8763154',7.96);
INSERT INTO contenerSalsa(idProducto,idInsumo,porcion) VALUES (8,'DX0364409',6.33);
INSERT INTO contenerSalsa(idProducto,idInsumo,porcion) VALUES (10,'VT7768110',1.1);
INSERT INTO contenerSalsa(idProducto,idInsumo,porcion) VALUES (10,'ME6923618',6.07);

/*-----------------------------------------------------------------------
 ---------------------[ Datos de PrecioSalsa]----------------------
 ----------------------------------------------------------------------*/
 INSERT INTO precioSalsa(idProducto,precio,fecha) VALUES (2,28.36,'2015/07/04');
INSERT INTO precioSalsa(idProducto,precio,fecha) VALUES (8,43.07,'2015/06/18');
INSERT INTO precioSalsa(idProducto,precio,fecha) VALUES (13,28.27,'2016/03/19');
INSERT INTO precioSalsa(idProducto,precio,fecha) VALUES (9,74.72,'2017/10/02');
INSERT INTO precioSalsa(idProducto,precio,fecha) VALUES (4,29.99,'2019/01/14');
INSERT INTO precioSalsa(idProducto,precio,fecha) VALUES (3,36.81,'2015/10/21');
INSERT INTO precioSalsa(idProducto,precio,fecha) VALUES (10,57.84,'2019/07/24');
INSERT INTO precioSalsa(idProducto,precio,fecha) VALUES (9,65.76,'2021/09/16');
INSERT INTO precioSalsa(idProducto,precio,fecha) VALUES (12,138.63,'2022/01/26');
INSERT INTO precioSalsa(idProducto,precio,fecha) VALUES (12,110.61,'2020/03/28');
INSERT INTO precioSalsa(idProducto,precio,fecha) VALUES (1,125.08,'2021/08/03');
INSERT INTO precioSalsa(idProducto,precio,fecha) VALUES (1,134.12,'2016/10/19');
INSERT INTO precioSalsa(idProducto,precio,fecha) VALUES (3,76.17,'2021/01/28');
INSERT INTO precioSalsa(idProducto,precio,fecha) VALUES (9,4.69,'2021/06/29');
INSERT INTO precioSalsa(idProducto,precio,fecha) VALUES (7,31.18,'2017/01/25');
INSERT INTO precioSalsa(idProducto,precio,fecha) VALUES (1,57.79,'2017/06/01');
INSERT INTO precioSalsa(idProducto,precio,fecha) VALUES (14,76.36,'2016/11/11');
INSERT INTO precioSalsa(idProducto,precio,fecha) VALUES (8,122.11,'2019/07/19');
INSERT INTO precioSalsa(idProducto,precio,fecha) VALUES (14,122.75,'2019/12/13');
INSERT INTO precioSalsa(idProducto,precio,fecha) VALUES (3,26.53,'2021/10/25');
INSERT INTO precioSalsa(idProducto,precio,fecha) VALUES (8,109.84,'2018/12/13');
INSERT INTO precioSalsa(idProducto,precio,fecha) VALUES (10,65.57,'2018/12/13');
INSERT INTO precioSalsa(idProducto,precio,fecha) VALUES (12,16.62,'2017/08/02');
INSERT INTO precioSalsa(idProducto,precio,fecha) VALUES (1,41.06,'2016/09/29');
INSERT INTO precioSalsa(idProducto,precio,fecha) VALUES (13,74.06,'2021/06/17');
INSERT INTO precioSalsa(idProducto,precio,fecha) VALUES (8,125.88,'2020/11/01');
INSERT INTO precioSalsa(idProducto,precio,fecha) VALUES (2,41.28,'2019/01/19');
INSERT INTO precioSalsa(idProducto,precio,fecha) VALUES (12,122.71,'2015/08/26');
INSERT INTO precioSalsa(idProducto,precio,fecha) VALUES (2,132.15,'2016/12/29');
INSERT INTO precioSalsa(idProducto,precio,fecha) VALUES (3,28.79,'2015/11/05');
INSERT INTO precioSalsa(idProducto,precio,fecha) VALUES (8,143.02,'2016/04/23');
INSERT INTO precioSalsa(idProducto,precio,fecha) VALUES (4,140.91,'2019/01/30');
INSERT INTO precioSalsa(idProducto,precio,fecha) VALUES (14,114.07,'2021/01/22');
INSERT INTO precioSalsa(idProducto,precio,fecha) VALUES (2,102.87,'2018/08/06');
INSERT INTO precioSalsa(idProducto,precio,fecha) VALUES (15,86.4,'2019/01/19');
INSERT INTO precioSalsa(idProducto,precio,fecha) VALUES (1,80.01,'2021/01/02');
INSERT INTO precioSalsa(idProducto,precio,fecha) VALUES (4,51.55,'2020/05/23');
INSERT INTO precioSalsa(idProducto,precio,fecha) VALUES (15,110.94,'2019/03/02');
INSERT INTO precioSalsa(idProducto,precio,fecha) VALUES (4,9.47,'2016/04/19');
INSERT INTO precioSalsa(idProducto,precio,fecha) VALUES (7,44.94,'2018/08/30');
INSERT INTO precioSalsa(idProducto,precio,fecha) VALUES (5,96.52,'2020/07/08');
INSERT INTO precioSalsa(idProducto,precio,fecha) VALUES (13,38.33,'2022/01/06');
INSERT INTO precioSalsa(idProducto,precio,fecha) VALUES (15,45.59,'2015/11/02');
INSERT INTO precioSalsa(idProducto,precio,fecha) VALUES (7,68.61,'2020/07/28');
INSERT INTO precioSalsa(idProducto,precio,fecha) VALUES (3,23.36,'2020/02/18');
INSERT INTO precioSalsa(idProducto,precio,fecha) VALUES (6,128.0,'2015/11/03');
INSERT INTO precioSalsa(idProducto,precio,fecha) VALUES (3,85.25,'2018/02/06');
INSERT INTO precioSalsa(idProducto,precio,fecha) VALUES (10,95.67,'2021/03/29');
INSERT INTO precioSalsa(idProducto,precio,fecha) VALUES (15,32.82,'2020/01/12');
INSERT INTO precioSalsa(idProducto,precio,fecha) VALUES (10,97.72,'2019/07/10');
INSERT INTO precioSalsa(idProducto,precio,fecha) VALUES (3,117.46,'2022/03/16');
INSERT INTO precioSalsa(idProducto,precio,fecha) VALUES (2,130.8,'2020/10/28');
INSERT INTO precioSalsa(idProducto,precio,fecha) VALUES (4,77.46,'2017/10/30');
INSERT INTO precioSalsa(idProducto,precio,fecha) VALUES (11,83.76,'2015/09/26');
INSERT INTO precioSalsa(idProducto,precio,fecha) VALUES (5,116.03,'2021/03/31');
INSERT INTO precioSalsa(idProducto,precio,fecha) VALUES (5,6.11,'2018/09/30');
INSERT INTO precioSalsa(idProducto,precio,fecha) VALUES (14,13.28,'2015/10/18');
INSERT INTO precioSalsa(idProducto,precio,fecha) VALUES (9,46.75,'2021/03/17');
INSERT INTO precioSalsa(idProducto,precio,fecha) VALUES (15,104.84,'2019/10/08');
INSERT INTO precioSalsa(idProducto,precio,fecha) VALUES (9,1.59,'2019/12/06');
INSERT INTO precioSalsa(idProducto,precio,fecha) VALUES (2,42.04,'2015/08/04');
INSERT INTO precioSalsa(idProducto,precio,fecha) VALUES (3,35.53,'2019/05/04');
INSERT INTO precioSalsa(idProducto,precio,fecha) VALUES (9,116.04,'2018/08/11');
INSERT INTO precioSalsa(idProducto,precio,fecha) VALUES (15,33.18,'2018/03/16');
INSERT INTO precioSalsa(idProducto,precio,fecha) VALUES (10,23.34,'2015/12/01');
INSERT INTO precioSalsa(idProducto,precio,fecha) VALUES (1,110.85,'2015/08/21');
INSERT INTO precioSalsa(idProducto,precio,fecha) VALUES (13,83.99,'2018/12/16');
INSERT INTO precioSalsa(idProducto,precio,fecha) VALUES (10,13.45,'2017/04/19');
INSERT INTO precioSalsa(idProducto,precio,fecha) VALUES (7,145.68,'2021/08/25');
INSERT INTO precioSalsa(idProducto,precio,fecha) VALUES (1,117.28,'2017/03/12');
INSERT INTO precioSalsa(idProducto,precio,fecha) VALUES (6,89.97,'2018/06/21');
INSERT INTO precioSalsa(idProducto,precio,fecha) VALUES (12,91.05,'2018/08/11');
INSERT INTO precioSalsa(idProducto,precio,fecha) VALUES (2,40.44,'2017/08/11');
INSERT INTO precioSalsa(idProducto,precio,fecha) VALUES (11,126.83,'2022/05/30');
INSERT INTO precioSalsa(idProducto,precio,fecha) VALUES (13,88.45,'2016/01/07');
INSERT INTO precioSalsa(idProducto,precio,fecha) VALUES (9,145.74,'2016/10/03');
INSERT INTO precioSalsa(idProducto,precio,fecha) VALUES (12,55.19,'2020/10/28');
INSERT INTO precioSalsa(idProducto,precio,fecha) VALUES (12,128.7,'2018/09/15');
INSERT INTO precioSalsa(idProducto,precio,fecha) VALUES (1,106.4,'2020/05/16');
INSERT INTO precioSalsa(idProducto,precio,fecha) VALUES (1,100.28,'2017/03/04');
INSERT INTO precioSalsa(idProducto,precio,fecha) VALUES (1,71.96,'2021/09/25');
INSERT INTO precioSalsa(idProducto,precio,fecha) VALUES (12,112.51,'2019/10/21');
INSERT INTO precioSalsa(idProducto,precio,fecha) VALUES (8,55.09,'2016/10/03');
INSERT INTO precioSalsa(idProducto,precio,fecha) VALUES (13,20.02,'2017/11/10');
INSERT INTO precioSalsa(idProducto,precio,fecha) VALUES (1,73.0,'2018/09/16');
INSERT INTO precioSalsa(idProducto,precio,fecha) VALUES (9,125.08,'2017/03/05');
INSERT INTO precioSalsa(idProducto,precio,fecha) VALUES (2,70.5,'2020/09/30');
INSERT INTO precioSalsa(idProducto,precio,fecha) VALUES (5,120.22,'2021/02/25');
INSERT INTO precioSalsa(idProducto,precio,fecha) VALUES (7,81.0,'2019/05/24');
INSERT INTO precioSalsa(idProducto,precio,fecha) VALUES (10,111.88,'2017/11/23');
INSERT INTO precioSalsa(idProducto,precio,fecha) VALUES (10,15.24,'2017/03/11');
INSERT INTO precioSalsa(idProducto,precio,fecha) VALUES (9,76.43,'2019/07/08');
INSERT INTO precioSalsa(idProducto,precio,fecha) VALUES (15,86.48,'2018/07/09');
INSERT INTO precioSalsa(idProducto,precio,fecha) VALUES (2,73.96,'2017/03/07');
INSERT INTO precioSalsa(idProducto,precio,fecha) VALUES (7,98.17,'2021/07/05');
INSERT INTO precioSalsa(idProducto,precio,fecha) VALUES (6,18.45,'2021/07/19');
INSERT INTO precioSalsa(idProducto,precio,fecha) VALUES (13,7.94,'2017/12/02');
INSERT INTO precioSalsa(idProducto,precio,fecha) VALUES (12,44.45,'2017/02/28');
INSERT INTO precioSalsa(idProducto,precio,fecha) VALUES (15,12.85,'2022/01/09');
INSERT INTO precioSalsa(idProducto,precio,fecha) VALUES (1,18.88,'2019/07/31');



/*-----------------------------------------------------------------------
 ---------------------[ Datos de Transporte]----------------------
 ----------------------------------------------------------------------*/

INSERT INTO transporte(noPlacas,marca,modelo,esMotocicleta,esBicicleta,noLicencia) VALUES ('069AMB','Subaru','italika',true,false,'DZEJAYQTYG');
INSERT INTO transporte(noPlacas,marca,modelo,esMotocicleta,esBicicleta,noLicencia) VALUES ('583NER','Volkswagen','italika',false,true,NULL);
INSERT INTO transporte(noPlacas,marca,modelo,esMotocicleta,esBicicleta,noLicencia) VALUES ('228RZI','Cadillac','italika',false,false,NULL);
INSERT INTO transporte(noPlacas,marca,modelo,esMotocicleta,esBicicleta,noLicencia) VALUES ('191MYR','Subaru','harley-davison',true,false,'PZETFNVEQY');
INSERT INTO transporte(noPlacas,marca,modelo,esMotocicleta,esBicicleta,noLicencia) VALUES ('626LIM','Honda','yamaha',true,true,'AGCOIHREFC');
INSERT INTO transporte(noPlacas,marca,modelo,esMotocicleta,esBicicleta,noLicencia) VALUES ('765AMB','Oldsmobile','harley-davison',false,false,NULL);
INSERT INTO transporte(noPlacas,marca,modelo,esMotocicleta,esBicicleta,noLicencia) VALUES ('045ALQ','Toyota','italika',false,false,NULL);
INSERT INTO transporte(noPlacas,marca,modelo,esMotocicleta,esBicicleta,noLicencia) VALUES ('391HYF','Pontiac','yamaha',true,false,'WUJJNOCOVF');
INSERT INTO transporte(noPlacas,marca,modelo,esMotocicleta,esBicicleta,noLicencia) VALUES ('843NAG','Hyundai','yamaha',false,true,NULL);
INSERT INTO transporte(noPlacas,marca,modelo,esMotocicleta,esBicicleta,noLicencia) VALUES ('901CWI','Chrysler','italika',true,true,'JNGGWFFKTP');
INSERT INTO transporte(noPlacas,marca,modelo,esMotocicleta,esBicicleta,noLicencia) VALUES ('235XRZ','Cadillac','harley-davison',false,false,NULL);
INSERT INTO transporte(noPlacas,marca,modelo,esMotocicleta,esBicicleta,noLicencia) VALUES ('034VYM','Mercury','harley-davison',false,false,NULL);
INSERT INTO transporte(noPlacas,marca,modelo,esMotocicleta,esBicicleta,noLicencia) VALUES ('330AOX','Chrysler','harley-davison',false,true,NULL);
INSERT INTO transporte(noPlacas,marca,modelo,esMotocicleta,esBicicleta,noLicencia) VALUES ('424OHY','Audi','yamaha',true,false,'YFENHVKXUI');
INSERT INTO transporte(noPlacas,marca,modelo,esMotocicleta,esBicicleta,noLicencia) VALUES ('589SZN','Ford','yamaha',true,true,'FOJBRIUGSN');
INSERT INTO transporte(noPlacas,marca,modelo,esMotocicleta,esBicicleta,noLicencia) VALUES ('771EGO','Dodge','yamaha',false,false,NULL);
INSERT INTO transporte(noPlacas,marca,modelo,esMotocicleta,esBicicleta,noLicencia) VALUES ('594SAY','Mitsubishi','harley-davison',true,true,'ZZAITSPPLQ');
INSERT INTO transporte(noPlacas,marca,modelo,esMotocicleta,esBicicleta,noLicencia) VALUES ('326UAO','Hyundai','yamaha',false,true,NULL);
INSERT INTO transporte(noPlacas,marca,modelo,esMotocicleta,esBicicleta,noLicencia) VALUES ('535CAG','Ford','italika',true,true,'OETXTQRJIH');
INSERT INTO transporte(noPlacas,marca,modelo,esMotocicleta,esBicicleta,noLicencia) VALUES ('923BTU','Dodge','italika',true,false,'INRGGHPCRO');
INSERT INTO transporte(noPlacas,marca,modelo,esMotocicleta,esBicicleta,noLicencia) VALUES ('745CUZ','GMC','harley-davison',true,false,'MYVJOBIGMP');
INSERT INTO transporte(noPlacas,marca,modelo,esMotocicleta,esBicicleta,noLicencia) VALUES ('238BDH','Panoz','harley-davison',true,true,'YEMWEWTODZ');
INSERT INTO transporte(noPlacas,marca,modelo,esMotocicleta,esBicicleta,noLicencia) VALUES ('365EUU','Ford','yamaha',false,true,NULL);
INSERT INTO transporte(noPlacas,marca,modelo,esMotocicleta,esBicicleta,noLicencia) VALUES ('508TRP','Acura','italika',false,true,NULL);
INSERT INTO transporte(noPlacas,marca,modelo,esMotocicleta,esBicicleta,noLicencia) VALUES ('564HUK','Mercury','yamaha',false,false,NULL);
INSERT INTO transporte(noPlacas,marca,modelo,esMotocicleta,esBicicleta,noLicencia) VALUES ('646UYQ','Subaru','yamaha',true,false,'RJJFPKAXEV');
INSERT INTO transporte(noPlacas,marca,modelo,esMotocicleta,esBicicleta,noLicencia) VALUES ('216DSB','Mitsubishi','harley-davison',true,true,'LBAQZDIHZW');
INSERT INTO transporte(noPlacas,marca,modelo,esMotocicleta,esBicicleta,noLicencia) VALUES ('955CZT','GMC','harley-davison',true,false,'BTRCBIJIQJ');
INSERT INTO transporte(noPlacas,marca,modelo,esMotocicleta,esBicicleta,noLicencia) VALUES ('473GLC','Land Rover','italika',false,false,NULL);
INSERT INTO transporte(noPlacas,marca,modelo,esMotocicleta,esBicicleta,noLicencia) VALUES ('462VQR','Saab','italika',true,false,'DNKBRIOIKI');
INSERT INTO transporte(noPlacas,marca,modelo,esMotocicleta,esBicicleta,noLicencia) VALUES ('492YMA','Mazda','harley-davison',true,false,'IZIXSNHNXF');
INSERT INTO transporte(noPlacas,marca,modelo,esMotocicleta,esBicicleta,noLicencia) VALUES ('432YSQ','Buick','italika',true,true,'XHQNISZRLY');
INSERT INTO transporte(noPlacas,marca,modelo,esMotocicleta,esBicicleta,noLicencia) VALUES ('401DFQ','Chevrolet','italika',false,true,NULL);
INSERT INTO transporte(noPlacas,marca,modelo,esMotocicleta,esBicicleta,noLicencia) VALUES ('702FMZ','Lincoln','yamaha',true,false,'HHYJJRXGOF');
INSERT INTO transporte(noPlacas,marca,modelo,esMotocicleta,esBicicleta,noLicencia) VALUES ('316ZQP','Lincoln','italika',false,true,NULL);
INSERT INTO transporte(noPlacas,marca,modelo,esMotocicleta,esBicicleta,noLicencia) VALUES ('367USD','Honda','yamaha',false,true,NULL);
INSERT INTO transporte(noPlacas,marca,modelo,esMotocicleta,esBicicleta,noLicencia) VALUES ('867PJU','Buick','italika',true,false,'YEXKUBUAQN');
INSERT INTO transporte(noPlacas,marca,modelo,esMotocicleta,esBicicleta,noLicencia) VALUES ('687LYZ','Ford','harley-davison',false,false,NULL);
INSERT INTO transporte(noPlacas,marca,modelo,esMotocicleta,esBicicleta,noLicencia) VALUES ('498KNW','Chevrolet','yamaha',false,true,NULL);
INSERT INTO transporte(noPlacas,marca,modelo,esMotocicleta,esBicicleta,noLicencia) VALUES ('211GTQ','Land Rover','italika',false,true,NULL);
INSERT INTO transporte(noPlacas,marca,modelo,esMotocicleta,esBicicleta,noLicencia) VALUES ('928AGB','Chevrolet','harley-davison',true,true,'YCOGYIUCQX');
INSERT INTO transporte(noPlacas,marca,modelo,esMotocicleta,esBicicleta,noLicencia) VALUES ('186NSC','Pontiac','yamaha',true,false,'LFJSMDHRMC');
INSERT INTO transporte(noPlacas,marca,modelo,esMotocicleta,esBicicleta,noLicencia) VALUES ('817RHQ','Mercury','italika',true,false,'RDIHSRPWJW');
INSERT INTO transporte(noPlacas,marca,modelo,esMotocicleta,esBicicleta,noLicencia) VALUES ('786GTK','Chevrolet','yamaha',false,false,NULL);
INSERT INTO transporte(noPlacas,marca,modelo,esMotocicleta,esBicicleta,noLicencia) VALUES ('653PIK','Ford','harley-davison',true,false,'SRJTYJDNRY');
INSERT INTO transporte(noPlacas,marca,modelo,esMotocicleta,esBicicleta,noLicencia) VALUES ('481LMN','Honda','italika',false,true,NULL);
INSERT INTO transporte(noPlacas,marca,modelo,esMotocicleta,esBicicleta,noLicencia) VALUES ('887SBM','Volkswagen','yamaha',true,true,'ZPUDDTJQZJ');
INSERT INTO transporte(noPlacas,marca,modelo,esMotocicleta,esBicicleta,noLicencia) VALUES ('416XHM','Oldsmobile','harley-davison',true,false,'BJVBRZFTQS');
INSERT INTO transporte(noPlacas,marca,modelo,esMotocicleta,esBicicleta,noLicencia) VALUES ('773NJV','Lincoln','italika',true,true,'BFROHCJVDK');
INSERT INTO transporte(noPlacas,marca,modelo,esMotocicleta,esBicicleta,noLicencia) VALUES ('191XOE','Plymouth','yamaha',false,false,NULL);
INSERT INTO transporte(noPlacas,marca,modelo,esMotocicleta,esBicicleta,noLicencia) VALUES ('938BSS','Chevrolet','yamaha',false,false,NULL);
INSERT INTO transporte(noPlacas,marca,modelo,esMotocicleta,esBicicleta,noLicencia) VALUES ('333VND','Pontiac','italika',false,true,NULL);
INSERT INTO transporte(noPlacas,marca,modelo,esMotocicleta,esBicicleta,noLicencia) VALUES ('138QIR','Lincoln','italika',true,true,'PYVHOAPTEG');
INSERT INTO transporte(noPlacas,marca,modelo,esMotocicleta,esBicicleta,noLicencia) VALUES ('567ZMJ','Mercedes-Benz','italika',true,false,'GCMEXXXGRZ');
INSERT INTO transporte(noPlacas,marca,modelo,esMotocicleta,esBicicleta,noLicencia) VALUES ('562GRL','Mitsubishi','italika',false,false,NULL);
INSERT INTO transporte(noPlacas,marca,modelo,esMotocicleta,esBicicleta,noLicencia) VALUES ('466FTJ','Mitsubishi','italika',false,false,NULL);
INSERT INTO transporte(noPlacas,marca,modelo,esMotocicleta,esBicicleta,noLicencia) VALUES ('002JNM','Maserati','italika',true,false,'TJRASNFFZL');
INSERT INTO transporte(noPlacas,marca,modelo,esMotocicleta,esBicicleta,noLicencia) VALUES ('973STO','Chrysler','yamaha',false,false,NULL);
INSERT INTO transporte(noPlacas,marca,modelo,esMotocicleta,esBicicleta,noLicencia) VALUES ('728QVR','Porsche','italika',true,true,'WDKPRHYXNK');
INSERT INTO transporte(noPlacas,marca,modelo,esMotocicleta,esBicicleta,noLicencia) VALUES ('758ATN','Chevrolet','italika',false,true,NULL);
INSERT INTO transporte(noPlacas,marca,modelo,esMotocicleta,esBicicleta,noLicencia) VALUES ('259SIN','Ford','italika',false,true,NULL);
INSERT INTO transporte(noPlacas,marca,modelo,esMotocicleta,esBicicleta,noLicencia) VALUES ('193EYH','Subaru','yamaha',false,true,NULL);
INSERT INTO transporte(noPlacas,marca,modelo,esMotocicleta,esBicicleta,noLicencia) VALUES ('717IVO','Nissan','yamaha',false,true,NULL);
INSERT INTO transporte(noPlacas,marca,modelo,esMotocicleta,esBicicleta,noLicencia) VALUES ('387FDA','Saab','italika',true,false,'GCJGSBOLBZ');
INSERT INTO transporte(noPlacas,marca,modelo,esMotocicleta,esBicicleta,noLicencia) VALUES ('043UFY','GMC','italika',false,false,NULL);
INSERT INTO transporte(noPlacas,marca,modelo,esMotocicleta,esBicicleta,noLicencia) VALUES ('694UJJ','Geo','yamaha',false,true,NULL);
INSERT INTO transporte(noPlacas,marca,modelo,esMotocicleta,esBicicleta,noLicencia) VALUES ('702QYH','Toyota','italika',false,false,NULL);
INSERT INTO transporte(noPlacas,marca,modelo,esMotocicleta,esBicicleta,noLicencia) VALUES ('551LWS','Lincoln','italika',false,false,NULL);
INSERT INTO transporte(noPlacas,marca,modelo,esMotocicleta,esBicicleta,noLicencia) VALUES ('969HOI','Volkswagen','italika',false,true,NULL);
INSERT INTO transporte(noPlacas,marca,modelo,esMotocicleta,esBicicleta,noLicencia) VALUES ('208JUK','Hyundai','italika',true,true,'AKLVJAEMUD');
INSERT INTO transporte(noPlacas,marca,modelo,esMotocicleta,esBicicleta,noLicencia) VALUES ('494UUF','Mitsubishi','harley-davison',false,false,NULL);
INSERT INTO transporte(noPlacas,marca,modelo,esMotocicleta,esBicicleta,noLicencia) VALUES ('487URO','Pontiac','italika',true,false,'IKDHTIPSKH');
INSERT INTO transporte(noPlacas,marca,modelo,esMotocicleta,esBicicleta,noLicencia) VALUES ('091AUL','Dodge','italika',false,false,NULL);
INSERT INTO transporte(noPlacas,marca,modelo,esMotocicleta,esBicicleta,noLicencia) VALUES ('572JBR','Dodge','italika',true,false,'EZETUAAWWY');
INSERT INTO transporte(noPlacas,marca,modelo,esMotocicleta,esBicicleta,noLicencia) VALUES ('867EEV','Toyota','harley-davison',false,true,NULL);
INSERT INTO transporte(noPlacas,marca,modelo,esMotocicleta,esBicicleta,noLicencia) VALUES ('388NRM','Ford','yamaha',false,true,NULL);
INSERT INTO transporte(noPlacas,marca,modelo,esMotocicleta,esBicicleta,noLicencia) VALUES ('448GOO','Suzuki','yamaha',true,false,'IYQZPHPOLQ');
INSERT INTO transporte(noPlacas,marca,modelo,esMotocicleta,esBicicleta,noLicencia) VALUES ('385CYW','Saab','harley-davison',false,false,NULL);
INSERT INTO transporte(noPlacas,marca,modelo,esMotocicleta,esBicicleta,noLicencia) VALUES ('521FKQ','Ford','harley-davison',false,false,NULL);
INSERT INTO transporte(noPlacas,marca,modelo,esMotocicleta,esBicicleta,noLicencia) VALUES ('866VHW','Panoz','italika',true,false,'VRWNHHWHBU');
INSERT INTO transporte(noPlacas,marca,modelo,esMotocicleta,esBicicleta,noLicencia) VALUES ('808SAK','Pontiac','italika',true,false,'AQLLHGPKNC');
INSERT INTO transporte(noPlacas,marca,modelo,esMotocicleta,esBicicleta,noLicencia) VALUES ('612QAV','GMC','harley-davison',true,false,'FEZPSCSSGA');
INSERT INTO transporte(noPlacas,marca,modelo,esMotocicleta,esBicicleta,noLicencia) VALUES ('593QNW','Toyota','italika',false,true,NULL);
INSERT INTO transporte(noPlacas,marca,modelo,esMotocicleta,esBicicleta,noLicencia) VALUES ('356KKA','Toyota','harley-davison',true,false,'UYDYTVWADH');
INSERT INTO transporte(noPlacas,marca,modelo,esMotocicleta,esBicicleta,noLicencia) VALUES ('981LJO','Mercury','yamaha',true,true,'QJTLMRUFZK');
INSERT INTO transporte(noPlacas,marca,modelo,esMotocicleta,esBicicleta,noLicencia) VALUES ('357FWJ','Toyota','yamaha',false,false,NULL);
INSERT INTO transporte(noPlacas,marca,modelo,esMotocicleta,esBicicleta,noLicencia) VALUES ('838TLR','Ford','italika',false,true,NULL);
INSERT INTO transporte(noPlacas,marca,modelo,esMotocicleta,esBicicleta,noLicencia) VALUES ('880IEM','Honda','yamaha',false,false,NULL);
INSERT INTO transporte(noPlacas,marca,modelo,esMotocicleta,esBicicleta,noLicencia) VALUES ('267ZMK','Ford','harley-davison',true,true,'CCZUAJDXFJ');
INSERT INTO transporte(noPlacas,marca,modelo,esMotocicleta,esBicicleta,noLicencia) VALUES ('425YAL','Dodge','harley-davison',false,false,NULL);
INSERT INTO transporte(noPlacas,marca,modelo,esMotocicleta,esBicicleta,noLicencia) VALUES ('864QGM','Hyundai','yamaha',true,true,'NJORHRVLLH');
INSERT INTO transporte(noPlacas,marca,modelo,esMotocicleta,esBicicleta,noLicencia) VALUES ('902CZS','BMW','italika',false,false,NULL);
INSERT INTO transporte(noPlacas,marca,modelo,esMotocicleta,esBicicleta,noLicencia) VALUES ('931BDZ','Ford','yamaha',false,true,NULL);
INSERT INTO transporte(noPlacas,marca,modelo,esMotocicleta,esBicicleta,noLicencia) VALUES ('969IXM','Audi','yamaha',true,true,'BAVMUCHZTS');
INSERT INTO transporte(noPlacas,marca,modelo,esMotocicleta,esBicicleta,noLicencia) VALUES ('637LUS','Toyota','italika',true,true,'JDKYHSEJSI');
INSERT INTO transporte(noPlacas,marca,modelo,esMotocicleta,esBicicleta,noLicencia) VALUES ('520DBJ','Chrysler','italika',true,true,'QRENWTXEZB');
INSERT INTO transporte(noPlacas,marca,modelo,esMotocicleta,esBicicleta,noLicencia) VALUES ('883AZN','Ford','harley-davison',true,false,'DXLSQRUIXF');
INSERT INTO transporte(noPlacas,marca,modelo,esMotocicleta,esBicicleta,noLicencia) VALUES ('496TKW','Lexus','harley-davison',true,false,'ZWVUWNVZYJ');
INSERT INTO transporte(noPlacas,marca,modelo,esMotocicleta,esBicicleta,noLicencia) VALUES ('675PUZ','Porsche','harley-davison',true,true,'HXEOJZJQZY');
INSERT INTO transporte(noPlacas,marca,modelo,esMotocicleta,esBicicleta,noLicencia) VALUES ('383OBK','Volkswagen','harley-davison',false,false,NULL);
INSERT INTO transporte(noPlacas,marca,modelo,esMotocicleta,esBicicleta,noLicencia) VALUES ('323HZL','Volkswagen','yamaha',true,true,'JLVIMARWVQ');
INSERT INTO transporte(noPlacas,marca,modelo,esMotocicleta,esBicicleta,noLicencia) VALUES ('675TYG','Nissan','harley-davison',false,false,NULL);
INSERT INTO transporte(noPlacas,marca,modelo,esMotocicleta,esBicicleta,noLicencia) VALUES ('232ISX','Toyota','harley-davison',true,true,'JTNVWMQCCX');
INSERT INTO transporte(noPlacas,marca,modelo,esMotocicleta,esBicicleta,noLicencia) VALUES ('667PUK','Toyota','italika',false,false,NULL);
INSERT INTO transporte(noPlacas,marca,modelo,esMotocicleta,esBicicleta,noLicencia) VALUES ('911PWF','Subaru','harley-davison',false,true,NULL);
INSERT INTO transporte(noPlacas,marca,modelo,esMotocicleta,esBicicleta,noLicencia) VALUES ('424EHK','Suzuki','yamaha',true,true,'QVLOBMMSYN');
INSERT INTO transporte(noPlacas,marca,modelo,esMotocicleta,esBicicleta,noLicencia) VALUES ('120JNX','Mercedes-Benz','yamaha',false,true,NULL);
INSERT INTO transporte(noPlacas,marca,modelo,esMotocicleta,esBicicleta,noLicencia) VALUES ('398YWU','Buick','yamaha',false,true,NULL);
INSERT INTO transporte(noPlacas,marca,modelo,esMotocicleta,esBicicleta,noLicencia) VALUES ('120GIP','Nissan','harley-davison',false,true,NULL);
INSERT INTO transporte(noPlacas,marca,modelo,esMotocicleta,esBicicleta,noLicencia) VALUES ('459NLD','Mercedes-Benz','italika',false,false,NULL);
INSERT INTO transporte(noPlacas,marca,modelo,esMotocicleta,esBicicleta,noLicencia) VALUES ('671OZQ','Porsche','harley-davison',true,false,'YBGUOZDIMQ');
INSERT INTO transporte(noPlacas,marca,modelo,esMotocicleta,esBicicleta,noLicencia) VALUES ('216NPE','Audi','harley-davison',true,false,'IMOFEMXFHQ');
INSERT INTO transporte(noPlacas,marca,modelo,esMotocicleta,esBicicleta,noLicencia) VALUES ('662SQB','Oldsmobile','yamaha',true,false,'ULXTTDEFDP');
INSERT INTO transporte(noPlacas,marca,modelo,esMotocicleta,esBicicleta,noLicencia) VALUES ('195ZLF','Toyota','italika',false,false,NULL);
INSERT INTO transporte(noPlacas,marca,modelo,esMotocicleta,esBicicleta,noLicencia) VALUES ('380FWA','Mazda','italika',true,true,'FBFZOGANPV');
INSERT INTO transporte(noPlacas,marca,modelo,esMotocicleta,esBicicleta,noLicencia) VALUES ('316BMJ','Dodge','harley-davison',true,false,'SJAQKBNZZT');
INSERT INTO transporte(noPlacas,marca,modelo,esMotocicleta,esBicicleta,noLicencia) VALUES ('460PSU','Chevrolet','yamaha',false,false,NULL);
INSERT INTO transporte(noPlacas,marca,modelo,esMotocicleta,esBicicleta,noLicencia) VALUES ('297ZQK','Mitsubishi','italika',true,false,'KHNOTUZFPV');
INSERT INTO transporte(noPlacas,marca,modelo,esMotocicleta,esBicicleta,noLicencia) VALUES ('299TFY','Nissan','italika',true,true,'YNDCLAKUVI');
INSERT INTO transporte(noPlacas,marca,modelo,esMotocicleta,esBicicleta,noLicencia) VALUES ('792QSX','Toyota','harley-davison',false,false,NULL);
INSERT INTO transporte(noPlacas,marca,modelo,esMotocicleta,esBicicleta,noLicencia) VALUES ('137XYO','Volvo','yamaha',true,false,'OVAXEUAOGS');
INSERT INTO transporte(noPlacas,marca,modelo,esMotocicleta,esBicicleta,noLicencia) VALUES ('097BHY','Ford','yamaha',false,true,NULL);
INSERT INTO transporte(noPlacas,marca,modelo,esMotocicleta,esBicicleta,noLicencia) VALUES ('393EAF','Pontiac','yamaha',false,false,NULL);
INSERT INTO transporte(noPlacas,marca,modelo,esMotocicleta,esBicicleta,noLicencia) VALUES ('388QHS','Chevrolet','italika',false,true,NULL);
INSERT INTO transporte(noPlacas,marca,modelo,esMotocicleta,esBicicleta,noLicencia) VALUES ('032JPX','GMC','yamaha',true,false,'XOCYCBUBQF');
INSERT INTO transporte(noPlacas,marca,modelo,esMotocicleta,esBicicleta,noLicencia) VALUES ('316VXH','Suzuki','harley-davison',true,true,'QSFPUIBTHZ');
INSERT INTO transporte(noPlacas,marca,modelo,esMotocicleta,esBicicleta,noLicencia) VALUES ('265TBN','Nissan','yamaha',false,true,NULL);
INSERT INTO transporte(noPlacas,marca,modelo,esMotocicleta,esBicicleta,noLicencia) VALUES ('938TBI','Hyundai','italika',false,true,NULL);
INSERT INTO transporte(noPlacas,marca,modelo,esMotocicleta,esBicicleta,noLicencia) VALUES ('484DWK','Volvo','italika',false,true,NULL);
INSERT INTO transporte(noPlacas,marca,modelo,esMotocicleta,esBicicleta,noLicencia) VALUES ('318YXZ','Subaru','harley-davison',false,false,NULL);
INSERT INTO transporte(noPlacas,marca,modelo,esMotocicleta,esBicicleta,noLicencia) VALUES ('493RNT','Chrysler','harley-davison',false,false,NULL);
INSERT INTO transporte(noPlacas,marca,modelo,esMotocicleta,esBicicleta,noLicencia) VALUES ('506CZP','Dodge','yamaha',true,false,'JGKVWLOKXV');
INSERT INTO transporte(noPlacas,marca,modelo,esMotocicleta,esBicicleta,noLicencia) VALUES ('528CTW','Chevrolet','harley-davison',false,true,NULL);
INSERT INTO transporte(noPlacas,marca,modelo,esMotocicleta,esBicicleta,noLicencia) VALUES ('490YCL','Mercedes-Benz','italika',false,true,NULL);
INSERT INTO transporte(noPlacas,marca,modelo,esMotocicleta,esBicicleta,noLicencia) VALUES ('486QBA','Porsche','italika',false,false,NULL);
INSERT INTO transporte(noPlacas,marca,modelo,esMotocicleta,esBicicleta,noLicencia) VALUES ('402NWZ','Infiniti','yamaha',false,true,NULL);
INSERT INTO transporte(noPlacas,marca,modelo,esMotocicleta,esBicicleta,noLicencia) VALUES ('232FVK','Infiniti','italika',true,false,'SOFHPNHVGQ');
INSERT INTO transporte(noPlacas,marca,modelo,esMotocicleta,esBicicleta,noLicencia) VALUES ('757YRY','Volkswagen','italika',true,true,'UHRXDCUISR');
INSERT INTO transporte(noPlacas,marca,modelo,esMotocicleta,esBicicleta,noLicencia) VALUES ('455LQH','Ferrari','harley-davison',true,false,'GKTNAHPCNM');
INSERT INTO transporte(noPlacas,marca,modelo,esMotocicleta,esBicicleta,noLicencia) VALUES ('499MKR','Mitsubishi','yamaha',true,false,'OSKOQFGSXU');
INSERT INTO transporte(noPlacas,marca,modelo,esMotocicleta,esBicicleta,noLicencia) VALUES ('883UQJ','Mitsubishi','italika',true,true,'GEOXXYAPWH');
INSERT INTO transporte(noPlacas,marca,modelo,esMotocicleta,esBicicleta,noLicencia) VALUES ('887ABH','Pontiac','italika',false,true,NULL);
INSERT INTO transporte(noPlacas,marca,modelo,esMotocicleta,esBicicleta,noLicencia) VALUES ('558HOQ','Lincoln','italika',false,true,NULL);
INSERT INTO transporte(noPlacas,marca,modelo,esMotocicleta,esBicicleta,noLicencia) VALUES ('706ENE','Ford','yamaha',false,true,NULL);
INSERT INTO transporte(noPlacas,marca,modelo,esMotocicleta,esBicicleta,noLicencia) VALUES ('707RVH','Nissan','yamaha',true,true,'CQHHOJWZYY');
INSERT INTO transporte(noPlacas,marca,modelo,esMotocicleta,esBicicleta,noLicencia) VALUES ('955DUR','Land Rover','yamaha',false,true,NULL);
INSERT INTO transporte(noPlacas,marca,modelo,esMotocicleta,esBicicleta,noLicencia) VALUES ('202CHY','Lexus','italika',true,true,'YMMVTJCKHC');
INSERT INTO transporte(noPlacas,marca,modelo,esMotocicleta,esBicicleta,noLicencia) VALUES ('240OCA','Pontiac','yamaha',true,true,'RHGTSYADEC');
INSERT INTO transporte(noPlacas,marca,modelo,esMotocicleta,esBicicleta,noLicencia) VALUES ('113NMB','Bentley','italika',true,true,'TPLCPZQECQ');
INSERT INTO transporte(noPlacas,marca,modelo,esMotocicleta,esBicicleta,noLicencia) VALUES ('291ZYA','Ford','harley-davison',true,false,'FOLQSXQBRO');
INSERT INTO transporte(noPlacas,marca,modelo,esMotocicleta,esBicicleta,noLicencia) VALUES ('848CTW','Chevrolet','italika',true,true,'SZKKPYBHCX');
INSERT INTO transporte(noPlacas,marca,modelo,esMotocicleta,esBicicleta,noLicencia) VALUES ('048FWT','Dodge','italika',true,false,'TXJLKMWPPV');
INSERT INTO transporte(noPlacas,marca,modelo,esMotocicleta,esBicicleta,noLicencia) VALUES ('041IZG','Volvo','harley-davison',true,true,'AUEVCNICMA');
INSERT INTO transporte(noPlacas,marca,modelo,esMotocicleta,esBicicleta,noLicencia) VALUES ('761ANA','Dodge','yamaha',false,false,NULL);
INSERT INTO transporte(noPlacas,marca,modelo,esMotocicleta,esBicicleta,noLicencia) VALUES ('645MWG','Mercedes-Benz','yamaha',false,false,NULL);
INSERT INTO transporte(noPlacas,marca,modelo,esMotocicleta,esBicicleta,noLicencia) VALUES ('181KFU','Nissan','harley-davison',false,false,NULL);
INSERT INTO transporte(noPlacas,marca,modelo,esMotocicleta,esBicicleta,noLicencia) VALUES ('166GOV','Chevrolet','harley-davison',false,true,NULL);
INSERT INTO transporte(noPlacas,marca,modelo,esMotocicleta,esBicicleta,noLicencia) VALUES ('713VCE','Infiniti','italika',false,false,NULL);
INSERT INTO transporte(noPlacas,marca,modelo,esMotocicleta,esBicicleta,noLicencia) VALUES ('052TXN','Chevrolet','harley-davison',true,false,'WFHTOXLIZL');
INSERT INTO transporte(noPlacas,marca,modelo,esMotocicleta,esBicicleta,noLicencia) VALUES ('469LLR','Dodge','italika',false,true,NULL);
INSERT INTO transporte(noPlacas,marca,modelo,esMotocicleta,esBicicleta,noLicencia) VALUES ('232PET','Lexus','yamaha',false,true,NULL);
INSERT INTO transporte(noPlacas,marca,modelo,esMotocicleta,esBicicleta,noLicencia) VALUES ('094EPP','Volvo','harley-davison',true,true,'LYGOJHTBMO');
INSERT INTO transporte(noPlacas,marca,modelo,esMotocicleta,esBicicleta,noLicencia) VALUES ('235LZZ','Ford','harley-davison',false,false,NULL);
INSERT INTO transporte(noPlacas,marca,modelo,esMotocicleta,esBicicleta,noLicencia) VALUES ('284BYQ','Kia','italika',false,false,NULL);
INSERT INTO transporte(noPlacas,marca,modelo,esMotocicleta,esBicicleta,noLicencia) VALUES ('915ACJ','Suzuki','harley-davison',true,false,'DXAJSHZXQK');
INSERT INTO transporte(noPlacas,marca,modelo,esMotocicleta,esBicicleta,noLicencia) VALUES ('423BYG','Mazda','harley-davison',true,false,'ENTUZGRMDU');
INSERT INTO transporte(noPlacas,marca,modelo,esMotocicleta,esBicicleta,noLicencia) VALUES ('635YAF','Chevrolet','harley-davison',false,true,NULL);
INSERT INTO transporte(noPlacas,marca,modelo,esMotocicleta,esBicicleta,noLicencia) VALUES ('910FUL','Nissan','yamaha',false,true,NULL);
INSERT INTO transporte(noPlacas,marca,modelo,esMotocicleta,esBicicleta,noLicencia) VALUES ('358ASP','Chevrolet','yamaha',false,false,NULL);
INSERT INTO transporte(noPlacas,marca,modelo,esMotocicleta,esBicicleta,noLicencia) VALUES ('559PYE','BMW','harley-davison',false,true,NULL);
INSERT INTO transporte(noPlacas,marca,modelo,esMotocicleta,esBicicleta,noLicencia) VALUES ('330XZU','Mitsubishi','italika',true,true,'XXIZSMEIRS');
INSERT INTO transporte(noPlacas,marca,modelo,esMotocicleta,esBicicleta,noLicencia) VALUES ('332EIO','GMC','italika',true,false,'MJUPHCQQPM');
INSERT INTO transporte(noPlacas,marca,modelo,esMotocicleta,esBicicleta,noLicencia) VALUES ('267HTO','Toyota','yamaha',true,true,'UWYVAHLTUY');
INSERT INTO transporte(noPlacas,marca,modelo,esMotocicleta,esBicicleta,noLicencia) VALUES ('000QLA','Nissan','yamaha',true,true,'FRRGAZRIKK');
INSERT INTO transporte(noPlacas,marca,modelo,esMotocicleta,esBicicleta,noLicencia) VALUES ('683HDV','Mitsubishi','italika',false,false,NULL);
INSERT INTO transporte(noPlacas,marca,modelo,esMotocicleta,esBicicleta,noLicencia) VALUES ('090ZZR','Chrysler','italika',false,false,NULL);
INSERT INTO transporte(noPlacas,marca,modelo,esMotocicleta,esBicicleta,noLicencia) VALUES ('451XVX','Chevrolet','italika',false,true,NULL);
INSERT INTO transporte(noPlacas,marca,modelo,esMotocicleta,esBicicleta,noLicencia) VALUES ('243QAN','Nissan','yamaha',false,true,NULL);
INSERT INTO transporte(noPlacas,marca,modelo,esMotocicleta,esBicicleta,noLicencia) VALUES ('259GZX','Audi','harley-davison',false,false,NULL);
INSERT INTO transporte(noPlacas,marca,modelo,esMotocicleta,esBicicleta,noLicencia) VALUES ('670HSX','Nissan','harley-davison',false,true,NULL);
INSERT INTO transporte(noPlacas,marca,modelo,esMotocicleta,esBicicleta,noLicencia) VALUES ('298GCT','Nissan','italika',true,false,'PHWYHJKOLZ');
INSERT INTO transporte(noPlacas,marca,modelo,esMotocicleta,esBicicleta,noLicencia) VALUES ('110JNW','Toyota','yamaha',false,false,NULL);
INSERT INTO transporte(noPlacas,marca,modelo,esMotocicleta,esBicicleta,noLicencia) VALUES ('199SEK','Volkswagen','italika',true,true,'BTOJINIJDI');
INSERT INTO transporte(noPlacas,marca,modelo,esMotocicleta,esBicicleta,noLicencia) VALUES ('632EYU','Volvo','yamaha',true,true,'FMKIUXOMWG');
INSERT INTO transporte(noPlacas,marca,modelo,esMotocicleta,esBicicleta,noLicencia) VALUES ('592IMM','Buick','harley-davison',false,true,NULL);
INSERT INTO transporte(noPlacas,marca,modelo,esMotocicleta,esBicicleta,noLicencia) VALUES ('613DGD','Ford','harley-davison',false,true,NULL);
INSERT INTO transporte(noPlacas,marca,modelo,esMotocicleta,esBicicleta,noLicencia) VALUES ('624OMZ','Chevrolet','yamaha',true,false,'FJNJZDPKSW');
INSERT INTO transporte(noPlacas,marca,modelo,esMotocicleta,esBicicleta,noLicencia) VALUES ('343SAZ','Infiniti','yamaha',false,true,NULL);
INSERT INTO transporte(noPlacas,marca,modelo,esMotocicleta,esBicicleta,noLicencia) VALUES ('368YJS','Volvo','yamaha',true,true,'VOCNLPKXUK');
INSERT INTO transporte(noPlacas,marca,modelo,esMotocicleta,esBicicleta,noLicencia) VALUES ('419GZF','Mercury','yamaha',false,false,NULL);
INSERT INTO transporte(noPlacas,marca,modelo,esMotocicleta,esBicicleta,noLicencia) VALUES ('430QZT','Lexus','yamaha',false,false,NULL);
INSERT INTO transporte(noPlacas,marca,modelo,esMotocicleta,esBicicleta,noLicencia) VALUES ('197NPI','Buick','italika',true,true,'GQMCKAPXLU');
INSERT INTO transporte(noPlacas,marca,modelo,esMotocicleta,esBicicleta,noLicencia) VALUES ('061LKO','Chrysler','harley-davison',false,true,NULL);
INSERT INTO transporte(noPlacas,marca,modelo,esMotocicleta,esBicicleta,noLicencia) VALUES ('355TKK','Audi','yamaha',true,true,'QEJVWHJCHQ');
INSERT INTO transporte(noPlacas,marca,modelo,esMotocicleta,esBicicleta,noLicencia) VALUES ('007OIF','Honda','harley-davison',false,false,NULL);
INSERT INTO transporte(noPlacas,marca,modelo,esMotocicleta,esBicicleta,noLicencia) VALUES ('217VLZ','GMC','harley-davison',false,true,NULL);
INSERT INTO transporte(noPlacas,marca,modelo,esMotocicleta,esBicicleta,noLicencia) VALUES ('044MBH','Chevrolet','yamaha',false,false,NULL);
INSERT INTO transporte(noPlacas,marca,modelo,esMotocicleta,esBicicleta,noLicencia) VALUES ('687WST','Lotus','yamaha',false,true,NULL);
INSERT INTO transporte(noPlacas,marca,modelo,esMotocicleta,esBicicleta,noLicencia) VALUES ('132QFP','Chevrolet','italika',false,true,NULL);
INSERT INTO transporte(noPlacas,marca,modelo,esMotocicleta,esBicicleta,noLicencia) VALUES ('142WCY','Mercedes-Benz','yamaha',true,false,'EZJNEPFHBT');
INSERT INTO transporte(noPlacas,marca,modelo,esMotocicleta,esBicicleta,noLicencia) VALUES ('093VCL','Infiniti','harley-davison',true,false,'FKLKMWIOYG');
INSERT INTO transporte(noPlacas,marca,modelo,esMotocicleta,esBicicleta,noLicencia) VALUES ('291SUS','GMC','italika',true,true,'HKDEOBBQEZ');
INSERT INTO transporte(noPlacas,marca,modelo,esMotocicleta,esBicicleta,noLicencia) VALUES ('680BSC','GMC','italika',false,true,NULL);
INSERT INTO transporte(noPlacas,marca,modelo,esMotocicleta,esBicicleta,noLicencia) VALUES ('932HNK','Dodge','harley-davison',true,true,'GKWQFFTKVD');
INSERT INTO transporte(noPlacas,marca,modelo,esMotocicleta,esBicicleta,noLicencia) VALUES ('177NGI','Honda','harley-davison',true,false,'JIUFIOPQLH');
INSERT INTO transporte(noPlacas,marca,modelo,esMotocicleta,esBicicleta,noLicencia) VALUES ('407LAL','Cadillac','italika',false,false,NULL);
INSERT INTO transporte(noPlacas,marca,modelo,esMotocicleta,esBicicleta,noLicencia) VALUES ('754RST','Nissan','italika',false,false,NULL);
INSERT INTO transporte(noPlacas,marca,modelo,esMotocicleta,esBicicleta,noLicencia) VALUES ('290UUR','Lincoln','italika',true,false,'PZLQWOHNRT');
INSERT INTO transporte(noPlacas,marca,modelo,esMotocicleta,esBicicleta,noLicencia) VALUES ('637SPB','Mercedes-Benz','italika',false,false,NULL);
INSERT INTO transporte(noPlacas,marca,modelo,esMotocicleta,esBicicleta,noLicencia) VALUES ('503TZQ','Dodge','yamaha',false,false,NULL);
INSERT INTO transporte(noPlacas,marca,modelo,esMotocicleta,esBicicleta,noLicencia) VALUES ('642HKN','Ford','harley-davison',false,true,NULL);
INSERT INTO transporte(noPlacas,marca,modelo,esMotocicleta,esBicicleta,noLicencia) VALUES ('154XIK','Hyundai','yamaha',true,true,'JSJFLAASBB');
INSERT INTO transporte(noPlacas,marca,modelo,esMotocicleta,esBicicleta,noLicencia) VALUES ('131ZEE','Volvo','yamaha',true,false,'NRLCRUOWYK');
INSERT INTO transporte(noPlacas,marca,modelo,esMotocicleta,esBicicleta,noLicencia) VALUES ('069YBR','Lincoln','harley-davison',true,false,'PKSROBISRL');
INSERT INTO transporte(noPlacas,marca,modelo,esMotocicleta,esBicicleta,noLicencia) VALUES ('006GJS','Audi','harley-davison',true,true,'NEUNBGHFWR');
INSERT INTO transporte(noPlacas,marca,modelo,esMotocicleta,esBicicleta,noLicencia) VALUES ('410WWF','Ford','italika',true,true,'CHCOGKDUBU');
INSERT INTO transporte(noPlacas,marca,modelo,esMotocicleta,esBicicleta,noLicencia) VALUES ('106KIC','Buick','italika',false,true,NULL);
INSERT INTO transporte(noPlacas,marca,modelo,esMotocicleta,esBicicleta,noLicencia) VALUES ('048IYX','Ford','italika',true,false,'KTEUZEXSKX');
INSERT INTO transporte(noPlacas,marca,modelo,esMotocicleta,esBicicleta,noLicencia) VALUES ('946TJZ','Eagle','harley-davison',false,false,NULL);
INSERT INTO transporte(noPlacas,marca,modelo,esMotocicleta,esBicicleta,noLicencia) VALUES ('514WSP','Cadillac','italika',false,true,NULL);
INSERT INTO transporte(noPlacas,marca,modelo,esMotocicleta,esBicicleta,noLicencia) VALUES ('876OHF','Volkswagen','harley-davison',false,true,NULL);
INSERT INTO transporte(noPlacas,marca,modelo,esMotocicleta,esBicicleta,noLicencia) VALUES ('998ELQ','Dodge','harley-davison',false,false,NULL);
INSERT INTO transporte(noPlacas,marca,modelo,esMotocicleta,esBicicleta,noLicencia) VALUES ('201ZNV','Ford','italika',false,false,NULL);
INSERT INTO transporte(noPlacas,marca,modelo,esMotocicleta,esBicicleta,noLicencia) VALUES ('781DBK','MINI','italika',true,false,'LRMFNFZQQK');
INSERT INTO transporte(noPlacas,marca,modelo,esMotocicleta,esBicicleta,noLicencia) VALUES ('777IKG','Volvo','yamaha',true,false,'HEPMOUJVWC');
INSERT INTO transporte(noPlacas,marca,modelo,esMotocicleta,esBicicleta,noLicencia) VALUES ('623OVU','Mitsubishi','harley-davison',false,false,NULL);
INSERT INTO transporte(noPlacas,marca,modelo,esMotocicleta,esBicicleta,noLicencia) VALUES ('974GZG','Cadillac','yamaha',true,true,'CJZOSVIVBR');
INSERT INTO transporte(noPlacas,marca,modelo,esMotocicleta,esBicicleta,noLicencia) VALUES ('059VJU','Acura','italika',false,true,NULL);
INSERT INTO transporte(noPlacas,marca,modelo,esMotocicleta,esBicicleta,noLicencia) VALUES ('612JUC','Lotus','harley-davison',false,false,NULL);
INSERT INTO transporte(noPlacas,marca,modelo,esMotocicleta,esBicicleta,noLicencia) VALUES ('276BHJ','Buick','harley-davison',false,false,NULL);
INSERT INTO transporte(noPlacas,marca,modelo,esMotocicleta,esBicicleta,noLicencia) VALUES ('560PGY','Nissan','yamaha',true,true,'UZEMSDEGUR');
INSERT INTO transporte(noPlacas,marca,modelo,esMotocicleta,esBicicleta,noLicencia) VALUES ('957JBC','Toyota','italika',false,true,NULL);
INSERT INTO transporte(noPlacas,marca,modelo,esMotocicleta,esBicicleta,noLicencia) VALUES ('056ESY','Hyundai','harley-davison',true,false,'WDXRTIBPIP');
INSERT INTO transporte(noPlacas,marca,modelo,esMotocicleta,esBicicleta,noLicencia) VALUES ('274KTN','Pontiac','italika',true,false,'RBQODKJODG');
INSERT INTO transporte(noPlacas,marca,modelo,esMotocicleta,esBicicleta,noLicencia) VALUES ('878UOW','Acura','italika',true,false,'CTOEQGRRPG');
INSERT INTO transporte(noPlacas,marca,modelo,esMotocicleta,esBicicleta,noLicencia) VALUES ('975QZD','Mercedes-Benz','yamaha',true,true,'EFNPEBXDLQ');
INSERT INTO transporte(noPlacas,marca,modelo,esMotocicleta,esBicicleta,noLicencia) VALUES ('755YEG','Mercedes-Benz','italika',false,false,NULL);
INSERT INTO transporte(noPlacas,marca,modelo,esMotocicleta,esBicicleta,noLicencia) VALUES ('675DNN','Lexus','harley-davison',true,false,'KCNOOWSJQO');
INSERT INTO transporte(noPlacas,marca,modelo,esMotocicleta,esBicicleta,noLicencia) VALUES ('059XIY','Chevrolet','yamaha',false,false,NULL);
INSERT INTO transporte(noPlacas,marca,modelo,esMotocicleta,esBicicleta,noLicencia) VALUES ('996JIU','Nissan','harley-davison',true,true,'NTCFBXQTTS');
INSERT INTO transporte(noPlacas,marca,modelo,esMotocicleta,esBicicleta,noLicencia) VALUES ('992BAE','Ford','italika',true,true,'CNXZUMZWLA');
INSERT INTO transporte(noPlacas,marca,modelo,esMotocicleta,esBicicleta,noLicencia) VALUES ('774TVL','Ford','yamaha',true,false,'ITTKNRYXQR');
INSERT INTO transporte(noPlacas,marca,modelo,esMotocicleta,esBicicleta,noLicencia) VALUES ('690BAI','Saturn','italika',false,true,NULL);
INSERT INTO transporte(noPlacas,marca,modelo,esMotocicleta,esBicicleta,noLicencia) VALUES ('233KFV','Chevrolet','yamaha',true,false,'XGEMEAOUPI');
INSERT INTO transporte(noPlacas,marca,modelo,esMotocicleta,esBicicleta,noLicencia) VALUES ('951RDZ','GMC','harley-davison',true,false,'XAKZXXIFZQ');
INSERT INTO transporte(noPlacas,marca,modelo,esMotocicleta,esBicicleta,noLicencia) VALUES ('142KNS','Pontiac','yamaha',true,false,'FVSZLSFBSL');
INSERT INTO transporte(noPlacas,marca,modelo,esMotocicleta,esBicicleta,noLicencia) VALUES ('524NRA','Subaru','yamaha',false,true,NULL);
INSERT INTO transporte(noPlacas,marca,modelo,esMotocicleta,esBicicleta,noLicencia) VALUES ('464NBI','Mitsubishi','harley-davison',false,false,NULL);
INSERT INTO transporte(noPlacas,marca,modelo,esMotocicleta,esBicicleta,noLicencia) VALUES ('127QMR','Mercury','italika',true,true,'ISUNYGMZXC');
INSERT INTO transporte(noPlacas,marca,modelo,esMotocicleta,esBicicleta,noLicencia) VALUES ('831NHD','Pontiac','harley-davison',true,true,'EDETGYVVSK');
INSERT INTO transporte(noPlacas,marca,modelo,esMotocicleta,esBicicleta,noLicencia) VALUES ('508NQQ','Ford','yamaha',false,true,NULL);
INSERT INTO transporte(noPlacas,marca,modelo,esMotocicleta,esBicicleta,noLicencia) VALUES ('784KBT','Honda','yamaha',true,false,'HACPKXZSSW');
INSERT INTO transporte(noPlacas,marca,modelo,esMotocicleta,esBicicleta,noLicencia) VALUES ('417WUQ','Hyundai','yamaha',false,true,NULL);
INSERT INTO transporte(noPlacas,marca,modelo,esMotocicleta,esBicicleta,noLicencia) VALUES ('204WFD','Subaru','italika',true,false,'SUXQSSETAJ');
INSERT INTO transporte(noPlacas,marca,modelo,esMotocicleta,esBicicleta,noLicencia) VALUES ('526HOS','Buick','yamaha',false,false,NULL);
INSERT INTO transporte(noPlacas,marca,modelo,esMotocicleta,esBicicleta,noLicencia) VALUES ('895JEF','Land Rover','harley-davison',false,false,NULL);
INSERT INTO transporte(noPlacas,marca,modelo,esMotocicleta,esBicicleta,noLicencia) VALUES ('245PDX','Mercedes-Benz','yamaha',false,false,NULL);
INSERT INTO transporte(noPlacas,marca,modelo,esMotocicleta,esBicicleta,noLicencia) VALUES ('144DAQ','Mercedes-Benz','harley-davison',false,true,NULL);
INSERT INTO transporte(noPlacas,marca,modelo,esMotocicleta,esBicicleta,noLicencia) VALUES ('548ZVJ','GMC','italika',false,false,NULL);
INSERT INTO transporte(noPlacas,marca,modelo,esMotocicleta,esBicicleta,noLicencia) VALUES ('884JPE','Lincoln','harley-davison',true,false,'LVOZIUZHUS');
INSERT INTO transporte(noPlacas,marca,modelo,esMotocicleta,esBicicleta,noLicencia) VALUES ('239SHU','Ford','italika',true,true,'ZHMZXYODJJ');
INSERT INTO transporte(noPlacas,marca,modelo,esMotocicleta,esBicicleta,noLicencia) VALUES ('032NUK','Mercedes-Benz','yamaha',true,true,'COKXRYCEOP');
INSERT INTO transporte(noPlacas,marca,modelo,esMotocicleta,esBicicleta,noLicencia) VALUES ('241RZK','Mazda','yamaha',true,false,'NFKFPSJPAJ');
INSERT INTO transporte(noPlacas,marca,modelo,esMotocicleta,esBicicleta,noLicencia) VALUES ('811BSJ','Volkswagen','yamaha',true,true,'WEIQEVPLPW');
INSERT INTO transporte(noPlacas,marca,modelo,esMotocicleta,esBicicleta,noLicencia) VALUES ('298YES','GMC','italika',false,true,NULL);
INSERT INTO transporte(noPlacas,marca,modelo,esMotocicleta,esBicicleta,noLicencia) VALUES ('023VLI','Suzuki','italika',true,false,'ODACLQCNJQ');
INSERT INTO transporte(noPlacas,marca,modelo,esMotocicleta,esBicicleta,noLicencia) VALUES ('109ZHS','BMW','italika',true,true,'PKDCNKUTXL');
INSERT INTO transporte(noPlacas,marca,modelo,esMotocicleta,esBicicleta,noLicencia) VALUES ('677KWK','Buick','harley-davison',true,true,'MUVBFQWHKP');
INSERT INTO transporte(noPlacas,marca,modelo,esMotocicleta,esBicicleta,noLicencia) VALUES ('878IZF','Chevrolet','yamaha',false,true,NULL);
INSERT INTO transporte(noPlacas,marca,modelo,esMotocicleta,esBicicleta,noLicencia) VALUES ('058SMO','Dodge','italika',false,true,NULL);
INSERT INTO transporte(noPlacas,marca,modelo,esMotocicleta,esBicicleta,noLicencia) VALUES ('363TYZ','Honda','yamaha',true,false,'QYYAVXOJVU');
INSERT INTO transporte(noPlacas,marca,modelo,esMotocicleta,esBicicleta,noLicencia) VALUES ('782BKF','Jeep','harley-davison',false,true,NULL);
INSERT INTO transporte(noPlacas,marca,modelo,esMotocicleta,esBicicleta,noLicencia) VALUES ('535JFP','Ford','harley-davison',false,false,NULL);
INSERT INTO transporte(noPlacas,marca,modelo,esMotocicleta,esBicicleta,noLicencia) VALUES ('419ASA','Chevrolet','italika',false,true,NULL);
INSERT INTO transporte(noPlacas,marca,modelo,esMotocicleta,esBicicleta,noLicencia) VALUES ('541CUQ','Pontiac','yamaha',true,false,'REPXYVDWXI');
INSERT INTO transporte(noPlacas,marca,modelo,esMotocicleta,esBicicleta,noLicencia) VALUES ('634ZXO','Pontiac','harley-davison',true,false,'JOBHGODOEI');
INSERT INTO transporte(noPlacas,marca,modelo,esMotocicleta,esBicicleta,noLicencia) VALUES ('852OAD','Hyundai','harley-davison',true,false,'WTTIXXWNQX');
INSERT INTO transporte(noPlacas,marca,modelo,esMotocicleta,esBicicleta,noLicencia) VALUES ('473SUN','Lexus','harley-davison',true,true,'WEWVBOMALK');
INSERT INTO transporte(noPlacas,marca,modelo,esMotocicleta,esBicicleta,noLicencia) VALUES ('550DYL','Ford','italika',false,true,NULL);
INSERT INTO transporte(noPlacas,marca,modelo,esMotocicleta,esBicicleta,noLicencia) VALUES ('089UZM','Toyota','italika',true,true,'TSKHHMJOAT');
INSERT INTO transporte(noPlacas,marca,modelo,esMotocicleta,esBicicleta,noLicencia) VALUES ('412CLJ','Kia','harley-davison',false,false,NULL);
INSERT INTO transporte(noPlacas,marca,modelo,esMotocicleta,esBicicleta,noLicencia) VALUES ('934VFY','Audi','harley-davison',false,true,NULL);
INSERT INTO transporte(noPlacas,marca,modelo,esMotocicleta,esBicicleta,noLicencia) VALUES ('053ZSN','Mitsubishi','italika',false,false,NULL);
INSERT INTO transporte(noPlacas,marca,modelo,esMotocicleta,esBicicleta,noLicencia) VALUES ('056LUR','Chevrolet','yamaha',true,true,'BNVUTGBYPF');
INSERT INTO transporte(noPlacas,marca,modelo,esMotocicleta,esBicicleta,noLicencia) VALUES ('025CMK','Lotus','harley-davison',true,false,'SMMJPEIDKM');
INSERT INTO transporte(noPlacas,marca,modelo,esMotocicleta,esBicicleta,noLicencia) VALUES ('580NPL','Subaru','harley-davison',false,false,NULL);
INSERT INTO transporte(noPlacas,marca,modelo,esMotocicleta,esBicicleta,noLicencia) VALUES ('386IVS','Jaguar','harley-davison',false,false,NULL);
INSERT INTO transporte(noPlacas,marca,modelo,esMotocicleta,esBicicleta,noLicencia) VALUES ('468WKX','BMW','yamaha',false,true,NULL);
INSERT INTO transporte(noPlacas,marca,modelo,esMotocicleta,esBicicleta,noLicencia) VALUES ('610OHI','Lamborghini','harley-davison',true,false,'IZUVYUGFAL');
INSERT INTO transporte(noPlacas,marca,modelo,esMotocicleta,esBicicleta,noLicencia) VALUES ('986LGD','Mitsubishi','italika',false,false,NULL);
INSERT INTO transporte(noPlacas,marca,modelo,esMotocicleta,esBicicleta,noLicencia) VALUES ('480AKS','Ford','harley-davison',true,true,'LRTRCPOBOP');
INSERT INTO transporte(noPlacas,marca,modelo,esMotocicleta,esBicicleta,noLicencia) VALUES ('956JKS','Hyundai','italika',true,true,'OTGLQANRKW');
INSERT INTO transporte(noPlacas,marca,modelo,esMotocicleta,esBicicleta,noLicencia) VALUES ('974FAM','Chevrolet','harley-davison',true,true,'EIBNHENJDQ');
INSERT INTO transporte(noPlacas,marca,modelo,esMotocicleta,esBicicleta,noLicencia) VALUES ('191AUL','Chevrolet','italika',true,true,'YXXDBFXIEC');
INSERT INTO transporte(noPlacas,marca,modelo,esMotocicleta,esBicicleta,noLicencia) VALUES ('414GJO','Kia','italika',false,true,NULL);
INSERT INTO transporte(noPlacas,marca,modelo,esMotocicleta,esBicicleta,noLicencia) VALUES ('801BAS','Audi','yamaha',true,true,'GXJIIFISMH');
INSERT INTO transporte(noPlacas,marca,modelo,esMotocicleta,esBicicleta,noLicencia) VALUES ('191STZ','Audi','harley-davison',true,false,'OEHOCYCEKA');
INSERT INTO transporte(noPlacas,marca,modelo,esMotocicleta,esBicicleta,noLicencia) VALUES ('417JIB','Saturn','italika',true,true,'VUUYFUXFKL');
INSERT INTO transporte(noPlacas,marca,modelo,esMotocicleta,esBicicleta,noLicencia) VALUES ('490TID','Ford','italika',true,false,'NXQSLBUITV');
INSERT INTO transporte(noPlacas,marca,modelo,esMotocicleta,esBicicleta,noLicencia) VALUES ('524GEO','Buick','harley-davison',false,true,NULL);
INSERT INTO transporte(noPlacas,marca,modelo,esMotocicleta,esBicicleta,noLicencia) VALUES ('785UBR','Cadillac','yamaha',false,true,NULL);
INSERT INTO transporte(noPlacas,marca,modelo,esMotocicleta,esBicicleta,noLicencia) VALUES ('612WYD','Porsche','yamaha',true,false,'PSWWUTSLVL');
INSERT INTO transporte(noPlacas,marca,modelo,esMotocicleta,esBicicleta,noLicencia) VALUES ('106ZYW','Mercedes-Benz','harley-davison',true,true,'HBVGDRVJHP');
INSERT INTO transporte(noPlacas,marca,modelo,esMotocicleta,esBicicleta,noLicencia) VALUES ('458ZOI','Hummer','harley-davison',true,true,'ABPRQQZNIU');
INSERT INTO transporte(noPlacas,marca,modelo,esMotocicleta,esBicicleta,noLicencia) VALUES ('703GPA','GMC','yamaha',false,false,NULL);
INSERT INTO transporte(noPlacas,marca,modelo,esMotocicleta,esBicicleta,noLicencia) VALUES ('816RKV','Suzuki','italika',true,true,'RLXLKRLKRG');
INSERT INTO transporte(noPlacas,marca,modelo,esMotocicleta,esBicicleta,noLicencia) VALUES ('993PNS','Chevrolet','harley-davison',true,false,'BOSXTJSYLI');
INSERT INTO transporte(noPlacas,marca,modelo,esMotocicleta,esBicicleta,noLicencia) VALUES ('017FVK','Dodge','yamaha',true,true,'ELENACZGZC');
INSERT INTO transporte(noPlacas,marca,modelo,esMotocicleta,esBicicleta,noLicencia) VALUES ('023NNU','Chevrolet','yamaha',true,true,'CIEINLPWWM');
INSERT INTO transporte(noPlacas,marca,modelo,esMotocicleta,esBicicleta,noLicencia) VALUES ('712MFG','Mercury','harley-davison',false,false,NULL);
INSERT INTO transporte(noPlacas,marca,modelo,esMotocicleta,esBicicleta,noLicencia) VALUES ('469CAI','Ford','italika',true,true,'MLJGFFPVHM');
INSERT INTO transporte(noPlacas,marca,modelo,esMotocicleta,esBicicleta,noLicencia) VALUES ('128ZRT','Ford','italika',true,true,'ARVRKETHDS');
INSERT INTO transporte(noPlacas,marca,modelo,esMotocicleta,esBicicleta,noLicencia) VALUES ('595ASN','Dodge','italika',false,true,NULL);
INSERT INTO transporte(noPlacas,marca,modelo,esMotocicleta,esBicicleta,noLicencia) VALUES ('966YPT','Kia','harley-davison',false,true,NULL);
INSERT INTO transporte(noPlacas,marca,modelo,esMotocicleta,esBicicleta,noLicencia) VALUES ('915KHM','Ferrari','harley-davison',false,true,NULL);
INSERT INTO transporte(noPlacas,marca,modelo,esMotocicleta,esBicicleta,noLicencia) VALUES ('351FFK','Honda','harley-davison',true,true,'ULBMJGPWRL');
INSERT INTO transporte(noPlacas,marca,modelo,esMotocicleta,esBicicleta,noLicencia) VALUES ('484WQZ','Chevrolet','italika',false,true,NULL);
INSERT INTO transporte(noPlacas,marca,modelo,esMotocicleta,esBicicleta,noLicencia) VALUES ('851HYH','Isuzu','italika',false,false,NULL);
INSERT INTO transporte(noPlacas,marca,modelo,esMotocicleta,esBicicleta,noLicencia) VALUES ('136AMZ','Mazda','italika',true,false,'SJKTXBCKOC');
INSERT INTO transporte(noPlacas,marca,modelo,esMotocicleta,esBicicleta,noLicencia) VALUES ('116JZC','Honda','italika',false,false,NULL);
INSERT INTO transporte(noPlacas,marca,modelo,esMotocicleta,esBicicleta,noLicencia) VALUES ('536SCM','Ford','italika',false,true,NULL);
INSERT INTO transporte(noPlacas,marca,modelo,esMotocicleta,esBicicleta,noLicencia) VALUES ('061CNX','Toyota','yamaha',false,true,NULL);
INSERT INTO transporte(noPlacas,marca,modelo,esMotocicleta,esBicicleta,noLicencia) VALUES ('311AHW','Kia','italika',false,true,NULL);
INSERT INTO transporte(noPlacas,marca,modelo,esMotocicleta,esBicicleta,noLicencia) VALUES ('892FUJ','Lincoln','italika',true,true,'EGFHWBYQDN');
INSERT INTO transporte(noPlacas,marca,modelo,esMotocicleta,esBicicleta,noLicencia) VALUES ('953SVS','Mazda','italika',true,true,'SDDEOFMGGA');
INSERT INTO transporte(noPlacas,marca,modelo,esMotocicleta,esBicicleta,noLicencia) VALUES ('197BMU','Porsche','yamaha',true,true,'KOVBQDFWWT');
INSERT INTO transporte(noPlacas,marca,modelo,esMotocicleta,esBicicleta,noLicencia) VALUES ('522SDI','Mitsubishi','yamaha',false,true,NULL);
INSERT INTO transporte(noPlacas,marca,modelo,esMotocicleta,esBicicleta,noLicencia) VALUES ('794VXV','Toyota','italika',false,false,NULL);
INSERT INTO transporte(noPlacas,marca,modelo,esMotocicleta,esBicicleta,noLicencia) VALUES ('084PGQ','Chevrolet','yamaha',true,true,'JKLSXUNPGR');
INSERT INTO transporte(noPlacas,marca,modelo,esMotocicleta,esBicicleta,noLicencia) VALUES ('406UYN','Ford','yamaha',true,true,'TWDIASYGCK');
INSERT INTO transporte(noPlacas,marca,modelo,esMotocicleta,esBicicleta,noLicencia) VALUES ('122KJM','Volvo','italika',true,false,'DEVHYWDQNM');
INSERT INTO transporte(noPlacas,marca,modelo,esMotocicleta,esBicicleta,noLicencia) VALUES ('490KLE','Mitsubishi','yamaha',true,true,'RAHUEARUFN');
INSERT INTO transporte(noPlacas,marca,modelo,esMotocicleta,esBicicleta,noLicencia) VALUES ('077RFE','Pontiac','harley-davison',false,false,NULL);
INSERT INTO transporte(noPlacas,marca,modelo,esMotocicleta,esBicicleta,noLicencia) VALUES ('733NPN','Land Rover','yamaha',true,false,'HITRSOTGJV');
INSERT INTO transporte(noPlacas,marca,modelo,esMotocicleta,esBicicleta,noLicencia) VALUES ('167FPT','Porsche','harley-davison',true,true,'YVBEBRNUHE');
INSERT INTO transporte(noPlacas,marca,modelo,esMotocicleta,esBicicleta,noLicencia) VALUES ('678FPY','Chevrolet','yamaha',false,true,NULL);
INSERT INTO transporte(noPlacas,marca,modelo,esMotocicleta,esBicicleta,noLicencia) VALUES ('292HKI','BMW','italika',true,false,'RAHTTLIUKC');
INSERT INTO transporte(noPlacas,marca,modelo,esMotocicleta,esBicicleta,noLicencia) VALUES ('294PMI','Audi','harley-davison',true,false,'BVJBVMSJVJ');
INSERT INTO transporte(noPlacas,marca,modelo,esMotocicleta,esBicicleta,noLicencia) VALUES ('426HLP','Porsche','yamaha',true,true,'AGNOAVHXDX');
INSERT INTO transporte(noPlacas,marca,modelo,esMotocicleta,esBicicleta,noLicencia) VALUES ('868DNV','Toyota','yamaha',false,false,NULL);
INSERT INTO transporte(noPlacas,marca,modelo,esMotocicleta,esBicicleta,noLicencia) VALUES ('229LRG','Dodge','italika',false,true,NULL);
INSERT INTO transporte(noPlacas,marca,modelo,esMotocicleta,esBicicleta,noLicencia) VALUES ('856NEE','Suzuki','yamaha',false,false,NULL);
INSERT INTO transporte(noPlacas,marca,modelo,esMotocicleta,esBicicleta,noLicencia) VALUES ('127TVM','Alfa Romeo','italika',true,false,'GTSPKCXZHO');
INSERT INTO transporte(noPlacas,marca,modelo,esMotocicleta,esBicicleta,noLicencia) VALUES ('597XMB','Dodge','harley-davison',false,true,NULL);
INSERT INTO transporte(noPlacas,marca,modelo,esMotocicleta,esBicicleta,noLicencia) VALUES ('348PLX','Maserati','harley-davison',true,true,'QHIIKDXJPT');
INSERT INTO transporte(noPlacas,marca,modelo,esMotocicleta,esBicicleta,noLicencia) VALUES ('765SJI','Toyota','harley-davison',false,false,NULL);
INSERT INTO transporte(noPlacas,marca,modelo,esMotocicleta,esBicicleta,noLicencia) VALUES ('632TWM','Infiniti','italika',true,false,'YBJCSYSHER');
INSERT INTO transporte(noPlacas,marca,modelo,esMotocicleta,esBicicleta,noLicencia) VALUES ('322ZNH','Chevrolet','yamaha',false,false,NULL);
INSERT INTO transporte(noPlacas,marca,modelo,esMotocicleta,esBicicleta,noLicencia) VALUES ('388NHZ','Chrysler','harley-davison',false,false,NULL);
INSERT INTO transporte(noPlacas,marca,modelo,esMotocicleta,esBicicleta,noLicencia) VALUES ('028BFG','Infiniti','italika',false,false,NULL);
INSERT INTO transporte(noPlacas,marca,modelo,esMotocicleta,esBicicleta,noLicencia) VALUES ('372BCY','Subaru','yamaha',false,true,NULL);
INSERT INTO transporte(noPlacas,marca,modelo,esMotocicleta,esBicicleta,noLicencia) VALUES ('595TOE','Ford','yamaha',true,true,'TUDCPWCJHA');
INSERT INTO transporte(noPlacas,marca,modelo,esMotocicleta,esBicicleta,noLicencia) VALUES ('536PLF','Mitsubishi','harley-davison',true,false,'EFPBPNPYAR');
INSERT INTO transporte(noPlacas,marca,modelo,esMotocicleta,esBicicleta,noLicencia) VALUES ('309YYG','Cadillac','italika',true,false,'FWMQPFZYES');
INSERT INTO transporte(noPlacas,marca,modelo,esMotocicleta,esBicicleta,noLicencia) VALUES ('860KPX','Pontiac','harley-davison',false,false,NULL);
INSERT INTO transporte(noPlacas,marca,modelo,esMotocicleta,esBicicleta,noLicencia) VALUES ('776UOL','Audi','italika',true,true,'GFUVMROISD');
INSERT INTO transporte(noPlacas,marca,modelo,esMotocicleta,esBicicleta,noLicencia) VALUES ('747AOK','BMW','yamaha',true,true,'DMTQYMNBAG');
INSERT INTO transporte(noPlacas,marca,modelo,esMotocicleta,esBicicleta,noLicencia) VALUES ('917TVS','BMW','harley-davison',true,true,'JRLEJPWPTG');
INSERT INTO transporte(noPlacas,marca,modelo,esMotocicleta,esBicicleta,noLicencia) VALUES ('758ZUF','Dodge','italika',true,true,'BOBHINTSKJ');
INSERT INTO transporte(noPlacas,marca,modelo,esMotocicleta,esBicicleta,noLicencia) VALUES ('122CWV','Mercury','harley-davison',false,false,NULL);
INSERT INTO transporte(noPlacas,marca,modelo,esMotocicleta,esBicicleta,noLicencia) VALUES ('029AIY','Lincoln','harley-davison',false,true,NULL);
INSERT INTO transporte(noPlacas,marca,modelo,esMotocicleta,esBicicleta,noLicencia) VALUES ('585QLL','GMC','italika',true,false,'AHCHXCYKRB');
INSERT INTO transporte(noPlacas,marca,modelo,esMotocicleta,esBicicleta,noLicencia) VALUES ('690CUL','Dodge','yamaha',true,false,'HOWYWAIOEJ');
INSERT INTO transporte(noPlacas,marca,modelo,esMotocicleta,esBicicleta,noLicencia) VALUES ('186TWM','Lexus','italika',false,false,NULL);
INSERT INTO transporte(noPlacas,marca,modelo,esMotocicleta,esBicicleta,noLicencia) VALUES ('378YOM','Kia','italika',false,false,NULL);
INSERT INTO transporte(noPlacas,marca,modelo,esMotocicleta,esBicicleta,noLicencia) VALUES ('046ZNS','Volkswagen','italika',true,false,'KUXVQGJYEK');
INSERT INTO transporte(noPlacas,marca,modelo,esMotocicleta,esBicicleta,noLicencia) VALUES ('318XLZ','Pontiac','yamaha',true,false,'ZTTVFTDSKN');
INSERT INTO transporte(noPlacas,marca,modelo,esMotocicleta,esBicicleta,noLicencia) VALUES ('300DGR','Lexus','harley-davison',false,true,NULL);
INSERT INTO transporte(noPlacas,marca,modelo,esMotocicleta,esBicicleta,noLicencia) VALUES ('870UTS','Maybach','italika',true,true,'LIUXMGKIZN');
INSERT INTO transporte(noPlacas,marca,modelo,esMotocicleta,esBicicleta,noLicencia) VALUES ('548OZI','Mitsubishi','harley-davison',false,true,NULL);
INSERT INTO transporte(noPlacas,marca,modelo,esMotocicleta,esBicicleta,noLicencia) VALUES ('755SDE','Chevrolet','harley-davison',false,true,NULL);
INSERT INTO transporte(noPlacas,marca,modelo,esMotocicleta,esBicicleta,noLicencia) VALUES ('122CWM','Volkswagen','harley-davison',true,true,'DIRJATHFDG');
INSERT INTO transporte(noPlacas,marca,modelo,esMotocicleta,esBicicleta,noLicencia) VALUES ('833GFK','Land Rover','italika',false,false,NULL);
INSERT INTO transporte(noPlacas,marca,modelo,esMotocicleta,esBicicleta,noLicencia) VALUES ('211ZJG','Mazda','harley-davison',true,true,'XAPAQVFXCP');
INSERT INTO transporte(noPlacas,marca,modelo,esMotocicleta,esBicicleta,noLicencia) VALUES ('927ITR','Chrysler','harley-davison',true,false,'HITPZMQHJQ');
INSERT INTO transporte(noPlacas,marca,modelo,esMotocicleta,esBicicleta,noLicencia) VALUES ('559VVX','BMW','italika',true,false,'DVPKTFZHOA');
INSERT INTO transporte(noPlacas,marca,modelo,esMotocicleta,esBicicleta,noLicencia) VALUES ('714XKY','Ford','harley-davison',false,true,NULL);
INSERT INTO transporte(noPlacas,marca,modelo,esMotocicleta,esBicicleta,noLicencia) VALUES ('947VVD','Buick','yamaha',true,false,'XAFBJBTJHJ');
INSERT INTO transporte(noPlacas,marca,modelo,esMotocicleta,esBicicleta,noLicencia) VALUES ('382IFJ','Ford','harley-davison',false,false,NULL);
INSERT INTO transporte(noPlacas,marca,modelo,esMotocicleta,esBicicleta,noLicencia) VALUES ('426SQH','Ford','harley-davison',true,true,'NQWISNLPOU');
INSERT INTO transporte(noPlacas,marca,modelo,esMotocicleta,esBicicleta,noLicencia) VALUES ('822KVM','Acura','italika',true,false,'IHXTNZKLNW');
INSERT INTO transporte(noPlacas,marca,modelo,esMotocicleta,esBicicleta,noLicencia) VALUES ('459NMW','Volkswagen','harley-davison',false,false,NULL);
INSERT INTO transporte(noPlacas,marca,modelo,esMotocicleta,esBicicleta,noLicencia) VALUES ('949OVK','GMC','yamaha',true,false,'NSKESZAVBJ');
INSERT INTO transporte(noPlacas,marca,modelo,esMotocicleta,esBicicleta,noLicencia) VALUES ('595FFP','Ford','harley-davison',false,true,NULL);
INSERT INTO transporte(noPlacas,marca,modelo,esMotocicleta,esBicicleta,noLicencia) VALUES ('959QYW','Volkswagen','harley-davison',false,true,NULL);
INSERT INTO transporte(noPlacas,marca,modelo,esMotocicleta,esBicicleta,noLicencia) VALUES ('817ORK','Chrysler','harley-davison',true,true,'DHKDCAWXST');
INSERT INTO transporte(noPlacas,marca,modelo,esMotocicleta,esBicicleta,noLicencia) VALUES ('760HXT','Toyota','italika',true,false,'BMGHOEISJJ');
INSERT INTO transporte(noPlacas,marca,modelo,esMotocicleta,esBicicleta,noLicencia) VALUES ('951PDU','Bentley','yamaha',true,true,'KYADFZBECX');
INSERT INTO transporte(noPlacas,marca,modelo,esMotocicleta,esBicicleta,noLicencia) VALUES ('222EHL','Toyota','italika',false,false,NULL);
INSERT INTO transporte(noPlacas,marca,modelo,esMotocicleta,esBicicleta,noLicencia) VALUES ('657EVK','Toyota','yamaha',true,false,'GBHWMYESFV');
INSERT INTO transporte(noPlacas,marca,modelo,esMotocicleta,esBicicleta,noLicencia) VALUES ('104CXT','Plymouth','harley-davison',false,true,NULL);
INSERT INTO transporte(noPlacas,marca,modelo,esMotocicleta,esBicicleta,noLicencia) VALUES ('589MOS','Ford','italika',false,false,NULL);
INSERT INTO transporte(noPlacas,marca,modelo,esMotocicleta,esBicicleta,noLicencia) VALUES ('774OXN','GMC','harley-davison',true,false,'DAMBVKNUWH');
INSERT INTO transporte(noPlacas,marca,modelo,esMotocicleta,esBicicleta,noLicencia) VALUES ('163SUU','Toyota','italika',true,false,'FRUGJWBOZG');
INSERT INTO transporte(noPlacas,marca,modelo,esMotocicleta,esBicicleta,noLicencia) VALUES ('447UYU','Mercury','harley-davison',true,false,'XMZCPVRUGU');
INSERT INTO transporte(noPlacas,marca,modelo,esMotocicleta,esBicicleta,noLicencia) VALUES ('563MSJ','Dodge','italika',true,false,'UCUJMVWMPL');
INSERT INTO transporte(noPlacas,marca,modelo,esMotocicleta,esBicicleta,noLicencia) VALUES ('544YDC','Mitsubishi','yamaha',true,false,'OREEYABFGC');
INSERT INTO transporte(noPlacas,marca,modelo,esMotocicleta,esBicicleta,noLicencia) VALUES ('455VXJ','Jeep','harley-davison',true,false,'SARLGRAAUV');
INSERT INTO transporte(noPlacas,marca,modelo,esMotocicleta,esBicicleta,noLicencia) VALUES ('740SAD','Volkswagen','harley-davison',true,false,'XLNYJGLVJZ');
INSERT INTO transporte(noPlacas,marca,modelo,esMotocicleta,esBicicleta,noLicencia) VALUES ('372RYS','Hyundai','yamaha',false,true,NULL);
INSERT INTO transporte(noPlacas,marca,modelo,esMotocicleta,esBicicleta,noLicencia) VALUES ('190CWS','Aston Martin','yamaha',false,false,NULL);
INSERT INTO transporte(noPlacas,marca,modelo,esMotocicleta,esBicicleta,noLicencia) VALUES ('748JSA','Audi','italika',true,false,'WNNJIRHXFX');
INSERT INTO transporte(noPlacas,marca,modelo,esMotocicleta,esBicicleta,noLicencia) VALUES ('556PMZ','Ford','harley-davison',false,false,NULL);
INSERT INTO transporte(noPlacas,marca,modelo,esMotocicleta,esBicicleta,noLicencia) VALUES ('715TRD','Land Rover','italika',false,false,NULL);
INSERT INTO transporte(noPlacas,marca,modelo,esMotocicleta,esBicicleta,noLicencia) VALUES ('142LEX','Subaru','harley-davison',false,false,NULL);
INSERT INTO transporte(noPlacas,marca,modelo,esMotocicleta,esBicicleta,noLicencia) VALUES ('868XCT','Chevrolet','harley-davison',true,false,'JJTQCBBRLC');
INSERT INTO transporte(noPlacas,marca,modelo,esMotocicleta,esBicicleta,noLicencia) VALUES ('982QWL','Mitsubishi','italika',true,false,'UHCQVZRXSY');
INSERT INTO transporte(noPlacas,marca,modelo,esMotocicleta,esBicicleta,noLicencia) VALUES ('817TKU','Mercury','italika',false,false,NULL);
INSERT INTO transporte(noPlacas,marca,modelo,esMotocicleta,esBicicleta,noLicencia) VALUES ('424BBT','Lincoln','yamaha',true,false,'GKOXTCTHUY');
INSERT INTO transporte(noPlacas,marca,modelo,esMotocicleta,esBicicleta,noLicencia) VALUES ('974XVX','Mercedes-Benz','yamaha',false,true,NULL);
INSERT INTO transporte(noPlacas,marca,modelo,esMotocicleta,esBicicleta,noLicencia) VALUES ('535XGN','Audi','harley-davison',false,false,NULL);
INSERT INTO transporte(noPlacas,marca,modelo,esMotocicleta,esBicicleta,noLicencia) VALUES ('464NKW','Cadillac','harley-davison',true,false,'GCIHJFSGGB');
INSERT INTO transporte(noPlacas,marca,modelo,esMotocicleta,esBicicleta,noLicencia) VALUES ('411KTU','Ford','yamaha',true,true,'SIMFTYLYAX');
INSERT INTO transporte(noPlacas,marca,modelo,esMotocicleta,esBicicleta,noLicencia) VALUES ('079VBH','GMC','harley-davison',true,false,'NLPEVKGZFU');
INSERT INTO transporte(noPlacas,marca,modelo,esMotocicleta,esBicicleta,noLicencia) VALUES ('546OBJ','Buick','yamaha',false,true,NULL);
INSERT INTO transporte(noPlacas,marca,modelo,esMotocicleta,esBicicleta,noLicencia) VALUES ('096IAZ','Lincoln','yamaha',false,true,NULL);
INSERT INTO transporte(noPlacas,marca,modelo,esMotocicleta,esBicicleta,noLicencia) VALUES ('525WPP','Volkswagen','italika',false,false,NULL);
INSERT INTO transporte(noPlacas,marca,modelo,esMotocicleta,esBicicleta,noLicencia) VALUES ('919OFH','Plymouth','yamaha',true,false,'ZXVEPVHEDE');
INSERT INTO transporte(noPlacas,marca,modelo,esMotocicleta,esBicicleta,noLicencia) VALUES ('736AQE','Toyota','yamaha',false,true,NULL);
INSERT INTO transporte(noPlacas,marca,modelo,esMotocicleta,esBicicleta,noLicencia) VALUES ('543HUF','Nissan','yamaha',false,false,NULL);
INSERT INTO transporte(noPlacas,marca,modelo,esMotocicleta,esBicicleta,noLicencia) VALUES ('671UOZ','Mazda','yamaha',false,true,NULL);
INSERT INTO transporte(noPlacas,marca,modelo,esMotocicleta,esBicicleta,noLicencia) VALUES ('673WIV','Mitsubishi','yamaha',true,false,'RQAUMYVUXZ');
INSERT INTO transporte(noPlacas,marca,modelo,esMotocicleta,esBicicleta,noLicencia) VALUES ('575HVY','Mazda','italika',true,true,'ZRMUYDXFXF');
INSERT INTO transporte(noPlacas,marca,modelo,esMotocicleta,esBicicleta,noLicencia) VALUES ('017BJA','Toyota','italika',true,false,'PDMKCNYYLL');
INSERT INTO transporte(noPlacas,marca,modelo,esMotocicleta,esBicicleta,noLicencia) VALUES ('308IIB','Jeep','harley-davison',true,true,'RMFQTSSUKE');
INSERT INTO transporte(noPlacas,marca,modelo,esMotocicleta,esBicicleta,noLicencia) VALUES ('456IGY','GMC','italika',true,false,'JSQPXZLTEY');
INSERT INTO transporte(noPlacas,marca,modelo,esMotocicleta,esBicicleta,noLicencia) VALUES ('038DKH','Jaguar','italika',false,true,NULL);
INSERT INTO transporte(noPlacas,marca,modelo,esMotocicleta,esBicicleta,noLicencia) VALUES ('422MDG','Bentley','yamaha',false,true,NULL);
INSERT INTO transporte(noPlacas,marca,modelo,esMotocicleta,esBicicleta,noLicencia) VALUES ('487LNC','Land Rover','harley-davison',true,true,'YZDPCKCIAB');
INSERT INTO transporte(noPlacas,marca,modelo,esMotocicleta,esBicicleta,noLicencia) VALUES ('635GPM','Dodge','yamaha',true,false,'OXJYKXDIXR');
INSERT INTO transporte(noPlacas,marca,modelo,esMotocicleta,esBicicleta,noLicencia) VALUES ('096NXN','Chevrolet','harley-davison',false,true,NULL);
INSERT INTO transporte(noPlacas,marca,modelo,esMotocicleta,esBicicleta,noLicencia) VALUES ('558WYY','BMW','harley-davison',true,false,'EBCWEOAEDM');
INSERT INTO transporte(noPlacas,marca,modelo,esMotocicleta,esBicicleta,noLicencia) VALUES ('686IZU','Lexus','harley-davison',false,true,NULL);
INSERT INTO transporte(noPlacas,marca,modelo,esMotocicleta,esBicicleta,noLicencia) VALUES ('140KEJ','Buick','italika',false,true,NULL);
INSERT INTO transporte(noPlacas,marca,modelo,esMotocicleta,esBicicleta,noLicencia) VALUES ('753VZY','Chrysler','harley-davison',true,true,'OYYHAYETXZ');
INSERT INTO transporte(noPlacas,marca,modelo,esMotocicleta,esBicicleta,noLicencia) VALUES ('213UIJ','Cadillac','italika',false,true,NULL);
INSERT INTO transporte(noPlacas,marca,modelo,esMotocicleta,esBicicleta,noLicencia) VALUES ('335TZM','Volkswagen','yamaha',true,true,'WGUJWKRRGB');
INSERT INTO transporte(noPlacas,marca,modelo,esMotocicleta,esBicicleta,noLicencia) VALUES ('194HTE','Hummer','yamaha',false,false,NULL);
INSERT INTO transporte(noPlacas,marca,modelo,esMotocicleta,esBicicleta,noLicencia) VALUES ('988QOG','Suzuki','italika',true,true,'RGHUKRADAW');
INSERT INTO transporte(noPlacas,marca,modelo,esMotocicleta,esBicicleta,noLicencia) VALUES ('933FHZ','Mercedes-Benz','yamaha',false,false,NULL);
INSERT INTO transporte(noPlacas,marca,modelo,esMotocicleta,esBicicleta,noLicencia) VALUES ('354WWM','GMC','italika',true,true,'NCOHJBIJST');
INSERT INTO transporte(noPlacas,marca,modelo,esMotocicleta,esBicicleta,noLicencia) VALUES ('085YVG','Jaguar','yamaha',true,true,'SYPCGTHHZP');
INSERT INTO transporte(noPlacas,marca,modelo,esMotocicleta,esBicicleta,noLicencia) VALUES ('852TIO','Chevrolet','yamaha',false,true,NULL);
INSERT INTO transporte(noPlacas,marca,modelo,esMotocicleta,esBicicleta,noLicencia) VALUES ('543FYI','Suzuki','yamaha',false,false,NULL);
INSERT INTO transporte(noPlacas,marca,modelo,esMotocicleta,esBicicleta,noLicencia) VALUES ('288DUJ','Nissan','harley-davison',false,false,NULL);
INSERT INTO transporte(noPlacas,marca,modelo,esMotocicleta,esBicicleta,noLicencia) VALUES ('113LMZ','Saturn','harley-davison',false,true,NULL);
INSERT INTO transporte(noPlacas,marca,modelo,esMotocicleta,esBicicleta,noLicencia) VALUES ('795ZPY','Chevrolet','yamaha',true,true,'KHKRUTAHFB');
INSERT INTO transporte(noPlacas,marca,modelo,esMotocicleta,esBicicleta,noLicencia) VALUES ('546OHY','Mazda','yamaha',true,false,'OAAMSJDMLQ');
INSERT INTO transporte(noPlacas,marca,modelo,esMotocicleta,esBicicleta,noLicencia) VALUES ('977CTM','Maserati','yamaha',true,true,'OAJDHESMKS');
INSERT INTO transporte(noPlacas,marca,modelo,esMotocicleta,esBicicleta,noLicencia) VALUES ('885RZX','Mercedes-Benz','italika',false,false,NULL);
INSERT INTO transporte(noPlacas,marca,modelo,esMotocicleta,esBicicleta,noLicencia) VALUES ('872VPC','Volvo','harley-davison',false,true,NULL);
INSERT INTO transporte(noPlacas,marca,modelo,esMotocicleta,esBicicleta,noLicencia) VALUES ('202OPR','Dodge','harley-davison',true,false,'DYNCQQWPPM');
INSERT INTO transporte(noPlacas,marca,modelo,esMotocicleta,esBicicleta,noLicencia) VALUES ('048IAK','Jaguar','yamaha',true,true,'NIIPDDJGDA');
INSERT INTO transporte(noPlacas,marca,modelo,esMotocicleta,esBicicleta,noLicencia) VALUES ('119LUR','Volvo','yamaha',true,false,'LORJZHAFQA');
INSERT INTO transporte(noPlacas,marca,modelo,esMotocicleta,esBicicleta,noLicencia) VALUES ('983QFD','Volkswagen','harley-davison',false,false,NULL);
INSERT INTO transporte(noPlacas,marca,modelo,esMotocicleta,esBicicleta,noLicencia) VALUES ('047YJW','Mitsubishi','italika',true,false,'MFFTBDIXYV');
INSERT INTO transporte(noPlacas,marca,modelo,esMotocicleta,esBicicleta,noLicencia) VALUES ('862AFE','Lotus','harley-davison',false,false,NULL);
INSERT INTO transporte(noPlacas,marca,modelo,esMotocicleta,esBicicleta,noLicencia) VALUES ('613ABU','Dodge','yamaha',true,false,'DBFPPYIWWD');
INSERT INTO transporte(noPlacas,marca,modelo,esMotocicleta,esBicicleta,noLicencia) VALUES ('742BJG','Cadillac','harley-davison',false,false,NULL);
INSERT INTO transporte(noPlacas,marca,modelo,esMotocicleta,esBicicleta,noLicencia) VALUES ('419UYJ','Mitsubishi','harley-davison',true,false,'CVSXPNXUNQ');
INSERT INTO transporte(noPlacas,marca,modelo,esMotocicleta,esBicicleta,noLicencia) VALUES ('747LYS','Audi','yamaha',false,true,NULL);
INSERT INTO transporte(noPlacas,marca,modelo,esMotocicleta,esBicicleta,noLicencia) VALUES ('298FOI','Hyundai','italika',true,true,'IUTSOXHGQD');
INSERT INTO transporte(noPlacas,marca,modelo,esMotocicleta,esBicicleta,noLicencia) VALUES ('612BIP','Suzuki','harley-davison',true,false,'DCKPPXTBML');
INSERT INTO transporte(noPlacas,marca,modelo,esMotocicleta,esBicicleta,noLicencia) VALUES ('608MVC','Ford','italika',true,true,'TPVEQOZZZP');
INSERT INTO transporte(noPlacas,marca,modelo,esMotocicleta,esBicicleta,noLicencia) VALUES ('854WOW','Infiniti','yamaha',true,false,'VLMXOMJEPD');
INSERT INTO transporte(noPlacas,marca,modelo,esMotocicleta,esBicicleta,noLicencia) VALUES ('925BDF','MINI','italika',false,false,NULL);
INSERT INTO transporte(noPlacas,marca,modelo,esMotocicleta,esBicicleta,noLicencia) VALUES ('962WPB','Mazda','yamaha',false,true,NULL);
INSERT INTO transporte(noPlacas,marca,modelo,esMotocicleta,esBicicleta,noLicencia) VALUES ('622QAQ','Subaru','italika',true,false,'NAJPTDZIEQ');
INSERT INTO transporte(noPlacas,marca,modelo,esMotocicleta,esBicicleta,noLicencia) VALUES ('487PKB','Chevrolet','yamaha',false,true,NULL);
INSERT INTO transporte(noPlacas,marca,modelo,esMotocicleta,esBicicleta,noLicencia) VALUES ('054SII','Mazda','yamaha',true,false,'CZUHFCMUUN');
INSERT INTO transporte(noPlacas,marca,modelo,esMotocicleta,esBicicleta,noLicencia) VALUES ('029QOV','Lexus','harley-davison',false,false,NULL);
INSERT INTO transporte(noPlacas,marca,modelo,esMotocicleta,esBicicleta,noLicencia) VALUES ('980CZN','Honda','italika',true,false,'WLLXFTMHUA');
INSERT INTO transporte(noPlacas,marca,modelo,esMotocicleta,esBicicleta,noLicencia) VALUES ('610EUM','Nissan','yamaha',true,true,'VXTMBVLVWV');
INSERT INTO transporte(noPlacas,marca,modelo,esMotocicleta,esBicicleta,noLicencia) VALUES ('102JSI','Audi','italika',true,false,'LGFWPPVNZQ');
INSERT INTO transporte(noPlacas,marca,modelo,esMotocicleta,esBicicleta,noLicencia) VALUES ('720DUV','Oldsmobile','italika',false,true,NULL);
INSERT INTO transporte(noPlacas,marca,modelo,esMotocicleta,esBicicleta,noLicencia) VALUES ('351UIQ','Ford','harley-davison',true,false,'GJGDMRDDNM');
INSERT INTO transporte(noPlacas,marca,modelo,esMotocicleta,esBicicleta,noLicencia) VALUES ('255PCR','Oldsmobile','italika',false,true,NULL);
INSERT INTO transporte(noPlacas,marca,modelo,esMotocicleta,esBicicleta,noLicencia) VALUES ('481SQJ','Nissan','yamaha',true,false,'RVUTVTOGIB');
INSERT INTO transporte(noPlacas,marca,modelo,esMotocicleta,esBicicleta,noLicencia) VALUES ('528JBV','Chevrolet','italika',true,false,'EOCIOBFUYL');
INSERT INTO transporte(noPlacas,marca,modelo,esMotocicleta,esBicicleta,noLicencia) VALUES ('457LON','Ford','italika',true,false,'XTHVJGKJXB');
INSERT INTO transporte(noPlacas,marca,modelo,esMotocicleta,esBicicleta,noLicencia) VALUES ('567MTJ','Suzuki','italika',true,true,'TJJLCEYZOO');
INSERT INTO transporte(noPlacas,marca,modelo,esMotocicleta,esBicicleta,noLicencia) VALUES ('941EME','Pontiac','yamaha',false,false,NULL);
INSERT INTO transporte(noPlacas,marca,modelo,esMotocicleta,esBicicleta,noLicencia) VALUES ('334TUW','Toyota','italika',true,true,'KVBZKSUJFD');
INSERT INTO transporte(noPlacas,marca,modelo,esMotocicleta,esBicicleta,noLicencia) VALUES ('910TKL','Kia','harley-davison',false,false,NULL);
INSERT INTO transporte(noPlacas,marca,modelo,esMotocicleta,esBicicleta,noLicencia) VALUES ('310IPJ','Chevrolet','harley-davison',true,true,'IJWAJFKMRN');
INSERT INTO transporte(noPlacas,marca,modelo,esMotocicleta,esBicicleta,noLicencia) VALUES ('608FLZ','Suzuki','yamaha',false,false,NULL);
INSERT INTO transporte(noPlacas,marca,modelo,esMotocicleta,esBicicleta,noLicencia) VALUES ('271APF','Mitsubishi','italika',true,false,'BMEFBJJXFP');
INSERT INTO transporte(noPlacas,marca,modelo,esMotocicleta,esBicicleta,noLicencia) VALUES ('363RWU','Jeep','italika',true,true,'SANEDBLOPZ');
INSERT INTO transporte(noPlacas,marca,modelo,esMotocicleta,esBicicleta,noLicencia) VALUES ('221IHQ','Mercedes-Benz','italika',false,false,NULL);
INSERT INTO transporte(noPlacas,marca,modelo,esMotocicleta,esBicicleta,noLicencia) VALUES ('020JOH','Ford','harley-davison',true,true,'MKFWCZOKMO');
INSERT INTO transporte(noPlacas,marca,modelo,esMotocicleta,esBicicleta,noLicencia) VALUES ('704DUD','Porsche','italika',false,true,NULL);
INSERT INTO transporte(noPlacas,marca,modelo,esMotocicleta,esBicicleta,noLicencia) VALUES ('712ZRX','Mercedes-Benz','yamaha',false,false,NULL);
INSERT INTO transporte(noPlacas,marca,modelo,esMotocicleta,esBicicleta,noLicencia) VALUES ('861WER','BMW','italika',true,true,'IMERKINZGJ');
INSERT INTO transporte(noPlacas,marca,modelo,esMotocicleta,esBicicleta,noLicencia) VALUES ('127UWZ','Pontiac','harley-davison',false,false,NULL);
INSERT INTO transporte(noPlacas,marca,modelo,esMotocicleta,esBicicleta,noLicencia) VALUES ('557SZA','Porsche','harley-davison',false,true,NULL);
INSERT INTO transporte(noPlacas,marca,modelo,esMotocicleta,esBicicleta,noLicencia) VALUES ('492FPI','Honda','harley-davison',false,false,NULL);
INSERT INTO transporte(noPlacas,marca,modelo,esMotocicleta,esBicicleta,noLicencia) VALUES ('048XPS','Scion','italika',true,true,'TKNCLXJLMR');
INSERT INTO transporte(noPlacas,marca,modelo,esMotocicleta,esBicicleta,noLicencia) VALUES ('586ZPV','Hyundai','yamaha',false,true,NULL);
INSERT INTO transporte(noPlacas,marca,modelo,esMotocicleta,esBicicleta,noLicencia) VALUES ('488XYP','Cadillac','italika',true,false,'MEEHACNSXR');
INSERT INTO transporte(noPlacas,marca,modelo,esMotocicleta,esBicicleta,noLicencia) VALUES ('907MLX','Infiniti','italika',false,true,NULL);
INSERT INTO transporte(noPlacas,marca,modelo,esMotocicleta,esBicicleta,noLicencia) VALUES ('725QOA','Suzuki','italika',false,true,NULL);
INSERT INTO transporte(noPlacas,marca,modelo,esMotocicleta,esBicicleta,noLicencia) VALUES ('364UMR','Kia','italika',true,false,'XMYSMZULJA');
INSERT INTO transporte(noPlacas,marca,modelo,esMotocicleta,esBicicleta,noLicencia) VALUES ('917PZY','Lexus','harley-davison',true,true,'CCYFTNBJIZ');
INSERT INTO transporte(noPlacas,marca,modelo,esMotocicleta,esBicicleta,noLicencia) VALUES ('487GYY','Mazda','yamaha',false,false,NULL);
INSERT INTO transporte(noPlacas,marca,modelo,esMotocicleta,esBicicleta,noLicencia) VALUES ('412KLY','Ford','harley-davison',false,false,NULL);
INSERT INTO transporte(noPlacas,marca,modelo,esMotocicleta,esBicicleta,noLicencia) VALUES ('161IMY','Mazda','harley-davison',false,false,NULL);
INSERT INTO transporte(noPlacas,marca,modelo,esMotocicleta,esBicicleta,noLicencia) VALUES ('788BYD','Chevrolet','italika',true,false,'YYSVPHAQVR');
INSERT INTO transporte(noPlacas,marca,modelo,esMotocicleta,esBicicleta,noLicencia) VALUES ('014ZEK','Toyota','harley-davison',true,true,'QDEIZPBCTG');
INSERT INTO transporte(noPlacas,marca,modelo,esMotocicleta,esBicicleta,noLicencia) VALUES ('395PNI','Toyota','italika',true,true,'KZXBXDETFY');
INSERT INTO transporte(noPlacas,marca,modelo,esMotocicleta,esBicicleta,noLicencia) VALUES ('582SBQ','Mazda','italika',true,true,'VMOPHPAUZE');
INSERT INTO transporte(noPlacas,marca,modelo,esMotocicleta,esBicicleta,noLicencia) VALUES ('472VUO','Pontiac','harley-davison',true,false,'NDQUOCZRZN');
INSERT INTO transporte(noPlacas,marca,modelo,esMotocicleta,esBicicleta,noLicencia) VALUES ('974OFH','Ford','italika',true,true,'LXPYKDXBHE');
INSERT INTO transporte(noPlacas,marca,modelo,esMotocicleta,esBicicleta,noLicencia) VALUES ('774DCF','Mercury','harley-davison',false,false,NULL);
INSERT INTO transporte(noPlacas,marca,modelo,esMotocicleta,esBicicleta,noLicencia) VALUES ('647RLK','Ford','harley-davison',false,true,NULL);
INSERT INTO transporte(noPlacas,marca,modelo,esMotocicleta,esBicicleta,noLicencia) VALUES ('816ZZN','Chevrolet','yamaha',false,true,NULL);
INSERT INTO transporte(noPlacas,marca,modelo,esMotocicleta,esBicicleta,noLicencia) VALUES ('902PSA','Chevrolet','italika',true,true,'UFXRFNDLRK');
INSERT INTO transporte(noPlacas,marca,modelo,esMotocicleta,esBicicleta,noLicencia) VALUES ('986ITR','Isuzu','harley-davison',true,false,'CJSZKIXBPZ');
INSERT INTO transporte(noPlacas,marca,modelo,esMotocicleta,esBicicleta,noLicencia) VALUES ('815HBV','Toyota','italika',false,true,NULL);
INSERT INTO transporte(noPlacas,marca,modelo,esMotocicleta,esBicicleta,noLicencia) VALUES ('099ICB','Chevrolet','harley-davison',true,false,'SRDRSKTKQN');
INSERT INTO transporte(noPlacas,marca,modelo,esMotocicleta,esBicicleta,noLicencia) VALUES ('013IUD','MINI','yamaha',true,true,'SUEJRZLFTJ');
INSERT INTO transporte(noPlacas,marca,modelo,esMotocicleta,esBicicleta,noLicencia) VALUES ('436HPW','Lotus','italika',false,false,NULL);
INSERT INTO transporte(noPlacas,marca,modelo,esMotocicleta,esBicicleta,noLicencia) VALUES ('354CVH','Jaguar','italika',false,true,NULL);
INSERT INTO transporte(noPlacas,marca,modelo,esMotocicleta,esBicicleta,noLicencia) VALUES ('418DZJ','Hummer','italika',false,true,NULL);
INSERT INTO transporte(noPlacas,marca,modelo,esMotocicleta,esBicicleta,noLicencia) VALUES ('077SDS','Infiniti','yamaha',false,false,NULL);
INSERT INTO transporte(noPlacas,marca,modelo,esMotocicleta,esBicicleta,noLicencia) VALUES ('603HGY','Plymouth','harley-davison',false,true,NULL);
INSERT INTO transporte(noPlacas,marca,modelo,esMotocicleta,esBicicleta,noLicencia) VALUES ('505NIC','Volkswagen','yamaha',true,true,'DOOQUTECZT');
INSERT INTO transporte(noPlacas,marca,modelo,esMotocicleta,esBicicleta,noLicencia) VALUES ('124MRH','Ford','yamaha',true,true,'SACEVQCMCV');
INSERT INTO transporte(noPlacas,marca,modelo,esMotocicleta,esBicicleta,noLicencia) VALUES ('267AMJ','Land Rover','italika',false,true,NULL);
INSERT INTO transporte(noPlacas,marca,modelo,esMotocicleta,esBicicleta,noLicencia) VALUES ('929PEE','Chevrolet','harley-davison',false,false,NULL);
INSERT INTO transporte(noPlacas,marca,modelo,esMotocicleta,esBicicleta,noLicencia) VALUES ('065ANZ','Mercedes-Benz','italika',false,false,NULL);
INSERT INTO transporte(noPlacas,marca,modelo,esMotocicleta,esBicicleta,noLicencia) VALUES ('277UDL','Buick','yamaha',true,false,'QTAROVEFYK');
INSERT INTO transporte(noPlacas,marca,modelo,esMotocicleta,esBicicleta,noLicencia) VALUES ('482JFL','Chevrolet','yamaha',false,true,NULL);
INSERT INTO transporte(noPlacas,marca,modelo,esMotocicleta,esBicicleta,noLicencia) VALUES ('412USL','Dodge','harley-davison',false,true,NULL);
INSERT INTO transporte(noPlacas,marca,modelo,esMotocicleta,esBicicleta,noLicencia) VALUES ('102ATW','Mercedes-Benz','italika',true,false,'CDNEKIIKGD');
INSERT INTO transporte(noPlacas,marca,modelo,esMotocicleta,esBicicleta,noLicencia) VALUES ('733BKN','Mazda','harley-davison',true,true,'YQNQWZXBNB');
INSERT INTO transporte(noPlacas,marca,modelo,esMotocicleta,esBicicleta,noLicencia) VALUES ('536HCV','Land Rover','harley-davison',true,false,'NPIWWTQTAF');
INSERT INTO transporte(noPlacas,marca,modelo,esMotocicleta,esBicicleta,noLicencia) VALUES ('991QIA','Acura','yamaha',true,true,'BZHZYMCQEC');
INSERT INTO transporte(noPlacas,marca,modelo,esMotocicleta,esBicicleta,noLicencia) VALUES ('972ZJZ','Dodge','yamaha',true,false,'HLRBWHRFFT');
INSERT INTO transporte(noPlacas,marca,modelo,esMotocicleta,esBicicleta,noLicencia) VALUES ('544MVS','Chrysler','yamaha',false,false,NULL);
INSERT INTO transporte(noPlacas,marca,modelo,esMotocicleta,esBicicleta,noLicencia) VALUES ('461NLK','Kia','yamaha',true,true,'VBPQPYGHNR');
INSERT INTO transporte(noPlacas,marca,modelo,esMotocicleta,esBicicleta,noLicencia) VALUES ('878SJZ','Chevrolet','yamaha',false,true,NULL);
INSERT INTO transporte(noPlacas,marca,modelo,esMotocicleta,esBicicleta,noLicencia) VALUES ('959MJI','Mitsubishi','yamaha',true,true,'DKZLICFRJT');
INSERT INTO transporte(noPlacas,marca,modelo,esMotocicleta,esBicicleta,noLicencia) VALUES ('501JZY','BMW','yamaha',true,true,'PEILIVCLZI');
INSERT INTO transporte(noPlacas,marca,modelo,esMotocicleta,esBicicleta,noLicencia) VALUES ('051WDP','Lexus','harley-davison',false,false,NULL);
INSERT INTO transporte(noPlacas,marca,modelo,esMotocicleta,esBicicleta,noLicencia) VALUES ('702AJV','Acura','yamaha',false,false,NULL);
INSERT INTO transporte(noPlacas,marca,modelo,esMotocicleta,esBicicleta,noLicencia) VALUES ('439TYZ','Land Rover','italika',false,false,NULL);
INSERT INTO transporte(noPlacas,marca,modelo,esMotocicleta,esBicicleta,noLicencia) VALUES ('747QAR','Mercedes-Benz','harley-davison',false,true,NULL);
INSERT INTO transporte(noPlacas,marca,modelo,esMotocicleta,esBicicleta,noLicencia) VALUES ('133RAB','Mercury','harley-davison',true,false,'PMCYYTHGPH');
INSERT INTO transporte(noPlacas,marca,modelo,esMotocicleta,esBicicleta,noLicencia) VALUES ('433MLG','Dodge','harley-davison',false,false,NULL);
INSERT INTO transporte(noPlacas,marca,modelo,esMotocicleta,esBicicleta,noLicencia) VALUES ('502OWC','Mazda','harley-davison',false,false,NULL);
INSERT INTO transporte(noPlacas,marca,modelo,esMotocicleta,esBicicleta,noLicencia) VALUES ('271WQK','Dodge','yamaha',true,false,'CRBJVOGWYV');
INSERT INTO transporte(noPlacas,marca,modelo,esMotocicleta,esBicicleta,noLicencia) VALUES ('986ADC','GMC','yamaha',true,false,'FBUVPPJKOV');
INSERT INTO transporte(noPlacas,marca,modelo,esMotocicleta,esBicicleta,noLicencia) VALUES ('166FRZ','Mercury','italika',false,false,NULL);
INSERT INTO transporte(noPlacas,marca,modelo,esMotocicleta,esBicicleta,noLicencia) VALUES ('061QFG','Mercury','harley-davison',true,false,'VCREYFOQQB');
INSERT INTO transporte(noPlacas,marca,modelo,esMotocicleta,esBicicleta,noLicencia) VALUES ('672KYV','Scion','italika',false,false,NULL);
INSERT INTO transporte(noPlacas,marca,modelo,esMotocicleta,esBicicleta,noLicencia) VALUES ('818WHZ','Lexus','italika',true,false,'UZFKLWVVHB');
INSERT INTO transporte(noPlacas,marca,modelo,esMotocicleta,esBicicleta,noLicencia) VALUES ('167YAV','Porsche','italika',true,false,'OJFZNSGKKA');
INSERT INTO transporte(noPlacas,marca,modelo,esMotocicleta,esBicicleta,noLicencia) VALUES ('327GNQ','Plymouth','italika',true,true,'TCCVSTXQZQ');
INSERT INTO transporte(noPlacas,marca,modelo,esMotocicleta,esBicicleta,noLicencia) VALUES ('617HTF','Cadillac','italika',false,true,NULL);
INSERT INTO transporte(noPlacas,marca,modelo,esMotocicleta,esBicicleta,noLicencia) VALUES ('092QWY','Chevrolet','yamaha',true,true,'HHFKHKJPBI');
INSERT INTO transporte(noPlacas,marca,modelo,esMotocicleta,esBicicleta,noLicencia) VALUES ('777GUJ','Pontiac','italika',false,true,NULL);
INSERT INTO transporte(noPlacas,marca,modelo,esMotocicleta,esBicicleta,noLicencia) VALUES ('014HAV','Chevrolet','harley-davison',false,false,NULL);
INSERT INTO transporte(noPlacas,marca,modelo,esMotocicleta,esBicicleta,noLicencia) VALUES ('465WFS','Volvo','italika',true,false,'SVDEAPCRDE');
INSERT INTO transporte(noPlacas,marca,modelo,esMotocicleta,esBicicleta,noLicencia) VALUES ('521RDG','Ford','harley-davison',false,true,NULL);
INSERT INTO transporte(noPlacas,marca,modelo,esMotocicleta,esBicicleta,noLicencia) VALUES ('244GUK','Lincoln','harley-davison',true,false,'YGFPIBALOT');
INSERT INTO transporte(noPlacas,marca,modelo,esMotocicleta,esBicicleta,noLicencia) VALUES ('376NOM','Hyundai','harley-davison',true,true,'FOXUTMAPXO');
INSERT INTO transporte(noPlacas,marca,modelo,esMotocicleta,esBicicleta,noLicencia) VALUES ('602AGG','Mercury','harley-davison',true,true,'HBSKNXRRIK');
INSERT INTO transporte(noPlacas,marca,modelo,esMotocicleta,esBicicleta,noLicencia) VALUES ('729SFS','Maybach','italika',false,false,NULL);
INSERT INTO transporte(noPlacas,marca,modelo,esMotocicleta,esBicicleta,noLicencia) VALUES ('612KIC','Hyundai','yamaha',true,false,'GUMSVIGVUI');
INSERT INTO transporte(noPlacas,marca,modelo,esMotocicleta,esBicicleta,noLicencia) VALUES ('479BAP','Mercedes-Benz','yamaha',false,true,NULL);
INSERT INTO transporte(noPlacas,marca,modelo,esMotocicleta,esBicicleta,noLicencia) VALUES ('822QJT','Isuzu','italika',false,true,NULL);
INSERT INTO transporte(noPlacas,marca,modelo,esMotocicleta,esBicicleta,noLicencia) VALUES ('188FSR','Toyota','yamaha',true,false,'KKPISPKRZY');
INSERT INTO transporte(noPlacas,marca,modelo,esMotocicleta,esBicicleta,noLicencia) VALUES ('040ZJC','Chrysler','italika',true,false,'EOIAWJTRXV');
INSERT INTO transporte(noPlacas,marca,modelo,esMotocicleta,esBicicleta,noLicencia) VALUES ('586AWD','Volvo','yamaha',true,false,'LQLAUSJFTT');
INSERT INTO transporte(noPlacas,marca,modelo,esMotocicleta,esBicicleta,noLicencia) VALUES ('655JWS','Saab','italika',true,false,'ZNNWDVXFFS');
INSERT INTO transporte(noPlacas,marca,modelo,esMotocicleta,esBicicleta,noLicencia) VALUES ('820XSL','Lincoln','harley-davison',true,false,'ZPGHOFVYPH');
INSERT INTO transporte(noPlacas,marca,modelo,esMotocicleta,esBicicleta,noLicencia) VALUES ('981CWK','GMC','italika',true,false,'KCNIFDTHTX');
INSERT INTO transporte(noPlacas,marca,modelo,esMotocicleta,esBicicleta,noLicencia) VALUES ('617FKT','Lincoln','yamaha',true,true,'FVFTWGJJOM');
INSERT INTO transporte(noPlacas,marca,modelo,esMotocicleta,esBicicleta,noLicencia) VALUES ('355LLH','Oldsmobile','italika',false,true,NULL);
INSERT INTO transporte(noPlacas,marca,modelo,esMotocicleta,esBicicleta,noLicencia) VALUES ('062QKW','Volvo','italika',false,true,NULL);
INSERT INTO transporte(noPlacas,marca,modelo,esMotocicleta,esBicicleta,noLicencia) VALUES ('403JCV','Lexus','yamaha',false,true,NULL);
INSERT INTO transporte(noPlacas,marca,modelo,esMotocicleta,esBicicleta,noLicencia) VALUES ('969HHX','Mitsubishi','yamaha',false,false,NULL);
INSERT INTO transporte(noPlacas,marca,modelo,esMotocicleta,esBicicleta,noLicencia) VALUES ('299SYP','GMC','italika',true,false,'ZRMMAHJZAM');
INSERT INTO transporte(noPlacas,marca,modelo,esMotocicleta,esBicicleta,noLicencia) VALUES ('088HXV','Volvo','italika',false,true,NULL);
INSERT INTO transporte(noPlacas,marca,modelo,esMotocicleta,esBicicleta,noLicencia) VALUES ('276YSD','Chevrolet','yamaha',false,true,NULL);
INSERT INTO transporte(noPlacas,marca,modelo,esMotocicleta,esBicicleta,noLicencia) VALUES ('496MTM','Land Rover','harley-davison',true,true,'FAJBJYQKGD');
INSERT INTO transporte(noPlacas,marca,modelo,esMotocicleta,esBicicleta,noLicencia) VALUES ('402IRW','Subaru','italika',true,true,'CCDKZBGLYK');
INSERT INTO transporte(noPlacas,marca,modelo,esMotocicleta,esBicicleta,noLicencia) VALUES ('449UKO','Chevrolet','harley-davison',true,true,'SVKZCJPKVW');
INSERT INTO transporte(noPlacas,marca,modelo,esMotocicleta,esBicicleta,noLicencia) VALUES ('982JHZ','Chevrolet','italika',true,true,'DPMTCWLYII');
INSERT INTO transporte(noPlacas,marca,modelo,esMotocicleta,esBicicleta,noLicencia) VALUES ('231WYI','Subaru','yamaha',true,false,'MMKYJYMQXZ');
INSERT INTO transporte(noPlacas,marca,modelo,esMotocicleta,esBicicleta,noLicencia) VALUES ('211HPD','Audi','harley-davison',true,false,'FGCILNSBRH');
INSERT INTO transporte(noPlacas,marca,modelo,esMotocicleta,esBicicleta,noLicencia) VALUES ('104NHW','Mercedes-Benz','yamaha',true,false,'UYJIKJVPDK');
INSERT INTO transporte(noPlacas,marca,modelo,esMotocicleta,esBicicleta,noLicencia) VALUES ('405XJR','Pontiac','italika',true,false,'COCMSZFKJO');
INSERT INTO transporte(noPlacas,marca,modelo,esMotocicleta,esBicicleta,noLicencia) VALUES ('081TKG','Lincoln','italika',true,false,'TLUGAXOVJQ');
INSERT INTO transporte(noPlacas,marca,modelo,esMotocicleta,esBicicleta,noLicencia) VALUES ('749VKK','Kia','harley-davison',true,true,'GAVBKHROCD');
INSERT INTO transporte(noPlacas,marca,modelo,esMotocicleta,esBicicleta,noLicencia) VALUES ('045SHP','Ford','yamaha',false,false,NULL);
INSERT INTO transporte(noPlacas,marca,modelo,esMotocicleta,esBicicleta,noLicencia) VALUES ('948UUL','Kia','yamaha',true,false,'CUOZIPWSWU');
INSERT INTO transporte(noPlacas,marca,modelo,esMotocicleta,esBicicleta,noLicencia) VALUES ('507KUI','Cadillac','harley-davison',true,false,'XNNQCBMANP');
INSERT INTO transporte(noPlacas,marca,modelo,esMotocicleta,esBicicleta,noLicencia) VALUES ('066RYN','Land Rover','harley-davison',false,false,NULL);
INSERT INTO transporte(noPlacas,marca,modelo,esMotocicleta,esBicicleta,noLicencia) VALUES ('825INN','Ford','yamaha',false,false,NULL);
INSERT INTO transporte(noPlacas,marca,modelo,esMotocicleta,esBicicleta,noLicencia) VALUES ('136NSN','BMW','harley-davison',false,false,NULL);
INSERT INTO transporte(noPlacas,marca,modelo,esMotocicleta,esBicicleta,noLicencia) VALUES ('120LJM','Mitsubishi','harley-davison',true,false,'QLWWHMNCGX');
INSERT INTO transporte(noPlacas,marca,modelo,esMotocicleta,esBicicleta,noLicencia) VALUES ('671QPI','Volkswagen','harley-davison',false,true,NULL);
INSERT INTO transporte(noPlacas,marca,modelo,esMotocicleta,esBicicleta,noLicencia) VALUES ('129QLQ','Toyota','yamaha',true,false,'PTVZBMAVFC');
INSERT INTO transporte(noPlacas,marca,modelo,esMotocicleta,esBicicleta,noLicencia) VALUES ('989YVV','Toyota','harley-davison',false,false,NULL);
INSERT INTO transporte(noPlacas,marca,modelo,esMotocicleta,esBicicleta,noLicencia) VALUES ('411PMD','Pontiac','harley-davison',true,true,'VNLALARNBW');
INSERT INTO transporte(noPlacas,marca,modelo,esMotocicleta,esBicicleta,noLicencia) VALUES ('969CNZ','Mazda','italika',true,false,'CTVVZIPSRS');
INSERT INTO transporte(noPlacas,marca,modelo,esMotocicleta,esBicicleta,noLicencia) VALUES ('308GEQ','Mercury','harley-davison',true,true,'JOTTOWZBZI');
INSERT INTO transporte(noPlacas,marca,modelo,esMotocicleta,esBicicleta,noLicencia) VALUES ('377EAA','Ford','italika',false,true,NULL);
INSERT INTO transporte(noPlacas,marca,modelo,esMotocicleta,esBicicleta,noLicencia) VALUES ('966CYI','Volkswagen','italika',false,true,NULL);
INSERT INTO transporte(noPlacas,marca,modelo,esMotocicleta,esBicicleta,noLicencia) VALUES ('058ZTI','Nissan','yamaha',true,true,'POCNCRWBSM');
INSERT INTO transporte(noPlacas,marca,modelo,esMotocicleta,esBicicleta,noLicencia) VALUES ('543QRR','Mercury','harley-davison',false,true,NULL);
INSERT INTO transporte(noPlacas,marca,modelo,esMotocicleta,esBicicleta,noLicencia) VALUES ('360RAS','GMC','italika',true,true,'VEJPOYVBFN');
INSERT INTO transporte(noPlacas,marca,modelo,esMotocicleta,esBicicleta,noLicencia) VALUES ('783ABA','BMW','yamaha',true,true,'CQJSHSZAEZ');
INSERT INTO transporte(noPlacas,marca,modelo,esMotocicleta,esBicicleta,noLicencia) VALUES ('969PTA','Ford','harley-davison',true,true,'YKBTDQNHTW');
INSERT INTO transporte(noPlacas,marca,modelo,esMotocicleta,esBicicleta,noLicencia) VALUES ('105MMU','Maybach','yamaha',false,false,NULL);
INSERT INTO transporte(noPlacas,marca,modelo,esMotocicleta,esBicicleta,noLicencia) VALUES ('814CDD','Maybach','harley-davison',false,true,NULL);
INSERT INTO transporte(noPlacas,marca,modelo,esMotocicleta,esBicicleta,noLicencia) VALUES ('611EGA','Ford','yamaha',false,true,NULL);
INSERT INTO transporte(noPlacas,marca,modelo,esMotocicleta,esBicicleta,noLicencia) VALUES ('656FKZ','Mazda','italika',false,true,NULL);
INSERT INTO transporte(noPlacas,marca,modelo,esMotocicleta,esBicicleta,noLicencia) VALUES ('961AMA','Ford','harley-davison',true,true,'EOOJITQULA');
INSERT INTO transporte(noPlacas,marca,modelo,esMotocicleta,esBicicleta,noLicencia) VALUES ('811GZG','GMC','italika',true,false,'RBEGEZEGSB');
INSERT INTO transporte(noPlacas,marca,modelo,esMotocicleta,esBicicleta,noLicencia) VALUES ('785HFP','Chevrolet','harley-davison',true,true,'XLDROGCRXH');
INSERT INTO transporte(noPlacas,marca,modelo,esMotocicleta,esBicicleta,noLicencia) VALUES ('736PEL','Chevrolet','yamaha',true,false,'OZQFBGCGIH');
INSERT INTO transporte(noPlacas,marca,modelo,esMotocicleta,esBicicleta,noLicencia) VALUES ('230UOL','Dodge','yamaha',true,false,'YHIBODYTUB');
INSERT INTO transporte(noPlacas,marca,modelo,esMotocicleta,esBicicleta,noLicencia) VALUES ('668MQX','Pontiac','italika',false,true,NULL);
INSERT INTO transporte(noPlacas,marca,modelo,esMotocicleta,esBicicleta,noLicencia) VALUES ('902JRD','Audi','harley-davison',false,false,NULL);
INSERT INTO transporte(noPlacas,marca,modelo,esMotocicleta,esBicicleta,noLicencia) VALUES ('799YHQ','Nissan','yamaha',true,false,'UREDWMDIHL');
INSERT INTO transporte(noPlacas,marca,modelo,esMotocicleta,esBicicleta,noLicencia) VALUES ('851HNW','Ford','italika',false,true,NULL);
INSERT INTO transporte(noPlacas,marca,modelo,esMotocicleta,esBicicleta,noLicencia) VALUES ('608MJA','Chevrolet','yamaha',true,true,'WTNSMAWFET');
INSERT INTO transporte(noPlacas,marca,modelo,esMotocicleta,esBicicleta,noLicencia) VALUES ('366KOF','Buick','yamaha',true,false,'UGRAITBTWH');
INSERT INTO transporte(noPlacas,marca,modelo,esMotocicleta,esBicicleta,noLicencia) VALUES ('382DNM','Pontiac','italika',true,false,'NIKLSGYVPA');
INSERT INTO transporte(noPlacas,marca,modelo,esMotocicleta,esBicicleta,noLicencia) VALUES ('607WEM','Audi','yamaha',false,true,NULL);
INSERT INTO transporte(noPlacas,marca,modelo,esMotocicleta,esBicicleta,noLicencia) VALUES ('395PEQ','Lexus','italika',true,true,'FXYKVQPDTP');
INSERT INTO transporte(noPlacas,marca,modelo,esMotocicleta,esBicicleta,noLicencia) VALUES ('168GKW','Mitsubishi','italika',true,false,'CQVGDRCFJI');
INSERT INTO transporte(noPlacas,marca,modelo,esMotocicleta,esBicicleta,noLicencia) VALUES ('183XUX','Volkswagen','harley-davison',false,true,NULL);
INSERT INTO transporte(noPlacas,marca,modelo,esMotocicleta,esBicicleta,noLicencia) VALUES ('122FNU','Mitsubishi','yamaha',false,false,NULL);
INSERT INTO transporte(noPlacas,marca,modelo,esMotocicleta,esBicicleta,noLicencia) VALUES ('098XMH','GMC','italika',true,false,'JTVWTSAGBN');
INSERT INTO transporte(noPlacas,marca,modelo,esMotocicleta,esBicicleta,noLicencia) VALUES ('209XHG','MINI','yamaha',true,false,'IXDBIXQNES');
INSERT INTO transporte(noPlacas,marca,modelo,esMotocicleta,esBicicleta,noLicencia) VALUES ('957AAB','Dodge','harley-davison',true,true,'GOBJGPIBCF');
INSERT INTO transporte(noPlacas,marca,modelo,esMotocicleta,esBicicleta,noLicencia) VALUES ('725BVK','Ford','harley-davison',false,false,NULL);
INSERT INTO transporte(noPlacas,marca,modelo,esMotocicleta,esBicicleta,noLicencia) VALUES ('038QMO','Ford','yamaha',true,false,'BOYGMBSWFY');
INSERT INTO transporte(noPlacas,marca,modelo,esMotocicleta,esBicicleta,noLicencia) VALUES ('872XEV','Chevrolet','yamaha',false,false,NULL);
INSERT INTO transporte(noPlacas,marca,modelo,esMotocicleta,esBicicleta,noLicencia) VALUES ('209CNX','Ford','harley-davison',true,false,'OGLEZNQNZL');
INSERT INTO transporte(noPlacas,marca,modelo,esMotocicleta,esBicicleta,noLicencia) VALUES ('472OMV','Mercury','harley-davison',false,true,NULL);
INSERT INTO transporte(noPlacas,marca,modelo,esMotocicleta,esBicicleta,noLicencia) VALUES ('096RXJ','Mazda','italika',false,false,NULL);
INSERT INTO transporte(noPlacas,marca,modelo,esMotocicleta,esBicicleta,noLicencia) VALUES ('940WZL','Mercedes-Benz','harley-davison',false,false,NULL);
INSERT INTO transporte(noPlacas,marca,modelo,esMotocicleta,esBicicleta,noLicencia) VALUES ('062MKZ','Ford','italika',true,true,'CVGATBEUHE');
INSERT INTO transporte(noPlacas,marca,modelo,esMotocicleta,esBicicleta,noLicencia) VALUES ('828EXA','GMC','yamaha',true,true,'LTKUJCHLAA');
INSERT INTO transporte(noPlacas,marca,modelo,esMotocicleta,esBicicleta,noLicencia) VALUES ('030YLV','Mazda','harley-davison',true,false,'JCTAYTMHAZ');
INSERT INTO transporte(noPlacas,marca,modelo,esMotocicleta,esBicicleta,noLicencia) VALUES ('274YFJ','Isuzu','italika',true,true,'ZQEOEZHUNA');
INSERT INTO transporte(noPlacas,marca,modelo,esMotocicleta,esBicicleta,noLicencia) VALUES ('369DTY','Ford','yamaha',true,true,'XPEFKGPSYI');
INSERT INTO transporte(noPlacas,marca,modelo,esMotocicleta,esBicicleta,noLicencia) VALUES ('837WON','Toyota','yamaha',true,false,'UHHGQLNNSB');
INSERT INTO transporte(noPlacas,marca,modelo,esMotocicleta,esBicicleta,noLicencia) VALUES ('474HQY','GMC','italika',false,true,NULL);
INSERT INTO transporte(noPlacas,marca,modelo,esMotocicleta,esBicicleta,noLicencia) VALUES ('194DLJ','Toyota','italika',true,false,'OSQXUPIWWR');
INSERT INTO transporte(noPlacas,marca,modelo,esMotocicleta,esBicicleta,noLicencia) VALUES ('191YMM','Honda','italika',true,true,'TZWWAQIFPZ');
INSERT INTO transporte(noPlacas,marca,modelo,esMotocicleta,esBicicleta,noLicencia) VALUES ('665LQS','Acura','yamaha',true,false,'ZTDXDUIRVF');
INSERT INTO transporte(noPlacas,marca,modelo,esMotocicleta,esBicicleta,noLicencia) VALUES ('732EAE','Hyundai','yamaha',false,false,NULL);
INSERT INTO transporte(noPlacas,marca,modelo,esMotocicleta,esBicicleta,noLicencia) VALUES ('868QCK','Dodge','italika',true,false,'TWTCYEXHMW');
INSERT INTO transporte(noPlacas,marca,modelo,esMotocicleta,esBicicleta,noLicencia) VALUES ('699VNP','Audi','yamaha',true,false,'DDLZXXBLBW');
INSERT INTO transporte(noPlacas,marca,modelo,esMotocicleta,esBicicleta,noLicencia) VALUES ('395MJA','Plymouth','italika',true,true,'QCUTRYCFKP');
INSERT INTO transporte(noPlacas,marca,modelo,esMotocicleta,esBicicleta,noLicencia) VALUES ('924MCH','Hyundai','harley-davison',true,true,'WVOMFLAKUK');
INSERT INTO transporte(noPlacas,marca,modelo,esMotocicleta,esBicicleta,noLicencia) VALUES ('924OPR','Ferrari','italika',true,true,'TZDXKMCRUL');
INSERT INTO transporte(noPlacas,marca,modelo,esMotocicleta,esBicicleta,noLicencia) VALUES ('127OGP','Mitsubishi','yamaha',false,true,NULL);
INSERT INTO transporte(noPlacas,marca,modelo,esMotocicleta,esBicicleta,noLicencia) VALUES ('450WYC','GMC','yamaha',true,false,'URPSIPOIHT');
INSERT INTO transporte(noPlacas,marca,modelo,esMotocicleta,esBicicleta,noLicencia) VALUES ('015SHG','Pontiac','italika',true,false,'RDTRFAGQDB');
INSERT INTO transporte(noPlacas,marca,modelo,esMotocicleta,esBicicleta,noLicencia) VALUES ('094TPA','Cadillac','harley-davison',true,true,'ARWTWZPPIY');
INSERT INTO transporte(noPlacas,marca,modelo,esMotocicleta,esBicicleta,noLicencia) VALUES ('282PKF','Volkswagen','yamaha',false,false,NULL);
INSERT INTO transporte(noPlacas,marca,modelo,esMotocicleta,esBicicleta,noLicencia) VALUES ('845GFY','Suzuki','italika',false,true,NULL);
INSERT INTO transporte(noPlacas,marca,modelo,esMotocicleta,esBicicleta,noLicencia) VALUES ('110ETH','GMC','harley-davison',true,true,'DRCOEOBXDY');
INSERT INTO transporte(noPlacas,marca,modelo,esMotocicleta,esBicicleta,noLicencia) VALUES ('790MBF','Plymouth','italika',true,false,'EOICRYBHYO');
INSERT INTO transporte(noPlacas,marca,modelo,esMotocicleta,esBicicleta,noLicencia) VALUES ('031IAL','Pontiac','harley-davison',false,false,NULL);
INSERT INTO transporte(noPlacas,marca,modelo,esMotocicleta,esBicicleta,noLicencia) VALUES ('062RDL','Dodge','italika',true,true,'MFONWMBJWD');
INSERT INTO transporte(noPlacas,marca,modelo,esMotocicleta,esBicicleta,noLicencia) VALUES ('595CNZ','Volvo','italika',false,false,NULL);
INSERT INTO transporte(noPlacas,marca,modelo,esMotocicleta,esBicicleta,noLicencia) VALUES ('758AFF','Plymouth','harley-davison',true,true,'QBVTTQAHET');
INSERT INTO transporte(noPlacas,marca,modelo,esMotocicleta,esBicicleta,noLicencia) VALUES ('491BGJ','Volvo','harley-davison',false,true,NULL);
INSERT INTO transporte(noPlacas,marca,modelo,esMotocicleta,esBicicleta,noLicencia) VALUES ('667HGQ','Cadillac','italika',true,false,'KBLRVORXFB');
INSERT INTO transporte(noPlacas,marca,modelo,esMotocicleta,esBicicleta,noLicencia) VALUES ('659KQH','Lamborghini','yamaha',false,false,NULL);
INSERT INTO transporte(noPlacas,marca,modelo,esMotocicleta,esBicicleta,noLicencia) VALUES ('760UUE','Mercury','italika',true,true,'ZXUMZAXXEX');
INSERT INTO transporte(noPlacas,marca,modelo,esMotocicleta,esBicicleta,noLicencia) VALUES ('535QVO','Lotus','yamaha',false,true,NULL);
INSERT INTO transporte(noPlacas,marca,modelo,esMotocicleta,esBicicleta,noLicencia) VALUES ('714QOX','Honda','harley-davison',false,false,NULL);
INSERT INTO transporte(noPlacas,marca,modelo,esMotocicleta,esBicicleta,noLicencia) VALUES ('620PBT','Mazda','italika',false,true,NULL);
INSERT INTO transporte(noPlacas,marca,modelo,esMotocicleta,esBicicleta,noLicencia) VALUES ('047AAT','BMW','harley-davison',true,false,'KSWTMRDIQU');
INSERT INTO transporte(noPlacas,marca,modelo,esMotocicleta,esBicicleta,noLicencia) VALUES ('871UUJ','Dodge','harley-davison',false,false,NULL);
INSERT INTO transporte(noPlacas,marca,modelo,esMotocicleta,esBicicleta,noLicencia) VALUES ('877KLB','Volvo','yamaha',false,true,NULL);
INSERT INTO transporte(noPlacas,marca,modelo,esMotocicleta,esBicicleta,noLicencia) VALUES ('998ITK','Ford','italika',true,false,'IWRUKOLQIT');
INSERT INTO transporte(noPlacas,marca,modelo,esMotocicleta,esBicicleta,noLicencia) VALUES ('792GRM','Acura','yamaha',false,true,NULL);
INSERT INTO transporte(noPlacas,marca,modelo,esMotocicleta,esBicicleta,noLicencia) VALUES ('105FAV','Eagle','harley-davison',false,true,NULL);
INSERT INTO transporte(noPlacas,marca,modelo,esMotocicleta,esBicicleta,noLicencia) VALUES ('076KIG','Toyota','italika',true,false,'MCISGEWREO');
INSERT INTO transporte(noPlacas,marca,modelo,esMotocicleta,esBicicleta,noLicencia) VALUES ('601JTE','Pontiac','harley-davison',true,false,'LMVJDTYFUT');
INSERT INTO transporte(noPlacas,marca,modelo,esMotocicleta,esBicicleta,noLicencia) VALUES ('177PSF','Toyota','harley-davison',true,false,'OQISGGFKND');
INSERT INTO transporte(noPlacas,marca,modelo,esMotocicleta,esBicicleta,noLicencia) VALUES ('696NHF','Audi','harley-davison',false,true,NULL);
INSERT INTO transporte(noPlacas,marca,modelo,esMotocicleta,esBicicleta,noLicencia) VALUES ('649KMG','GMC','harley-davison',false,false,NULL);
INSERT INTO transporte(noPlacas,marca,modelo,esMotocicleta,esBicicleta,noLicencia) VALUES ('448HVR','Dodge','yamaha',true,true,'QGINGVLVPL');
INSERT INTO transporte(noPlacas,marca,modelo,esMotocicleta,esBicicleta,noLicencia) VALUES ('915CMM','Dodge','yamaha',false,true,NULL);
INSERT INTO transporte(noPlacas,marca,modelo,esMotocicleta,esBicicleta,noLicencia) VALUES ('874DXL','Suzuki','yamaha',false,false,NULL);
INSERT INTO transporte(noPlacas,marca,modelo,esMotocicleta,esBicicleta,noLicencia) VALUES ('808ABO','Pontiac','yamaha',true,true,'CGGCRDIKWB');
INSERT INTO transporte(noPlacas,marca,modelo,esMotocicleta,esBicicleta,noLicencia) VALUES ('402VXH','Honda','italika',true,true,'ELJWEQINYI');
INSERT INTO transporte(noPlacas,marca,modelo,esMotocicleta,esBicicleta,noLicencia) VALUES ('343UMF','Toyota','harley-davison',true,false,'MXAWEEYDRE');
INSERT INTO transporte(noPlacas,marca,modelo,esMotocicleta,esBicicleta,noLicencia) VALUES ('842VJI','Ford','italika',false,true,NULL);
INSERT INTO transporte(noPlacas,marca,modelo,esMotocicleta,esBicicleta,noLicencia) VALUES ('473JHO','Audi','italika',true,false,'NACNPCDRIY');
INSERT INTO transporte(noPlacas,marca,modelo,esMotocicleta,esBicicleta,noLicencia) VALUES ('811FWN','Audi','yamaha',true,false,'MADZAKSZKL');
INSERT INTO transporte(noPlacas,marca,modelo,esMotocicleta,esBicicleta,noLicencia) VALUES ('974PEJ','Chrysler','harley-davison',false,true,NULL);
INSERT INTO transporte(noPlacas,marca,modelo,esMotocicleta,esBicicleta,noLicencia) VALUES ('991YMW','Suzuki','harley-davison',true,false,'MTYGGVRFXH');
INSERT INTO transporte(noPlacas,marca,modelo,esMotocicleta,esBicicleta,noLicencia) VALUES ('724JDF','Honda','harley-davison',true,true,'GVHXKFDWTV');
INSERT INTO transporte(noPlacas,marca,modelo,esMotocicleta,esBicicleta,noLicencia) VALUES ('339SAQ','Infiniti','yamaha',false,true,NULL);
INSERT INTO transporte(noPlacas,marca,modelo,esMotocicleta,esBicicleta,noLicencia) VALUES ('190BXM','Ford','yamaha',false,true,NULL);
INSERT INTO transporte(noPlacas,marca,modelo,esMotocicleta,esBicicleta,noLicencia) VALUES ('178KQN','Toyota','harley-davison',true,true,'IEGUPGGIJY');
INSERT INTO transporte(noPlacas,marca,modelo,esMotocicleta,esBicicleta,noLicencia) VALUES ('612ZTC','Nissan','harley-davison',true,true,'YLTCGSJKBU');
INSERT INTO transporte(noPlacas,marca,modelo,esMotocicleta,esBicicleta,noLicencia) VALUES ('876VCH','Toyota','italika',false,false,NULL);
INSERT INTO transporte(noPlacas,marca,modelo,esMotocicleta,esBicicleta,noLicencia) VALUES ('540EAX','Hyundai','yamaha',true,true,'LJDFXEQKMF');
INSERT INTO transporte(noPlacas,marca,modelo,esMotocicleta,esBicicleta,noLicencia) VALUES ('232UVM','Toyota','harley-davison',false,true,NULL);
INSERT INTO transporte(noPlacas,marca,modelo,esMotocicleta,esBicicleta,noLicencia) VALUES ('106GRB','Oldsmobile','yamaha',false,false,NULL);
INSERT INTO transporte(noPlacas,marca,modelo,esMotocicleta,esBicicleta,noLicencia) VALUES ('011XEQ','Land Rover','italika',true,true,'YPDZEPRZOY');
INSERT INTO transporte(noPlacas,marca,modelo,esMotocicleta,esBicicleta,noLicencia) VALUES ('076ZPC','Mazda','yamaha',false,true,NULL);
INSERT INTO transporte(noPlacas,marca,modelo,esMotocicleta,esBicicleta,noLicencia) VALUES ('344UFZ','Mazda','yamaha',true,false,'FHSJZSYSOJ');
INSERT INTO transporte(noPlacas,marca,modelo,esMotocicleta,esBicicleta,noLicencia) VALUES ('434IMZ','Volkswagen','harley-davison',true,false,'QNLHBNUQBU');
INSERT INTO transporte(noPlacas,marca,modelo,esMotocicleta,esBicicleta,noLicencia) VALUES ('775WEX','Cadillac','yamaha',false,false,NULL);
INSERT INTO transporte(noPlacas,marca,modelo,esMotocicleta,esBicicleta,noLicencia) VALUES ('913ZVC','Mitsubishi','italika',true,false,'BJKIOGEMWV');
INSERT INTO transporte(noPlacas,marca,modelo,esMotocicleta,esBicicleta,noLicencia) VALUES ('664KEF','Mitsubishi','harley-davison',true,true,'JWDZWAAUXO');
INSERT INTO transporte(noPlacas,marca,modelo,esMotocicleta,esBicicleta,noLicencia) VALUES ('213JXF','Ford','italika',true,true,'GVTLRORMBZ');
INSERT INTO transporte(noPlacas,marca,modelo,esMotocicleta,esBicicleta,noLicencia) VALUES ('898JJP','Toyota','yamaha',true,false,'RTOVAVTOBU');
INSERT INTO transporte(noPlacas,marca,modelo,esMotocicleta,esBicicleta,noLicencia) VALUES ('906LUE','Infiniti','harley-davison',false,false,NULL);
INSERT INTO transporte(noPlacas,marca,modelo,esMotocicleta,esBicicleta,noLicencia) VALUES ('856GDM','Jeep','yamaha',true,true,'DTSCSQTTKO');
INSERT INTO transporte(noPlacas,marca,modelo,esMotocicleta,esBicicleta,noLicencia) VALUES ('368OPL','Mitsubishi','yamaha',true,true,'IHSHWDSTQK');
INSERT INTO transporte(noPlacas,marca,modelo,esMotocicleta,esBicicleta,noLicencia) VALUES ('413ZVZ','Honda','harley-davison',false,true,NULL);
INSERT INTO transporte(noPlacas,marca,modelo,esMotocicleta,esBicicleta,noLicencia) VALUES ('493IUU','Dodge','harley-davison',false,false,NULL);
INSERT INTO transporte(noPlacas,marca,modelo,esMotocicleta,esBicicleta,noLicencia) VALUES ('440CZK','Ford','italika',false,false,NULL);
INSERT INTO transporte(noPlacas,marca,modelo,esMotocicleta,esBicicleta,noLicencia) VALUES ('994ZBQ','Land Rover','italika',false,true,NULL);
INSERT INTO transporte(noPlacas,marca,modelo,esMotocicleta,esBicicleta,noLicencia) VALUES ('051UQH','Pontiac','italika',true,false,'UDACQXDJRV');
INSERT INTO transporte(noPlacas,marca,modelo,esMotocicleta,esBicicleta,noLicencia) VALUES ('005YTB','Infiniti','yamaha',false,false,NULL);
INSERT INTO transporte(noPlacas,marca,modelo,esMotocicleta,esBicicleta,noLicencia) VALUES ('583KQV','GMC','yamaha',true,false,'HDJEKSTAOU');
INSERT INTO transporte(noPlacas,marca,modelo,esMotocicleta,esBicicleta,noLicencia) VALUES ('071MTT','Subaru','yamaha',false,true,NULL);
INSERT INTO transporte(noPlacas,marca,modelo,esMotocicleta,esBicicleta,noLicencia) VALUES ('931HIO','Suzuki','italika',true,true,'KNGYNIVDFD');
INSERT INTO transporte(noPlacas,marca,modelo,esMotocicleta,esBicicleta,noLicencia) VALUES ('945AEN','Cadillac','italika',false,false,NULL);
INSERT INTO transporte(noPlacas,marca,modelo,esMotocicleta,esBicicleta,noLicencia) VALUES ('498ERA','Jeep','yamaha',true,true,'SIJWGWMXVD');
INSERT INTO transporte(noPlacas,marca,modelo,esMotocicleta,esBicicleta,noLicencia) VALUES ('247YIX','Honda','italika',false,false,NULL);
INSERT INTO transporte(noPlacas,marca,modelo,esMotocicleta,esBicicleta,noLicencia) VALUES ('427KHJ','GMC','yamaha',false,true,NULL);
INSERT INTO transporte(noPlacas,marca,modelo,esMotocicleta,esBicicleta,noLicencia) VALUES ('568EVB','Lotus','yamaha',false,false,NULL);
INSERT INTO transporte(noPlacas,marca,modelo,esMotocicleta,esBicicleta,noLicencia) VALUES ('985VTR','Ferrari','yamaha',true,true,'ADPVZCTBTR');
INSERT INTO transporte(noPlacas,marca,modelo,esMotocicleta,esBicicleta,noLicencia) VALUES ('789ILY','Infiniti','italika',true,true,'LQVTNSHOZR');
INSERT INTO transporte(noPlacas,marca,modelo,esMotocicleta,esBicicleta,noLicencia) VALUES ('474GBK','GMC','harley-davison',false,true,NULL);
INSERT INTO transporte(noPlacas,marca,modelo,esMotocicleta,esBicicleta,noLicencia) VALUES ('704VFW','Dodge','harley-davison',false,true,NULL);
INSERT INTO transporte(noPlacas,marca,modelo,esMotocicleta,esBicicleta,noLicencia) VALUES ('365STG','Mitsubishi','yamaha',false,true,NULL);
INSERT INTO transporte(noPlacas,marca,modelo,esMotocicleta,esBicicleta,noLicencia) VALUES ('197FNB','Plymouth','italika',true,true,'ZEQCLKVREV');
INSERT INTO transporte(noPlacas,marca,modelo,esMotocicleta,esBicicleta,noLicencia) VALUES ('003QMO','Volkswagen','italika',false,false,NULL);
INSERT INTO transporte(noPlacas,marca,modelo,esMotocicleta,esBicicleta,noLicencia) VALUES ('007QCC','GMC','harley-davison',true,false,'BDSLXIXIEB');
INSERT INTO transporte(noPlacas,marca,modelo,esMotocicleta,esBicicleta,noLicencia) VALUES ('152KLP','Maserati','harley-davison',true,false,'EQHAFIRHTW');
INSERT INTO transporte(noPlacas,marca,modelo,esMotocicleta,esBicicleta,noLicencia) VALUES ('312JNR','Jeep','yamaha',false,false,NULL);
INSERT INTO transporte(noPlacas,marca,modelo,esMotocicleta,esBicicleta,noLicencia) VALUES ('916ZVK','Maybach','harley-davison',true,false,'UQZOPDSLYU');
INSERT INTO transporte(noPlacas,marca,modelo,esMotocicleta,esBicicleta,noLicencia) VALUES ('656HMO','Dodge','harley-davison',true,false,'FAWHCPGOWX');
INSERT INTO transporte(noPlacas,marca,modelo,esMotocicleta,esBicicleta,noLicencia) VALUES ('777NKH','Mitsubishi','italika',true,false,'KBHYMWZSYY');
INSERT INTO transporte(noPlacas,marca,modelo,esMotocicleta,esBicicleta,noLicencia) VALUES ('817DQU','GMC','italika',false,true,NULL);
INSERT INTO transporte(noPlacas,marca,modelo,esMotocicleta,esBicicleta,noLicencia) VALUES ('425QSW','Honda','yamaha',true,false,'XQYNRHCROV');
INSERT INTO transporte(noPlacas,marca,modelo,esMotocicleta,esBicicleta,noLicencia) VALUES ('241SYA','Volkswagen','italika',true,false,'EZMITELURT');
INSERT INTO transporte(noPlacas,marca,modelo,esMotocicleta,esBicicleta,noLicencia) VALUES ('345IFT','Chrysler','italika',true,false,'ZMQJCVCQMN');
INSERT INTO transporte(noPlacas,marca,modelo,esMotocicleta,esBicicleta,noLicencia) VALUES ('819ITA','Scion','italika',true,true,'BDORBCXXYT');
INSERT INTO transporte(noPlacas,marca,modelo,esMotocicleta,esBicicleta,noLicencia) VALUES ('067VUA','Toyota','harley-davison',false,false,NULL);
INSERT INTO transporte(noPlacas,marca,modelo,esMotocicleta,esBicicleta,noLicencia) VALUES ('902NMF','MINI','harley-davison',false,false,NULL);
INSERT INTO transporte(noPlacas,marca,modelo,esMotocicleta,esBicicleta,noLicencia) VALUES ('809HHI','Chevrolet','italika',true,true,'AVMWFWNTMN');
INSERT INTO transporte(noPlacas,marca,modelo,esMotocicleta,esBicicleta,noLicencia) VALUES ('191WKP','Volkswagen','yamaha',false,true,NULL);
INSERT INTO transporte(noPlacas,marca,modelo,esMotocicleta,esBicicleta,noLicencia) VALUES ('578HSJ','Dodge','yamaha',false,false,NULL);
INSERT INTO transporte(noPlacas,marca,modelo,esMotocicleta,esBicicleta,noLicencia) VALUES ('549PAD','Toyota','yamaha',false,false,NULL);
INSERT INTO transporte(noPlacas,marca,modelo,esMotocicleta,esBicicleta,noLicencia) VALUES ('478UBU','Lincoln','harley-davison',true,false,'RXGAKFIZBD');
INSERT INTO transporte(noPlacas,marca,modelo,esMotocicleta,esBicicleta,noLicencia) VALUES ('388ITW','Suzuki','harley-davison',false,false,NULL);
INSERT INTO transporte(noPlacas,marca,modelo,esMotocicleta,esBicicleta,noLicencia) VALUES ('293NQK','Toyota','italika',true,false,'TGJVTSKURF');
INSERT INTO transporte(noPlacas,marca,modelo,esMotocicleta,esBicicleta,noLicencia) VALUES ('323OCE','Chrysler','harley-davison',false,true,NULL);
INSERT INTO transporte(noPlacas,marca,modelo,esMotocicleta,esBicicleta,noLicencia) VALUES ('619JKA','Volkswagen','italika',false,true,NULL);
INSERT INTO transporte(noPlacas,marca,modelo,esMotocicleta,esBicicleta,noLicencia) VALUES ('629LHU','Infiniti','italika',false,true,NULL);
INSERT INTO transporte(noPlacas,marca,modelo,esMotocicleta,esBicicleta,noLicencia) VALUES ('379FHA','Nissan','harley-davison',true,false,'WZPXZJJFRX');
INSERT INTO transporte(noPlacas,marca,modelo,esMotocicleta,esBicicleta,noLicencia) VALUES ('727FSM','Dodge','harley-davison',true,true,'XRQJHAHMLH');
INSERT INTO transporte(noPlacas,marca,modelo,esMotocicleta,esBicicleta,noLicencia) VALUES ('625ESJ','Nissan','yamaha',true,true,'CBKVSOOQCI');
INSERT INTO transporte(noPlacas,marca,modelo,esMotocicleta,esBicicleta,noLicencia) VALUES ('915VAY','Kia','italika',false,true,NULL);
INSERT INTO transporte(noPlacas,marca,modelo,esMotocicleta,esBicicleta,noLicencia) VALUES ('546YPV','Mercury','italika',true,false,'ZJYQUHINAW');
INSERT INTO transporte(noPlacas,marca,modelo,esMotocicleta,esBicicleta,noLicencia) VALUES ('561IMD','Dodge','harley-davison',true,false,'UKEZNKHCXF');
INSERT INTO transporte(noPlacas,marca,modelo,esMotocicleta,esBicicleta,noLicencia) VALUES ('105AAU','Toyota','italika',false,true,NULL);
INSERT INTO transporte(noPlacas,marca,modelo,esMotocicleta,esBicicleta,noLicencia) VALUES ('611TJT','GMC','yamaha',false,true,NULL);
INSERT INTO transporte(noPlacas,marca,modelo,esMotocicleta,esBicicleta,noLicencia) VALUES ('092VBG','Nissan','harley-davison',true,false,'IBTKQYEQSL');
INSERT INTO transporte(noPlacas,marca,modelo,esMotocicleta,esBicicleta,noLicencia) VALUES ('176NVH','Scion','yamaha',false,false,NULL);
INSERT INTO transporte(noPlacas,marca,modelo,esMotocicleta,esBicicleta,noLicencia) VALUES ('786VIA','Mitsubishi','yamaha',true,true,'ESOQBJSKUR');
INSERT INTO transporte(noPlacas,marca,modelo,esMotocicleta,esBicicleta,noLicencia) VALUES ('518BCO','Plymouth','yamaha',false,true,NULL);
INSERT INTO transporte(noPlacas,marca,modelo,esMotocicleta,esBicicleta,noLicencia) VALUES ('290JXM','Land Rover','yamaha',true,true,'KBFRIDLUTQ');
INSERT INTO transporte(noPlacas,marca,modelo,esMotocicleta,esBicicleta,noLicencia) VALUES ('681GMY','Lamborghini','italika',false,true,NULL);
INSERT INTO transporte(noPlacas,marca,modelo,esMotocicleta,esBicicleta,noLicencia) VALUES ('391CTR','Mitsubishi','harley-davison',false,true,NULL);
INSERT INTO transporte(noPlacas,marca,modelo,esMotocicleta,esBicicleta,noLicencia) VALUES ('301XKC','Jaguar','italika',true,true,'GDPLXVMQPY');
INSERT INTO transporte(noPlacas,marca,modelo,esMotocicleta,esBicicleta,noLicencia) VALUES ('994LHB','MINI','harley-davison',false,true,NULL);
INSERT INTO transporte(noPlacas,marca,modelo,esMotocicleta,esBicicleta,noLicencia) VALUES ('577ILG','BMW','italika',true,false,'JQKJOHOKEF');
INSERT INTO transporte(noPlacas,marca,modelo,esMotocicleta,esBicicleta,noLicencia) VALUES ('077ISO','BMW','italika',true,true,'ANRCJQVKOA');
INSERT INTO transporte(noPlacas,marca,modelo,esMotocicleta,esBicicleta,noLicencia) VALUES ('894MMM','Mercedes-Benz','italika',true,false,'RXMCJIQQOQ');
INSERT INTO transporte(noPlacas,marca,modelo,esMotocicleta,esBicicleta,noLicencia) VALUES ('859KPO','Hyundai','italika',true,false,'MKUVUDDGLN');
INSERT INTO transporte(noPlacas,marca,modelo,esMotocicleta,esBicicleta,noLicencia) VALUES ('304VVC','GMC','yamaha',false,true,NULL);
INSERT INTO transporte(noPlacas,marca,modelo,esMotocicleta,esBicicleta,noLicencia) VALUES ('472RRG','Chrysler','italika',false,false,NULL);
INSERT INTO transporte(noPlacas,marca,modelo,esMotocicleta,esBicicleta,noLicencia) VALUES ('155KEZ','Lincoln','italika',true,true,'IHGPIDMTUS');
INSERT INTO transporte(noPlacas,marca,modelo,esMotocicleta,esBicicleta,noLicencia) VALUES ('876KJR','Mitsubishi','italika',true,true,'IAESEQUCZE');
INSERT INTO transporte(noPlacas,marca,modelo,esMotocicleta,esBicicleta,noLicencia) VALUES ('250EYE','Merkur','yamaha',false,false,NULL);
INSERT INTO transporte(noPlacas,marca,modelo,esMotocicleta,esBicicleta,noLicencia) VALUES ('350RKJ','BMW','yamaha',false,false,NULL);
INSERT INTO transporte(noPlacas,marca,modelo,esMotocicleta,esBicicleta,noLicencia) VALUES ('079FVY','Mazda','harley-davison',false,false,NULL);
INSERT INTO transporte(noPlacas,marca,modelo,esMotocicleta,esBicicleta,noLicencia) VALUES ('964QWY','Buick','italika',true,true,'DYLKKBRJJI');
INSERT INTO transporte(noPlacas,marca,modelo,esMotocicleta,esBicicleta,noLicencia) VALUES ('042BZE','Land Rover','harley-davison',false,false,NULL);
INSERT INTO transporte(noPlacas,marca,modelo,esMotocicleta,esBicicleta,noLicencia) VALUES ('975MFC','Maybach','harley-davison',false,true,NULL);
INSERT INTO transporte(noPlacas,marca,modelo,esMotocicleta,esBicicleta,noLicencia) VALUES ('213WMM','Chrysler','yamaha',false,true,NULL);
INSERT INTO transporte(noPlacas,marca,modelo,esMotocicleta,esBicicleta,noLicencia) VALUES ('685NDX','Chrysler','italika',true,true,'QHFLCAFTIY');
INSERT INTO transporte(noPlacas,marca,modelo,esMotocicleta,esBicicleta,noLicencia) VALUES ('132VIR','Chevrolet','italika',false,false,NULL);
INSERT INTO transporte(noPlacas,marca,modelo,esMotocicleta,esBicicleta,noLicencia) VALUES ('199FKL','Ford','harley-davison',true,false,'OLSVXVIGXK');
INSERT INTO transporte(noPlacas,marca,modelo,esMotocicleta,esBicicleta,noLicencia) VALUES ('703BJB','Ford','harley-davison',false,true,NULL);
INSERT INTO transporte(noPlacas,marca,modelo,esMotocicleta,esBicicleta,noLicencia) VALUES ('541LOD','Chevrolet','italika',false,false,NULL);
INSERT INTO transporte(noPlacas,marca,modelo,esMotocicleta,esBicicleta,noLicencia) VALUES ('569PHS','Cadillac','italika',false,true,NULL);
INSERT INTO transporte(noPlacas,marca,modelo,esMotocicleta,esBicicleta,noLicencia) VALUES ('187NOM','Plymouth','yamaha',false,false,NULL);
INSERT INTO transporte(noPlacas,marca,modelo,esMotocicleta,esBicicleta,noLicencia) VALUES ('340EAQ','Mitsubishi','yamaha',true,false,'LDLLLBANLA');
INSERT INTO transporte(noPlacas,marca,modelo,esMotocicleta,esBicicleta,noLicencia) VALUES ('284DFN','Mercedes-Benz','harley-davison',true,false,'BLHZSVANEH');
INSERT INTO transporte(noPlacas,marca,modelo,esMotocicleta,esBicicleta,noLicencia) VALUES ('365ZLX','Toyota','yamaha',false,false,NULL);
INSERT INTO transporte(noPlacas,marca,modelo,esMotocicleta,esBicicleta,noLicencia) VALUES ('515VKD','Mercury','italika',false,false,NULL);
INSERT INTO transporte(noPlacas,marca,modelo,esMotocicleta,esBicicleta,noLicencia) VALUES ('062MDG','Honda','italika',false,true,NULL);
INSERT INTO transporte(noPlacas,marca,modelo,esMotocicleta,esBicicleta,noLicencia) VALUES ('607SDL','Pontiac','yamaha',true,true,'IELXGTVBNL');
INSERT INTO transporte(noPlacas,marca,modelo,esMotocicleta,esBicicleta,noLicencia) VALUES ('536DUD','Infiniti','harley-davison',false,false,NULL);
INSERT INTO transporte(noPlacas,marca,modelo,esMotocicleta,esBicicleta,noLicencia) VALUES ('453FWR','Nissan','italika',false,false,NULL);
INSERT INTO transporte(noPlacas,marca,modelo,esMotocicleta,esBicicleta,noLicencia) VALUES ('270VTS','Porsche','italika',false,false,NULL);
INSERT INTO transporte(noPlacas,marca,modelo,esMotocicleta,esBicicleta,noLicencia) VALUES ('823SXB','Ford','yamaha',false,false,NULL);
INSERT INTO transporte(noPlacas,marca,modelo,esMotocicleta,esBicicleta,noLicencia) VALUES ('763LRY','Ferrari','italika',true,true,'XTPJMNQIDX');
INSERT INTO transporte(noPlacas,marca,modelo,esMotocicleta,esBicicleta,noLicencia) VALUES ('158ZSD','Mitsubishi','italika',false,true,NULL);
INSERT INTO transporte(noPlacas,marca,modelo,esMotocicleta,esBicicleta,noLicencia) VALUES ('265QMC','Audi','harley-davison',true,true,'JGKUPMZYGR');
INSERT INTO transporte(noPlacas,marca,modelo,esMotocicleta,esBicicleta,noLicencia) VALUES ('853TTF','Chevrolet','italika',false,false,NULL);
INSERT INTO transporte(noPlacas,marca,modelo,esMotocicleta,esBicicleta,noLicencia) VALUES ('730IWX','Isuzu','yamaha',false,true,NULL);
INSERT INTO transporte(noPlacas,marca,modelo,esMotocicleta,esBicicleta,noLicencia) VALUES ('681HBX','Dodge','yamaha',false,false,NULL);
INSERT INTO transporte(noPlacas,marca,modelo,esMotocicleta,esBicicleta,noLicencia) VALUES ('537OIF','Mercedes-Benz','italika',false,false,NULL);
INSERT INTO transporte(noPlacas,marca,modelo,esMotocicleta,esBicicleta,noLicencia) VALUES ('709TTY','Toyota','italika',true,false,'COZHCVPJCC');
INSERT INTO transporte(noPlacas,marca,modelo,esMotocicleta,esBicicleta,noLicencia) VALUES ('178ZNX','Buick','yamaha',true,true,'LJIHSTZLFX');
INSERT INTO transporte(noPlacas,marca,modelo,esMotocicleta,esBicicleta,noLicencia) VALUES ('276YKJ','BMW','italika',false,false,NULL);
INSERT INTO transporte(noPlacas,marca,modelo,esMotocicleta,esBicicleta,noLicencia) VALUES ('676FKP','Lexus','harley-davison',true,true,'GMYPSILIPA');
INSERT INTO transporte(noPlacas,marca,modelo,esMotocicleta,esBicicleta,noLicencia) VALUES ('756TFT','Honda','italika',false,false,NULL);
INSERT INTO transporte(noPlacas,marca,modelo,esMotocicleta,esBicicleta,noLicencia) VALUES ('182JBQ','Ford','yamaha',true,false,'ZUUIWZSMFZ');
INSERT INTO transporte(noPlacas,marca,modelo,esMotocicleta,esBicicleta,noLicencia) VALUES ('980ALI','Mercury','harley-davison',true,false,'NUQVJFRLJN');
INSERT INTO transporte(noPlacas,marca,modelo,esMotocicleta,esBicicleta,noLicencia) VALUES ('257CFC','Suzuki','italika',true,false,'XQGJLVQKUX');
INSERT INTO transporte(noPlacas,marca,modelo,esMotocicleta,esBicicleta,noLicencia) VALUES ('817SHP','Lamborghini','harley-davison',true,false,'XDYWYNHHHE');
INSERT INTO transporte(noPlacas,marca,modelo,esMotocicleta,esBicicleta,noLicencia) VALUES ('688ADG','Nissan','yamaha',false,false,NULL);
INSERT INTO transporte(noPlacas,marca,modelo,esMotocicleta,esBicicleta,noLicencia) VALUES ('547CLS','Mercedes-Benz','harley-davison',true,false,'AUSRYZHKDU');
INSERT INTO transporte(noPlacas,marca,modelo,esMotocicleta,esBicicleta,noLicencia) VALUES ('135VYU','MINI','yamaha',true,false,'JHJRYJBCTW');
INSERT INTO transporte(noPlacas,marca,modelo,esMotocicleta,esBicicleta,noLicencia) VALUES ('778QWI','Cadillac','harley-davison',true,false,'UWGSSWXLOU');
INSERT INTO transporte(noPlacas,marca,modelo,esMotocicleta,esBicicleta,noLicencia) VALUES ('960ITA','Jeep','harley-davison',false,true,NULL);
INSERT INTO transporte(noPlacas,marca,modelo,esMotocicleta,esBicicleta,noLicencia) VALUES ('093LPB','Dodge','harley-davison',false,false,NULL);
INSERT INTO transporte(noPlacas,marca,modelo,esMotocicleta,esBicicleta,noLicencia) VALUES ('814TSK','Mercedes-Benz','italika',true,false,'NMSSTOKYBT');
INSERT INTO transporte(noPlacas,marca,modelo,esMotocicleta,esBicicleta,noLicencia) VALUES ('511MBA','Ford','italika',true,true,'NWKNEUCZVV');
INSERT INTO transporte(noPlacas,marca,modelo,esMotocicleta,esBicicleta,noLicencia) VALUES ('584INI','Mercury','yamaha',true,true,'AVQQYBHCXB');
INSERT INTO transporte(noPlacas,marca,modelo,esMotocicleta,esBicicleta,noLicencia) VALUES ('907CBH','Pontiac','yamaha',true,false,'HXJYUBEPBL');
INSERT INTO transporte(noPlacas,marca,modelo,esMotocicleta,esBicicleta,noLicencia) VALUES ('774RBH','Ford','yamaha',true,false,'ROYRGVJNOP');
INSERT INTO transporte(noPlacas,marca,modelo,esMotocicleta,esBicicleta,noLicencia) VALUES ('272PGH','Kia','italika',false,true,NULL);
INSERT INTO transporte(noPlacas,marca,modelo,esMotocicleta,esBicicleta,noLicencia) VALUES ('537UIJ','Lincoln','harley-davison',false,true,NULL);
INSERT INTO transporte(noPlacas,marca,modelo,esMotocicleta,esBicicleta,noLicencia) VALUES ('498XET','Dodge','harley-davison',true,false,'OXTACOIPKM');
INSERT INTO transporte(noPlacas,marca,modelo,esMotocicleta,esBicicleta,noLicencia) VALUES ('095AZB','Toyota','yamaha',false,false,NULL);
INSERT INTO transporte(noPlacas,marca,modelo,esMotocicleta,esBicicleta,noLicencia) VALUES ('896YXV','BMW','italika',false,false,NULL);
INSERT INTO transporte(noPlacas,marca,modelo,esMotocicleta,esBicicleta,noLicencia) VALUES ('548ALH','Lincoln','italika',true,true,'LDEAEWQQVE');
INSERT INTO transporte(noPlacas,marca,modelo,esMotocicleta,esBicicleta,noLicencia) VALUES ('950AWZ','Hyundai','yamaha',false,true,NULL);
INSERT INTO transporte(noPlacas,marca,modelo,esMotocicleta,esBicicleta,noLicencia) VALUES ('260KPI','Cadillac','harley-davison',false,true,NULL);
INSERT INTO transporte(noPlacas,marca,modelo,esMotocicleta,esBicicleta,noLicencia) VALUES ('182FIF','Ford','italika',false,false,NULL);
INSERT INTO transporte(noPlacas,marca,modelo,esMotocicleta,esBicicleta,noLicencia) VALUES ('695UUZ','Bentley','harley-davison',true,false,'CVVJJGWRHE');
INSERT INTO transporte(noPlacas,marca,modelo,esMotocicleta,esBicicleta,noLicencia) VALUES ('155TAW','Mercedes-Benz','harley-davison',true,false,'ILDMFAVKVZ');
INSERT INTO transporte(noPlacas,marca,modelo,esMotocicleta,esBicicleta,noLicencia) VALUES ('101VBU','Mercedes-Benz','yamaha',false,false,NULL);
INSERT INTO transporte(noPlacas,marca,modelo,esMotocicleta,esBicicleta,noLicencia) VALUES ('512NXB','Toyota','yamaha',false,true,NULL);
INSERT INTO transporte(noPlacas,marca,modelo,esMotocicleta,esBicicleta,noLicencia) VALUES ('016ZKQ','Kia','harley-davison',false,true,NULL);
INSERT INTO transporte(noPlacas,marca,modelo,esMotocicleta,esBicicleta,noLicencia) VALUES ('937FYY','Dodge','yamaha',false,true,NULL);
INSERT INTO transporte(noPlacas,marca,modelo,esMotocicleta,esBicicleta,noLicencia) VALUES ('563VMG','Pontiac','yamaha',true,false,'YLVUWUWQEB');
INSERT INTO transporte(noPlacas,marca,modelo,esMotocicleta,esBicicleta,noLicencia) VALUES ('240PTD','Honda','italika',true,false,'EIXLGPZQQX');
INSERT INTO transporte(noPlacas,marca,modelo,esMotocicleta,esBicicleta,noLicencia) VALUES ('029TAB','Rolls-Royce','harley-davison',false,false,NULL);
INSERT INTO transporte(noPlacas,marca,modelo,esMotocicleta,esBicicleta,noLicencia) VALUES ('822GPY','Ford','yamaha',false,false,NULL);
INSERT INTO transporte(noPlacas,marca,modelo,esMotocicleta,esBicicleta,noLicencia) VALUES ('045OVE','Maserati','yamaha',false,true,NULL);
INSERT INTO transporte(noPlacas,marca,modelo,esMotocicleta,esBicicleta,noLicencia) VALUES ('318OHL','Toyota','italika',false,false,NULL);
INSERT INTO transporte(noPlacas,marca,modelo,esMotocicleta,esBicicleta,noLicencia) VALUES ('745KES','Infiniti','harley-davison',true,true,'BJKZCCMEPK');
INSERT INTO transporte(noPlacas,marca,modelo,esMotocicleta,esBicicleta,noLicencia) VALUES ('754VQN','Chevrolet','harley-davison',true,true,'RPWQIYZDSK');
INSERT INTO transporte(noPlacas,marca,modelo,esMotocicleta,esBicicleta,noLicencia) VALUES ('098KVQ','Buick','yamaha',true,true,'YRHGDKDWAP');
INSERT INTO transporte(noPlacas,marca,modelo,esMotocicleta,esBicicleta,noLicencia) VALUES ('284QIB','Scion','yamaha',true,false,'UXXNKOLLHY');
INSERT INTO transporte(noPlacas,marca,modelo,esMotocicleta,esBicicleta,noLicencia) VALUES ('117WOW','Dodge','yamaha',false,true,NULL);
INSERT INTO transporte(noPlacas,marca,modelo,esMotocicleta,esBicicleta,noLicencia) VALUES ('858XMB','Volvo','harley-davison',true,false,'JESATQMNFF');
INSERT INTO transporte(noPlacas,marca,modelo,esMotocicleta,esBicicleta,noLicencia) VALUES ('317GQT','Lincoln','harley-davison',false,false,NULL);
INSERT INTO transporte(noPlacas,marca,modelo,esMotocicleta,esBicicleta,noLicencia) VALUES ('594WUA','Audi','harley-davison',false,true,NULL);
INSERT INTO transporte(noPlacas,marca,modelo,esMotocicleta,esBicicleta,noLicencia) VALUES ('373KMV','Pontiac','yamaha',false,true,NULL);
INSERT INTO transporte(noPlacas,marca,modelo,esMotocicleta,esBicicleta,noLicencia) VALUES ('288AZW','Chevrolet','harley-davison',true,true,'LTZFTNYHMM');
INSERT INTO transporte(noPlacas,marca,modelo,esMotocicleta,esBicicleta,noLicencia) VALUES ('645DGP','Chevrolet','harley-davison',false,false,NULL);
INSERT INTO transporte(noPlacas,marca,modelo,esMotocicleta,esBicicleta,noLicencia) VALUES ('321WGD','Mazda','italika',true,true,'UOQAGPFCPG');
INSERT INTO transporte(noPlacas,marca,modelo,esMotocicleta,esBicicleta,noLicencia) VALUES ('148GCK','Volvo','harley-davison',true,false,'ZTIKSTDOKA');
INSERT INTO transporte(noPlacas,marca,modelo,esMotocicleta,esBicicleta,noLicencia) VALUES ('741SHZ','Mercedes-Benz','italika',false,true,NULL);
INSERT INTO transporte(noPlacas,marca,modelo,esMotocicleta,esBicicleta,noLicencia) VALUES ('257USQ','Toyota','harley-davison',true,true,'HMGQOSVLMH');
INSERT INTO transporte(noPlacas,marca,modelo,esMotocicleta,esBicicleta,noLicencia) VALUES ('903BHG','Toyota','italika',true,false,'FIYGXTPUJM');
INSERT INTO transporte(noPlacas,marca,modelo,esMotocicleta,esBicicleta,noLicencia) VALUES ('901JXN','Pontiac','harley-davison',true,false,'STFMQFHJLO');
INSERT INTO transporte(noPlacas,marca,modelo,esMotocicleta,esBicicleta,noLicencia) VALUES ('482HUN','Alfa Romeo','harley-davison',true,false,'MPQXFVMCBK');
INSERT INTO transporte(noPlacas,marca,modelo,esMotocicleta,esBicicleta,noLicencia) VALUES ('500QWA','Dodge','harley-davison',true,false,'TUPDZUZZYM');
INSERT INTO transporte(noPlacas,marca,modelo,esMotocicleta,esBicicleta,noLicencia) VALUES ('284VGG','Pontiac','harley-davison',false,true,NULL);
INSERT INTO transporte(noPlacas,marca,modelo,esMotocicleta,esBicicleta,noLicencia) VALUES ('477XUN','Oldsmobile','yamaha',true,true,'JMSUUCURVL');
INSERT INTO transporte(noPlacas,marca,modelo,esMotocicleta,esBicicleta,noLicencia) VALUES ('442LEQ','Peugeot','harley-davison',false,false,NULL);
INSERT INTO transporte(noPlacas,marca,modelo,esMotocicleta,esBicicleta,noLicencia) VALUES ('639BPU','Nissan','yamaha',false,false,NULL);
INSERT INTO transporte(noPlacas,marca,modelo,esMotocicleta,esBicicleta,noLicencia) VALUES ('121LAV','Bentley','yamaha',false,true,NULL);
INSERT INTO transporte(noPlacas,marca,modelo,esMotocicleta,esBicicleta,noLicencia) VALUES ('094ZXG','Porsche','harley-davison',true,false,'OXWKRSCJPX');
INSERT INTO transporte(noPlacas,marca,modelo,esMotocicleta,esBicicleta,noLicencia) VALUES ('267STF','Infiniti','yamaha',false,false,NULL);
INSERT INTO transporte(noPlacas,marca,modelo,esMotocicleta,esBicicleta,noLicencia) VALUES ('958NOM','Chevrolet','harley-davison',true,false,'BNHRZOMAHA');
INSERT INTO transporte(noPlacas,marca,modelo,esMotocicleta,esBicicleta,noLicencia) VALUES ('469ZIN','Mercedes-Benz','yamaha',false,false,NULL);
INSERT INTO transporte(noPlacas,marca,modelo,esMotocicleta,esBicicleta,noLicencia) VALUES ('623FWL','Infiniti','italika',false,true,NULL);
INSERT INTO transporte(noPlacas,marca,modelo,esMotocicleta,esBicicleta,noLicencia) VALUES ('870DGY','GMC','harley-davison',true,true,'ZCHNNLEUWR');
INSERT INTO transporte(noPlacas,marca,modelo,esMotocicleta,esBicicleta,noLicencia) VALUES ('353ZIS','Lexus','italika',false,true,NULL);
INSERT INTO transporte(noPlacas,marca,modelo,esMotocicleta,esBicicleta,noLicencia) VALUES ('197UUE','Lamborghini','yamaha',false,false,NULL);
INSERT INTO transporte(noPlacas,marca,modelo,esMotocicleta,esBicicleta,noLicencia) VALUES ('078DAJ','Ford','harley-davison',true,false,'VVHJLJKUNX');
INSERT INTO transporte(noPlacas,marca,modelo,esMotocicleta,esBicicleta,noLicencia) VALUES ('023MVM','Chevrolet','harley-davison',true,true,'TLZSBSWQOV');
INSERT INTO transporte(noPlacas,marca,modelo,esMotocicleta,esBicicleta,noLicencia) VALUES ('970ZTT','Mazda','italika',false,false,NULL);
INSERT INTO transporte(noPlacas,marca,modelo,esMotocicleta,esBicicleta,noLicencia) VALUES ('726AME','Plymouth','yamaha',false,false,NULL);
INSERT INTO transporte(noPlacas,marca,modelo,esMotocicleta,esBicicleta,noLicencia) VALUES ('042PET','Honda','italika',true,false,'VMQZVXVTZB');
INSERT INTO transporte(noPlacas,marca,modelo,esMotocicleta,esBicicleta,noLicencia) VALUES ('877TXK','Toyota','harley-davison',false,true,NULL);
INSERT INTO transporte(noPlacas,marca,modelo,esMotocicleta,esBicicleta,noLicencia) VALUES ('746SDH','Ford','italika',false,false,NULL);
INSERT INTO transporte(noPlacas,marca,modelo,esMotocicleta,esBicicleta,noLicencia) VALUES ('201WNV','Mercedes-Benz','harley-davison',true,true,'RJODETCBUF');
INSERT INTO transporte(noPlacas,marca,modelo,esMotocicleta,esBicicleta,noLicencia) VALUES ('124WFD','Lamborghini','italika',false,false,NULL);
INSERT INTO transporte(noPlacas,marca,modelo,esMotocicleta,esBicicleta,noLicencia) VALUES ('816RYQ','Mercury','yamaha',false,true,NULL);
INSERT INTO transporte(noPlacas,marca,modelo,esMotocicleta,esBicicleta,noLicencia) VALUES ('564WUN','Dodge','harley-davison',true,true,'UMHRGPSUAA');
INSERT INTO transporte(noPlacas,marca,modelo,esMotocicleta,esBicicleta,noLicencia) VALUES ('162VKT','Cadillac','italika',false,true,NULL);
INSERT INTO transporte(noPlacas,marca,modelo,esMotocicleta,esBicicleta,noLicencia) VALUES ('086HIS','Saturn','italika',false,true,NULL);
INSERT INTO transporte(noPlacas,marca,modelo,esMotocicleta,esBicicleta,noLicencia) VALUES ('583SYE','Isuzu','harley-davison',false,true,NULL);
INSERT INTO transporte(noPlacas,marca,modelo,esMotocicleta,esBicicleta,noLicencia) VALUES ('381XDJ','Chevrolet','yamaha',false,false,NULL);
INSERT INTO transporte(noPlacas,marca,modelo,esMotocicleta,esBicicleta,noLicencia) VALUES ('427MDT','Chevrolet','yamaha',false,true,NULL);
INSERT INTO transporte(noPlacas,marca,modelo,esMotocicleta,esBicicleta,noLicencia) VALUES ('985YBD','Jaguar','harley-davison',true,false,'WQFWGQWQNS');
INSERT INTO transporte(noPlacas,marca,modelo,esMotocicleta,esBicicleta,noLicencia) VALUES ('913OLF','Nissan','italika',false,false,NULL);
INSERT INTO transporte(noPlacas,marca,modelo,esMotocicleta,esBicicleta,noLicencia) VALUES ('500VAG','Acura','harley-davison',false,false,NULL);
INSERT INTO transporte(noPlacas,marca,modelo,esMotocicleta,esBicicleta,noLicencia) VALUES ('336NZT','Subaru','yamaha',false,true,NULL);
INSERT INTO transporte(noPlacas,marca,modelo,esMotocicleta,esBicicleta,noLicencia) VALUES ('663VEY','Acura','yamaha',true,false,'IINCUUQAOA');
INSERT INTO transporte(noPlacas,marca,modelo,esMotocicleta,esBicicleta,noLicencia) VALUES ('207SXH','Chrysler','italika',true,true,'BGDWTFRXFY');
INSERT INTO transporte(noPlacas,marca,modelo,esMotocicleta,esBicicleta,noLicencia) VALUES ('763PBE','Mazda','harley-davison',false,false,NULL);
INSERT INTO transporte(noPlacas,marca,modelo,esMotocicleta,esBicicleta,noLicencia) VALUES ('025ZVJ','GMC','yamaha',true,true,'WLCPOFTDAN');
INSERT INTO transporte(noPlacas,marca,modelo,esMotocicleta,esBicicleta,noLicencia) VALUES ('240YSV','Porsche','yamaha',true,true,'UVKULIGDRK');
INSERT INTO transporte(noPlacas,marca,modelo,esMotocicleta,esBicicleta,noLicencia) VALUES ('005FPD','Chrysler','italika',false,true,NULL);
INSERT INTO transporte(noPlacas,marca,modelo,esMotocicleta,esBicicleta,noLicencia) VALUES ('531TBX','Mercedes-Benz','italika',false,true,NULL);
INSERT INTO transporte(noPlacas,marca,modelo,esMotocicleta,esBicicleta,noLicencia) VALUES ('203JXC','Honda','harley-davison',true,false,'DJTFTNQTBC');
INSERT INTO transporte(noPlacas,marca,modelo,esMotocicleta,esBicicleta,noLicencia) VALUES ('475FWA','Ford','italika',true,false,'XYWXQQGSMG');
INSERT INTO transporte(noPlacas,marca,modelo,esMotocicleta,esBicicleta,noLicencia) VALUES ('819PGO','Honda','italika',true,true,'ULLPFQMGVH');
INSERT INTO transporte(noPlacas,marca,modelo,esMotocicleta,esBicicleta,noLicencia) VALUES ('257EMZ','Kia','yamaha',true,false,'BUTYMHKRNR');
INSERT INTO transporte(noPlacas,marca,modelo,esMotocicleta,esBicicleta,noLicencia) VALUES ('768NJK','GMC','italika',false,false,NULL);
INSERT INTO transporte(noPlacas,marca,modelo,esMotocicleta,esBicicleta,noLicencia) VALUES ('826EVO','Pontiac','italika',false,true,NULL);
INSERT INTO transporte(noPlacas,marca,modelo,esMotocicleta,esBicicleta,noLicencia) VALUES ('248QPV','Dodge','yamaha',false,true,NULL);
INSERT INTO transporte(noPlacas,marca,modelo,esMotocicleta,esBicicleta,noLicencia) VALUES ('858LHD','Toyota','yamaha',false,false,NULL);
INSERT INTO transporte(noPlacas,marca,modelo,esMotocicleta,esBicicleta,noLicencia) VALUES ('954QCZ','Chrysler','harley-davison',true,false,'XNYWRRAKKX');
INSERT INTO transporte(noPlacas,marca,modelo,esMotocicleta,esBicicleta,noLicencia) VALUES ('927QCX','Mitsubishi','italika',false,false,NULL);
INSERT INTO transporte(noPlacas,marca,modelo,esMotocicleta,esBicicleta,noLicencia) VALUES ('984MCM','Lincoln','yamaha',true,false,'KPZUDSYTGG');
INSERT INTO transporte(noPlacas,marca,modelo,esMotocicleta,esBicicleta,noLicencia) VALUES ('373SWU','Nissan','yamaha',false,false,NULL);
INSERT INTO transporte(noPlacas,marca,modelo,esMotocicleta,esBicicleta,noLicencia) VALUES ('488NMK','Dodge','harley-davison',true,false,'AUOKQUZQHB');
INSERT INTO transporte(noPlacas,marca,modelo,esMotocicleta,esBicicleta,noLicencia) VALUES ('714VDW','Porsche','italika',true,true,'JYILXINOOW');
INSERT INTO transporte(noPlacas,marca,modelo,esMotocicleta,esBicicleta,noLicencia) VALUES ('174GJH','Ford','yamaha',false,false,NULL);
INSERT INTO transporte(noPlacas,marca,modelo,esMotocicleta,esBicicleta,noLicencia) VALUES ('332EAU','Honda','italika',false,true,NULL);
INSERT INTO transporte(noPlacas,marca,modelo,esMotocicleta,esBicicleta,noLicencia) VALUES ('044PAR','Mitsubishi','italika',false,false,NULL);
INSERT INTO transporte(noPlacas,marca,modelo,esMotocicleta,esBicicleta,noLicencia) VALUES ('337RUN','Ford','harley-davison',false,true,NULL);
INSERT INTO transporte(noPlacas,marca,modelo,esMotocicleta,esBicicleta,noLicencia) VALUES ('233OIQ','Toyota','harley-davison',false,true,NULL);
INSERT INTO transporte(noPlacas,marca,modelo,esMotocicleta,esBicicleta,noLicencia) VALUES ('514SVF','Volvo','harley-davison',false,true,NULL);
INSERT INTO transporte(noPlacas,marca,modelo,esMotocicleta,esBicicleta,noLicencia) VALUES ('012BSW','Hyundai','yamaha',true,false,'WUUNNTWGCV');
INSERT INTO transporte(noPlacas,marca,modelo,esMotocicleta,esBicicleta,noLicencia) VALUES ('978CZQ','Ford','harley-davison',false,false,NULL);
INSERT INTO transporte(noPlacas,marca,modelo,esMotocicleta,esBicicleta,noLicencia) VALUES ('895JTO','Mercedes-Benz','harley-davison',true,false,'TJMVPASRLC');
INSERT INTO transporte(noPlacas,marca,modelo,esMotocicleta,esBicicleta,noLicencia) VALUES ('957SZJ','GMC','yamaha',true,true,'RGARWOYJQG');
INSERT INTO transporte(noPlacas,marca,modelo,esMotocicleta,esBicicleta,noLicencia) VALUES ('937CTN','Ford','italika',true,true,'INMMMYOUXY');
INSERT INTO transporte(noPlacas,marca,modelo,esMotocicleta,esBicicleta,noLicencia) VALUES ('837TOQ','Mazda','harley-davison',false,true,NULL);
INSERT INTO transporte(noPlacas,marca,modelo,esMotocicleta,esBicicleta,noLicencia) VALUES ('355ZZX','Buick','italika',false,false,NULL);
INSERT INTO transporte(noPlacas,marca,modelo,esMotocicleta,esBicicleta,noLicencia) VALUES ('687POL','Honda','italika',false,true,NULL);
INSERT INTO transporte(noPlacas,marca,modelo,esMotocicleta,esBicicleta,noLicencia) VALUES ('134NUO','Dodge','harley-davison',true,true,'MMLCBIIOUB');
INSERT INTO transporte(noPlacas,marca,modelo,esMotocicleta,esBicicleta,noLicencia) VALUES ('845WPV','Acura','yamaha',true,false,'OMCPDUDTDM');
INSERT INTO transporte(noPlacas,marca,modelo,esMotocicleta,esBicicleta,noLicencia) VALUES ('920WJS','Acura','italika',true,true,'VAKWLGEFTE');
INSERT INTO transporte(noPlacas,marca,modelo,esMotocicleta,esBicicleta,noLicencia) VALUES ('431XGJ','BMW','italika',true,false,'RYLFDSDVYZ');
INSERT INTO transporte(noPlacas,marca,modelo,esMotocicleta,esBicicleta,noLicencia) VALUES ('501RLC','Isuzu','yamaha',false,false,NULL);
INSERT INTO transporte(noPlacas,marca,modelo,esMotocicleta,esBicicleta,noLicencia) VALUES ('300SDH','Audi','harley-davison',true,false,'DJKNKXERWC');
INSERT INTO transporte(noPlacas,marca,modelo,esMotocicleta,esBicicleta,noLicencia) VALUES ('136YTA','Jaguar','harley-davison',false,true,NULL);
INSERT INTO transporte(noPlacas,marca,modelo,esMotocicleta,esBicicleta,noLicencia) VALUES ('872VNM','BMW','yamaha',true,true,'FPNAEWOEPC');
INSERT INTO transporte(noPlacas,marca,modelo,esMotocicleta,esBicicleta,noLicencia) VALUES ('547PEV','Chevrolet','harley-davison',false,true,NULL);
INSERT INTO transporte(noPlacas,marca,modelo,esMotocicleta,esBicicleta,noLicencia) VALUES ('622ABX','Kia','harley-davison',true,false,'YPZQPISJGV');
INSERT INTO transporte(noPlacas,marca,modelo,esMotocicleta,esBicicleta,noLicencia) VALUES ('610UBX','Honda','yamaha',false,true,NULL);
INSERT INTO transporte(noPlacas,marca,modelo,esMotocicleta,esBicicleta,noLicencia) VALUES ('186USS','Toyota','italika',false,true,NULL);
INSERT INTO transporte(noPlacas,marca,modelo,esMotocicleta,esBicicleta,noLicencia) VALUES ('419LKI','Honda','harley-davison',false,false,NULL);
INSERT INTO transporte(noPlacas,marca,modelo,esMotocicleta,esBicicleta,noLicencia) VALUES ('760TQP','Hyundai','italika',true,false,'TTRWYNOBYD');
INSERT INTO transporte(noPlacas,marca,modelo,esMotocicleta,esBicicleta,noLicencia) VALUES ('593WUT','Austin','harley-davison',false,false,NULL);
INSERT INTO transporte(noPlacas,marca,modelo,esMotocicleta,esBicicleta,noLicencia) VALUES ('175GOS','Mitsubishi','harley-davison',false,false,NULL);
INSERT INTO transporte(noPlacas,marca,modelo,esMotocicleta,esBicicleta,noLicencia) VALUES ('948ZLV','BMW','italika',true,true,'ZMMVIRPMAW');
INSERT INTO transporte(noPlacas,marca,modelo,esMotocicleta,esBicicleta,noLicencia) VALUES ('085PIR','Buick','harley-davison',true,false,'JWXLHFTSKL');
INSERT INTO transporte(noPlacas,marca,modelo,esMotocicleta,esBicicleta,noLicencia) VALUES ('837TYW','Buick','yamaha',false,true,NULL);
INSERT INTO transporte(noPlacas,marca,modelo,esMotocicleta,esBicicleta,noLicencia) VALUES ('693YBS','Mercedes-Benz','yamaha',false,false,NULL);
INSERT INTO transporte(noPlacas,marca,modelo,esMotocicleta,esBicicleta,noLicencia) VALUES ('574NQS','BMW','yamaha',true,true,'MGZCJYKKNS');
INSERT INTO transporte(noPlacas,marca,modelo,esMotocicleta,esBicicleta,noLicencia) VALUES ('587NBT','Mitsubishi','italika',true,true,'FPLHRIAVNF');
INSERT INTO transporte(noPlacas,marca,modelo,esMotocicleta,esBicicleta,noLicencia) VALUES ('192YII','Chevrolet','yamaha',true,true,'HVQYPPTSSJ');
INSERT INTO transporte(noPlacas,marca,modelo,esMotocicleta,esBicicleta,noLicencia) VALUES ('111FBS','Chevrolet','italika',false,true,NULL);
INSERT INTO transporte(noPlacas,marca,modelo,esMotocicleta,esBicicleta,noLicencia) VALUES ('436BEK','Ford','harley-davison',false,true,NULL);
INSERT INTO transporte(noPlacas,marca,modelo,esMotocicleta,esBicicleta,noLicencia) VALUES ('826RFC','Porsche','italika',true,true,'WAUMGIREFT');
INSERT INTO transporte(noPlacas,marca,modelo,esMotocicleta,esBicicleta,noLicencia) VALUES ('929BTF','Hyundai','italika',false,true,NULL);
INSERT INTO transporte(noPlacas,marca,modelo,esMotocicleta,esBicicleta,noLicencia) VALUES ('887XSV','Jaguar','harley-davison',false,true,NULL);
INSERT INTO transporte(noPlacas,marca,modelo,esMotocicleta,esBicicleta,noLicencia) VALUES ('403EPA','GMC','italika',true,true,'KTLQHQSHJH');
INSERT INTO transporte(noPlacas,marca,modelo,esMotocicleta,esBicicleta,noLicencia) VALUES ('310PPM','Dodge','italika',false,false,NULL);
INSERT INTO transporte(noPlacas,marca,modelo,esMotocicleta,esBicicleta,noLicencia) VALUES ('864IXH','Nissan','harley-davison',true,false,'JYHLWGWVPX');
INSERT INTO transporte(noPlacas,marca,modelo,esMotocicleta,esBicicleta,noLicencia) VALUES ('563ZIT','Chevrolet','harley-davison',true,true,'QNVYUAGVSP');
INSERT INTO transporte(noPlacas,marca,modelo,esMotocicleta,esBicicleta,noLicencia) VALUES ('707QYK','Ford','yamaha',false,false,NULL);
INSERT INTO transporte(noPlacas,marca,modelo,esMotocicleta,esBicicleta,noLicencia) VALUES ('669ZFT','Toyota','yamaha',false,false,NULL);
INSERT INTO transporte(noPlacas,marca,modelo,esMotocicleta,esBicicleta,noLicencia) VALUES ('757KKD','Volkswagen','yamaha',true,false,'BNCGLPNQUY');
INSERT INTO transporte(noPlacas,marca,modelo,esMotocicleta,esBicicleta,noLicencia) VALUES ('113BLT','Mitsubishi','harley-davison',true,false,'YOQWIZHXZP');
INSERT INTO transporte(noPlacas,marca,modelo,esMotocicleta,esBicicleta,noLicencia) VALUES ('381KJM','Mercury','yamaha',false,true,NULL);
INSERT INTO transporte(noPlacas,marca,modelo,esMotocicleta,esBicicleta,noLicencia) VALUES ('735LAP','Mercedes-Benz','harley-davison',false,true,NULL);
INSERT INTO transporte(noPlacas,marca,modelo,esMotocicleta,esBicicleta,noLicencia) VALUES ('544XWY','Buick','harley-davison',false,false,NULL);
INSERT INTO transporte(noPlacas,marca,modelo,esMotocicleta,esBicicleta,noLicencia) VALUES ('868RAS','Porsche','harley-davison',false,true,NULL);
INSERT INTO transporte(noPlacas,marca,modelo,esMotocicleta,esBicicleta,noLicencia) VALUES ('545UKS','Dodge','italika',false,true,NULL);
INSERT INTO transporte(noPlacas,marca,modelo,esMotocicleta,esBicicleta,noLicencia) VALUES ('798MBW','Suzuki','italika',true,false,'ZIFCSDAKNA');
INSERT INTO transporte(noPlacas,marca,modelo,esMotocicleta,esBicicleta,noLicencia) VALUES ('898ZUC','Mercedes-Benz','yamaha',false,true,NULL);
INSERT INTO transporte(noPlacas,marca,modelo,esMotocicleta,esBicicleta,noLicencia) VALUES ('235NSN','Mercury','yamaha',false,true,NULL);
INSERT INTO transporte(noPlacas,marca,modelo,esMotocicleta,esBicicleta,noLicencia) VALUES ('365DFS','Chrysler','italika',true,true,'IKEYEIRIDW');
INSERT INTO transporte(noPlacas,marca,modelo,esMotocicleta,esBicicleta,noLicencia) VALUES ('695ZMZ','Hyundai','harley-davison',true,false,'JLEHQRWEIY');
INSERT INTO transporte(noPlacas,marca,modelo,esMotocicleta,esBicicleta,noLicencia) VALUES ('013SJK','Mercury','italika',true,true,'RAAAIGXSZU');
INSERT INTO transporte(noPlacas,marca,modelo,esMotocicleta,esBicicleta,noLicencia) VALUES ('303CRH','Bentley','yamaha',false,true,NULL);




/*-----------------------------------------------------------------------
 ---------------------[ Datos de Manejar]----------------------
 ----------------------------------------------------------------------*/


INSERT INTO manejar(idPersona,noPlacas) VALUES (89859717,'276BHJ');
INSERT INTO manejar(idPersona,noPlacas) VALUES (2904319393,'871UUJ');
INSERT INTO manejar(idPersona,noPlacas) VALUES (6177835138,'501JZY');
INSERT INTO manejar(idPersona,noPlacas) VALUES (732357583,'512NXB');
INSERT INTO manejar(idPersona,noPlacas) VALUES (9940256031,'365STG');
INSERT INTO manejar(idPersona,noPlacas) VALUES (7084676391,'582SBQ');
INSERT INTO manejar(idPersona,noPlacas) VALUES (966675254,'079FVY');
INSERT INTO manejar(idPersona,noPlacas) VALUES (270385581,'290JXM');
INSERT INTO manejar(idPersona,noPlacas) VALUES (6452993458,'066RYN');
INSERT INTO manejar(idPersona,noPlacas) VALUES (3344604514,'774TVL');
INSERT INTO manejar(idPersona,noPlacas) VALUES (3241339201,'106GRB');
INSERT INTO manejar(idPersona,noPlacas) VALUES (7332536809,'758ATN');
INSERT INTO manejar(idPersona,noPlacas) VALUES (1332119756,'277UDL');
INSERT INTO manejar(idPersona,noPlacas) VALUES (2683577435,'507KUI');
INSERT INTO manejar(idPersona,noPlacas) VALUES (2897541330,'211ZJG');
INSERT INTO manejar(idPersona,noPlacas) VALUES (2160057164,'902NMF');
INSERT INTO manejar(idPersona,noPlacas) VALUES (5277893130,'425YAL');
INSERT INTO manejar(idPersona,noPlacas) VALUES (859577501,'693YBS');
INSERT INTO manejar(idPersona,noPlacas) VALUES (7678826123,'917TVS');
INSERT INTO manejar(idPersona,noPlacas) VALUES (6540307150,'955DUR');
INSERT INTO manejar(idPersona,noPlacas) VALUES (4833689890,'067VUA');
INSERT INTO manejar(idPersona,noPlacas) VALUES (4284753104,'774RBH');
INSERT INTO manejar(idPersona,noPlacas) VALUES (8103847467,'960ITA');
INSERT INTO manejar(idPersona,noPlacas) VALUES (2001345257,'522SDI');
INSERT INTO manejar(idPersona,noPlacas) VALUES (1887443984,'546OBJ');
INSERT INTO manejar(idPersona,noPlacas) VALUES (5359230600,'419ASA');
INSERT INTO manejar(idPersona,noPlacas) VALUES (2679837720,'122KJM');
INSERT INTO manejar(idPersona,noPlacas) VALUES (6935275585,'543HUF');
INSERT INTO manejar(idPersona,noPlacas) VALUES (7798302957,'460PSU');
INSERT INTO manejar(idPersona,noPlacas) VALUES (4675768550,'322ZNH');
INSERT INTO manejar(idPersona,noPlacas) VALUES (8494015849,'608MVC');
INSERT INTO manejar(idPersona,noPlacas) VALUES (1240527778,'412KLY');
INSERT INTO manejar(idPersona,noPlacas) VALUES (4608088326,'887XSV');
INSERT INTO manejar(idPersona,noPlacas) VALUES (1181873554,'241SYA');
INSERT INTO manejar(idPersona,noPlacas) VALUES (9713347057,'773NJV');
INSERT INTO manejar(idPersona,noPlacas) VALUES (6611469620,'754RST');
INSERT INTO manejar(idPersona,noPlacas) VALUES (2258224145,'311AHW');
INSERT INTO manejar(idPersona,noPlacas) VALUES (9660116645,'317GQT');
INSERT INTO manejar(idPersona,noPlacas) VALUES (9770279408,'105FAV');
INSERT INTO manejar(idPersona,noPlacas) VALUES (466159214,'167YAV');
INSERT INTO manejar(idPersona,noPlacas) VALUES (5490309280,'956JKS');
INSERT INTO manejar(idPersona,noPlacas) VALUES (1819451701,'119LUR');
INSERT INTO manejar(idPersona,noPlacas) VALUES (8951574021,'853TTF');
INSERT INTO manejar(idPersona,noPlacas) VALUES (4943423479,'564WUN');
INSERT INTO manejar(idPersona,noPlacas) VALUES (6063150911,'706ENE');



/*-----------------------------------------------------------------------
 ---------------------[ Datos de Proveer]----------------------
 ----------------------------------------------------------------------*/

INSERT INTO proveer(idInsumo,idProveedor) VALUES ('IO7037725',9968579265);
INSERT INTO proveer(idInsumo,idProveedor) VALUES ('MB2157298',7055707031);
INSERT INTO proveer(idInsumo,idProveedor) VALUES ('SH5761510',5312878223);
INSERT INTO proveer(idInsumo,idProveedor) VALUES ('IB8727504',372242028);
INSERT INTO proveer(idInsumo,idProveedor) VALUES ('MS3897111',5208743413);
INSERT INTO proveer(idInsumo,idProveedor) VALUES ('ME6923618',8997190451);
INSERT INTO proveer(idInsumo,idProveedor) VALUES ('OK1160442',1512269663);
INSERT INTO proveer(idInsumo,idProveedor) VALUES ('JY9142466',9324630994);
INSERT INTO proveer(idInsumo,idProveedor) VALUES ('DO1629842',9037132385);
INSERT INTO proveer(idInsumo,idProveedor) VALUES ('YY7665191',3805224239);
INSERT INTO proveer(idInsumo,idProveedor) VALUES ('PT0674460',9617377086);
INSERT INTO proveer(idInsumo,idProveedor) VALUES ('RN6978323',8893806592);
INSERT INTO proveer(idInsumo,idProveedor) VALUES ('ZQ4556594',1024625709);
INSERT INTO proveer(idInsumo,idProveedor) VALUES ('ZS5815773',4587960249);
INSERT INTO proveer(idInsumo,idProveedor) VALUES ('FU1591704',8494015849);
INSERT INTO proveer(idInsumo,idProveedor) VALUES ('FN6875299',6611469620);
INSERT INTO proveer(idInsumo,idProveedor) VALUES ('EE7243970',4921704866);
INSERT INTO proveer(idInsumo,idProveedor) VALUES ('IU6583217',4048060101);
INSERT INTO proveer(idInsumo,idProveedor) VALUES ('HY6005726',4535694681);
INSERT INTO proveer(idInsumo,idProveedor) VALUES ('HN1699702',2669740263);
INSERT INTO proveer(idInsumo,idProveedor) VALUES ('WN1844659',2090377515);
INSERT INTO proveer(idInsumo,idProveedor) VALUES ('IK9394551',5059035924);
INSERT INTO proveer(idInsumo,idProveedor) VALUES ('FL3630064',4921704866);
INSERT INTO proveer(idInsumo,idProveedor) VALUES ('OM2778626',4466047455);
INSERT INTO proveer(idInsumo,idProveedor) VALUES ('OB3897421',3591906541);
INSERT INTO proveer(idInsumo,idProveedor) VALUES ('ZF9166526',2237167889);
INSERT INTO proveer(idInsumo,idProveedor) VALUES ('CW9475157',2669740263);
INSERT INTO proveer(idInsumo,idProveedor) VALUES ('HB7621307',9037132385);
INSERT INTO proveer(idInsumo,idProveedor) VALUES ('FP2056199',8333833967);
INSERT INTO proveer(idInsumo,idProveedor) VALUES ('AA4373144',5208743413);
INSERT INTO proveer(idInsumo,idProveedor) VALUES ('PH1116636',1630148845);
INSERT INTO proveer(idInsumo,idProveedor) VALUES ('JP6652403',7282861144);
INSERT INTO proveer(idInsumo,idProveedor) VALUES ('SR2409780',1533764737);
INSERT INTO proveer(idInsumo,idProveedor) VALUES ('VT7768110',2940815592);
INSERT INTO proveer(idInsumo,idProveedor) VALUES ('YO7763789',7200919204);
INSERT INTO proveer(idInsumo,idProveedor) VALUES ('DR6592306',9826239206);
INSERT INTO proveer(idInsumo,idProveedor) VALUES ('WM3668693',1819451701);
INSERT INTO proveer(idInsumo,idProveedor) VALUES ('TX6684816',7726350236);
INSERT INTO proveer(idInsumo,idProveedor) VALUES ('OK1160442',1982826289);
INSERT INTO proveer(idInsumo,idProveedor) VALUES ('KJ6430631',9904432753);
INSERT INTO proveer(idInsumo,idProveedor) VALUES ('HC9172078',7977993276);
INSERT INTO proveer(idInsumo,idProveedor) VALUES ('DY1147496',2658285226);
INSERT INTO proveer(idInsumo,idProveedor) VALUES ('CW9475157',9404104552);
INSERT INTO proveer(idInsumo,idProveedor) VALUES ('CV7275780',9037132385);
INSERT INTO proveer(idInsumo,idProveedor) VALUES ('RY8015023',1968274558);
INSERT INTO proveer(idInsumo,idProveedor) VALUES ('QM4482643',317066168);
INSERT INTO proveer(idInsumo,idProveedor) VALUES ('WJ5386441',4608088326);
INSERT INTO proveer(idInsumo,idProveedor) VALUES ('KB6467374',3754345212);
INSERT INTO proveer(idInsumo,idProveedor) VALUES ('YQ6154485',5196244432);
INSERT INTO proveer(idInsumo,idProveedor) VALUES ('UN9062845',1968274558);
INSERT INTO proveer(idInsumo,idProveedor) VALUES ('CW9475157',4977520674);
INSERT INTO proveer(idInsumo,idProveedor) VALUES ('JQ5103170',6216334768);
INSERT INTO proveer(idInsumo,idProveedor) VALUES ('XE9735025',7055707031);
INSERT INTO proveer(idInsumo,idProveedor) VALUES ('LP7324419',4587960249);
INSERT INTO proveer(idInsumo,idProveedor) VALUES ('MQ7304074',5022587215);
INSERT INTO proveer(idInsumo,idProveedor) VALUES ('PV5839302',8131402920);
INSERT INTO proveer(idInsumo,idProveedor) VALUES ('IK9394551',1600605085);
INSERT INTO proveer(idInsumo,idProveedor) VALUES ('IM8300887',4153370542);
INSERT INTO proveer(idInsumo,idProveedor) VALUES ('EX8122231',5975971605);
INSERT INTO proveer(idInsumo,idProveedor) VALUES ('YT5936527',6725827567);
INSERT INTO proveer(idInsumo,idProveedor) VALUES ('LC7856802',6935275585);
INSERT INTO proveer(idInsumo,idProveedor) VALUES ('WJ4618974',1819451701);
INSERT INTO proveer(idInsumo,idProveedor) VALUES ('WM3668693',3373745138);
INSERT INTO proveer(idInsumo,idProveedor) VALUES ('XE9735025',4853534599);
INSERT INTO proveer(idInsumo,idProveedor) VALUES ('BW9005329',5975971605);
INSERT INTO proveer(idInsumo,idProveedor) VALUES ('FT9742845',1360039078);
INSERT INTO proveer(idInsumo,idProveedor) VALUES ('KJ6430631',2555363907);
INSERT INTO proveer(idInsumo,idProveedor) VALUES ('LA2504060',3832026627);
INSERT INTO proveer(idInsumo,idProveedor) VALUES ('DE6795306',5912515854);
INSERT INTO proveer(idInsumo,idProveedor) VALUES ('UE1760757',1968274558);
INSERT INTO proveer(idInsumo,idProveedor) VALUES ('ET4762057',3266169129);
INSERT INTO proveer(idInsumo,idProveedor) VALUES ('XI2563654',6177835138);
INSERT INTO proveer(idInsumo,idProveedor) VALUES ('CN1488562',6216334768);
INSERT INTO proveer(idInsumo,idProveedor) VALUES ('IS0849352',4038903146);
INSERT INTO proveer(idInsumo,idProveedor) VALUES ('OB3897421',59055071);
INSERT INTO proveer(idInsumo,idProveedor) VALUES ('DR1280415',4448788363);
INSERT INTO proveer(idInsumo,idProveedor) VALUES ('MC0445937',9968579265);
INSERT INTO proveer(idInsumo,idProveedor) VALUES ('YD5893665',3241339201);
INSERT INTO proveer(idInsumo,idProveedor) VALUES ('KQ6738080',3373745138);
INSERT INTO proveer(idInsumo,idProveedor) VALUES ('CV7275780',5490309280);
INSERT INTO proveer(idInsumo,idProveedor) VALUES ('DT0047588',9826239206);
INSERT INTO proveer(idInsumo,idProveedor) VALUES ('XH3820263',9685599476);
INSERT INTO proveer(idInsumo,idProveedor) VALUES ('JX3345008',3805224239);
INSERT INTO proveer(idInsumo,idProveedor) VALUES ('VL2250008',7055707031);
INSERT INTO proveer(idInsumo,idProveedor) VALUES ('YV1411390',7282861144);
INSERT INTO proveer(idInsumo,idProveedor) VALUES ('NQ0631928',3632802839);
INSERT INTO proveer(idInsumo,idProveedor) VALUES ('TV2591615',4049744431);
INSERT INTO proveer(idInsumo,idProveedor) VALUES ('AZ9272871',9404104552);
INSERT INTO proveer(idInsumo,idProveedor) VALUES ('TQ1372792',4535694681);
INSERT INTO proveer(idInsumo,idProveedor) VALUES ('QB4306698',6364270419);
INSERT INTO proveer(idInsumo,idProveedor) VALUES ('GX7709996',7282861144);
INSERT INTO proveer(idInsumo,idProveedor) VALUES ('OZ4655622',4153370542);
INSERT INTO proveer(idInsumo,idProveedor) VALUES ('OT3256935',9602216528);
INSERT INTO proveer(idInsumo,idProveedor) VALUES ('YX0193110',4403158942);
INSERT INTO proveer(idInsumo,idProveedor) VALUES ('CN8936364',329825151);
INSERT INTO proveer(idInsumo,idProveedor) VALUES ('ZJ8070326',2904319393);
INSERT INTO proveer(idInsumo,idProveedor) VALUES ('TC2553679',2437680503);
INSERT INTO proveer(idInsumo,idProveedor) VALUES ('DC3869774',7752320700);
INSERT INTO proveer(idInsumo,idProveedor) VALUES ('WN1844659',9440291950);
INSERT INTO proveer(idInsumo,idProveedor) VALUES ('JY4949482',8464147131);
INSERT INTO proveer(idInsumo,idProveedor) VALUES ('ZR0547423',1181873554);
INSERT INTO proveer(idInsumo,idProveedor) VALUES ('FL3630064',329825151);
INSERT INTO proveer(idInsumo,idProveedor) VALUES ('OT3256935',8131402920);
INSERT INTO proveer(idInsumo,idProveedor) VALUES ('IO7037725',6209648644);
INSERT INTO proveer(idInsumo,idProveedor) VALUES ('EI2482817',5059035924);
INSERT INTO proveer(idInsumo,idProveedor) VALUES ('BR2524461',7318087845);
INSERT INTO proveer(idInsumo,idProveedor) VALUES ('YO7763789',6364270419);
INSERT INTO proveer(idInsumo,idProveedor) VALUES ('SF6111296',9704793735);
INSERT INTO proveer(idInsumo,idProveedor) VALUES ('CW9475157',8193630594);
INSERT INTO proveer(idInsumo,idProveedor) VALUES ('XU7985163',3241339201);
INSERT INTO proveer(idInsumo,idProveedor) VALUES ('FB7635996',7200919204);
INSERT INTO proveer(idInsumo,idProveedor) VALUES ('BM7021012',372242028);
INSERT INTO proveer(idInsumo,idProveedor) VALUES ('TV2591615',4853534599);
INSERT INTO proveer(idInsumo,idProveedor) VALUES ('LQ4605117',8911258812);
INSERT INTO proveer(idInsumo,idProveedor) VALUES ('UT9170644',7808150879);
INSERT INTO proveer(idInsumo,idProveedor) VALUES ('MH8317584',5912515854);
INSERT INTO proveer(idInsumo,idProveedor) VALUES ('MT9433979',2897541330);
INSERT INTO proveer(idInsumo,idProveedor) VALUES ('EI2482817',361692480);
INSERT INTO proveer(idInsumo,idProveedor) VALUES ('FN6875299',9147665522);
INSERT INTO proveer(idInsumo,idProveedor) VALUES ('BW9005329',2001345257);
INSERT INTO proveer(idInsumo,idProveedor) VALUES ('LH6811461',4833689890);
INSERT INTO proveer(idInsumo,idProveedor) VALUES ('BG3678370',9826239206);
INSERT INTO proveer(idInsumo,idProveedor) VALUES ('LG3185677',1819451701);
INSERT INTO proveer(idInsumo,idProveedor) VALUES ('LC7856802',4992115234);
INSERT INTO proveer(idInsumo,idProveedor) VALUES ('ER2874518',4853534599);
INSERT INTO proveer(idInsumo,idProveedor) VALUES ('DS9299452',8131402920);
INSERT INTO proveer(idInsumo,idProveedor) VALUES ('OZ4655622',4921704866);
INSERT INTO proveer(idInsumo,idProveedor) VALUES ('IO7037725',4977520674);
INSERT INTO proveer(idInsumo,idProveedor) VALUES ('HY6005726',1360039078);
INSERT INTO proveer(idInsumo,idProveedor) VALUES ('WE8905238',2261977752);
INSERT INTO proveer(idInsumo,idProveedor) VALUES ('OM0211069',367730965);
INSERT INTO proveer(idInsumo,idProveedor) VALUES ('KJ0734315',1841962890);
INSERT INTO proveer(idInsumo,idProveedor) VALUES ('WJ4618974',4284753104);
INSERT INTO proveer(idInsumo,idProveedor) VALUES ('JP6652403',790523475);
INSERT INTO proveer(idInsumo,idProveedor) VALUES ('FU0337125',1985335434);
INSERT INTO proveer(idInsumo,idProveedor) VALUES ('MT7505137',8911258812);
INSERT INTO proveer(idInsumo,idProveedor) VALUES ('JW4265574',9885879646);
INSERT INTO proveer(idInsumo,idProveedor) VALUES ('IB8727504',6177835138);
INSERT INTO proveer(idInsumo,idProveedor) VALUES ('QB4306698',8333833967);
INSERT INTO proveer(idInsumo,idProveedor) VALUES ('MQ7304074',1919461831);
INSERT INTO proveer(idInsumo,idProveedor) VALUES ('DA0315958',5312878223);
INSERT INTO proveer(idInsumo,idProveedor) VALUES ('QS3538932',4587960249);
INSERT INTO proveer(idInsumo,idProveedor) VALUES ('NP8691978',4584325207);
INSERT INTO proveer(idInsumo,idProveedor) VALUES ('FU9730674',1985335434);
INSERT INTO proveer(idInsumo,idProveedor) VALUES ('LH6811461',317066168);
INSERT INTO proveer(idInsumo,idProveedor) VALUES ('AW7625418',9885879646);
INSERT INTO proveer(idInsumo,idProveedor) VALUES ('LJ7266713',6504146957);
INSERT INTO proveer(idInsumo,idProveedor) VALUES ('ZS5815773',2001345257);
INSERT INTO proveer(idInsumo,idProveedor) VALUES ('OB0060120',1841962890);
INSERT INTO proveer(idInsumo,idProveedor) VALUES ('ZQ7578637',7489794106);
INSERT INTO proveer(idInsumo,idProveedor) VALUES ('BN4529997',8997190451);
INSERT INTO proveer(idInsumo,idProveedor) VALUES ('UC8391387',7808150879);
INSERT INTO proveer(idInsumo,idProveedor) VALUES ('LA2504060',4587960249);
INSERT INTO proveer(idInsumo,idProveedor) VALUES ('HZ9292000',4853534599);
INSERT INTO proveer(idInsumo,idProveedor) VALUES ('VW8804319',4403158942);
INSERT INTO proveer(idInsumo,idProveedor) VALUES ('UG4675407',8254347204);
INSERT INTO proveer(idInsumo,idProveedor) VALUES ('HM4589163',4833689890);
INSERT INTO proveer(idInsumo,idProveedor) VALUES ('LC7856802',9927443485);
INSERT INTO proveer(idInsumo,idProveedor) VALUES ('BB0803595',8997190451);
INSERT INTO proveer(idInsumo,idProveedor) VALUES ('FB0510761',4153370542);
INSERT INTO proveer(idInsumo,idProveedor) VALUES ('JE7081000',7489794106);
INSERT INTO proveer(idInsumo,idProveedor) VALUES ('YV3531657',5059035924);
INSERT INTO proveer(idInsumo,idProveedor) VALUES ('FU9730674',1889390120);
INSERT INTO proveer(idInsumo,idProveedor) VALUES ('FN8162539',4284753104);
INSERT INTO proveer(idInsumo,idProveedor) VALUES ('QW0198018',4048060101);
INSERT INTO proveer(idInsumo,idProveedor) VALUES ('SJ1191664',372242028);
INSERT INTO proveer(idInsumo,idProveedor) VALUES ('VQ5078818',2904319393);
INSERT INTO proveer(idInsumo,idProveedor) VALUES ('OK7023128',9210122320);
INSERT INTO proveer(idInsumo,idProveedor) VALUES ('WV3594519',1985335434);
INSERT INTO proveer(idInsumo,idProveedor) VALUES ('SG7787477',8065477932);
INSERT INTO proveer(idInsumo,idProveedor) VALUES ('VQ5078818',5041652122);
INSERT INTO proveer(idInsumo,idProveedor) VALUES ('KB8245755',4853534599);
INSERT INTO proveer(idInsumo,idProveedor) VALUES ('TN7436654',4403158942);
INSERT INTO proveer(idInsumo,idProveedor) VALUES ('CN8936364',5697995127);
INSERT INTO proveer(idInsumo,idProveedor) VALUES ('SF6111296',1026603111);
INSERT INTO proveer(idInsumo,idProveedor) VALUES ('KS1796200',5975971605);
INSERT INTO proveer(idInsumo,idProveedor) VALUES ('DY1147496',4326672560);
INSERT INTO proveer(idInsumo,idProveedor) VALUES ('KO4996027',6063150911);
INSERT INTO proveer(idInsumo,idProveedor) VALUES ('IK8537600',2261977752);
INSERT INTO proveer(idInsumo,idProveedor) VALUES ('QO3506149',6504146957);
INSERT INTO proveer(idInsumo,idProveedor) VALUES ('YQ9548737',6725827567);
INSERT INTO proveer(idInsumo,idProveedor) VALUES ('ER6546305',4824390409);
INSERT INTO proveer(idInsumo,idProveedor) VALUES ('NY2040514',8065477932);
INSERT INTO proveer(idInsumo,idProveedor) VALUES ('FJ2843494',2072125457);
INSERT INTO proveer(idInsumo,idProveedor) VALUES ('IQ2101593',6452993458);
INSERT INTO proveer(idInsumo,idProveedor) VALUES ('DR2184321',4649430798);
INSERT INTO proveer(idInsumo,idProveedor) VALUES ('EI2482817',6725827567);
INSERT INTO proveer(idInsumo,idProveedor) VALUES ('FB0510761',8333833967);
INSERT INTO proveer(idInsumo,idProveedor) VALUES ('BU6193425',5762667793);
INSERT INTO proveer(idInsumo,idProveedor) VALUES ('XU7985163',5059035924);
INSERT INTO proveer(idInsumo,idProveedor) VALUES ('MH2626559',6063150911);
INSERT INTO proveer(idInsumo,idProveedor) VALUES ('YQ9548737',7752320700);
INSERT INTO proveer(idInsumo,idProveedor) VALUES ('PV4808119',7318087845);
INSERT INTO proveer(idInsumo,idProveedor) VALUES ('AZ9272871',8893806592);
INSERT INTO proveer(idInsumo,idProveedor) VALUES ('IR8845922',8988114759);
INSERT INTO proveer(idInsumo,idProveedor) VALUES ('UM6862541',7489794106);
INSERT INTO proveer(idInsumo,idProveedor) VALUES ('UW0678347',4048060101);
INSERT INTO proveer(idInsumo,idProveedor) VALUES ('OI4983093',8494015849);
INSERT INTO proveer(idInsumo,idProveedor) VALUES ('DF1682593',859577501);
INSERT INTO proveer(idInsumo,idProveedor) VALUES ('XT9782493',7752320700);
INSERT INTO proveer(idInsumo,idProveedor) VALUES ('TF3446919',5366809534);
INSERT INTO proveer(idInsumo,idProveedor) VALUES ('BN4529997',2963956836);
INSERT INTO proveer(idInsumo,idProveedor) VALUES ('IU6583217',4685253514);
INSERT INTO proveer(idInsumo,idProveedor) VALUES ('CV8862953',372242028);
INSERT INTO proveer(idInsumo,idProveedor) VALUES ('GX7709996',3241339201);
INSERT INTO proveer(idInsumo,idProveedor) VALUES ('NW4314470',8893806592);
INSERT INTO proveer(idInsumo,idProveedor) VALUES ('WP8184208',859577501);
INSERT INTO proveer(idInsumo,idProveedor) VALUES ('AD7005279',59055071);
INSERT INTO proveer(idInsumo,idProveedor) VALUES ('WM3668693',4153370542);
INSERT INTO proveer(idInsumo,idProveedor) VALUES ('OC9481118',5762667793);
INSERT INTO proveer(idInsumo,idProveedor) VALUES ('MN8930065',3266169129);
INSERT INTO proveer(idInsumo,idProveedor) VALUES ('QH8063949',8911258812);
INSERT INTO proveer(idInsumo,idProveedor) VALUES ('UM8948292',4678680465);
INSERT INTO proveer(idInsumo,idProveedor) VALUES ('LJ7266713',8951574021);
INSERT INTO proveer(idInsumo,idProveedor) VALUES ('EC1636128',8226214329);
INSERT INTO proveer(idInsumo,idProveedor) VALUES ('DY1147496',2237167889);
INSERT INTO proveer(idInsumo,idProveedor) VALUES ('UC8391387',8988114759);
INSERT INTO proveer(idInsumo,idProveedor) VALUES ('VB6252949',9324630994);
INSERT INTO proveer(idInsumo,idProveedor) VALUES ('YE2223215',1968274558);
INSERT INTO proveer(idInsumo,idProveedor) VALUES ('OD7391460',5022587215);
INSERT INTO proveer(idInsumo,idProveedor) VALUES ('IQ7705847',4284753104);
INSERT INTO proveer(idInsumo,idProveedor) VALUES ('EI2482817',3373745138);
INSERT INTO proveer(idInsumo,idProveedor) VALUES ('KJ6430631',9440291950);
INSERT INTO proveer(idInsumo,idProveedor) VALUES ('WX2704609',1851258354);
INSERT INTO proveer(idInsumo,idProveedor) VALUES ('QW3050480',9370267766);
INSERT INTO proveer(idInsumo,idProveedor) VALUES ('VB6252949',8295194526);
INSERT INTO proveer(idInsumo,idProveedor) VALUES ('WY0002876',361692480);
INSERT INTO proveer(idInsumo,idProveedor) VALUES ('JY4949482',1360439518);
INSERT INTO proveer(idInsumo,idProveedor) VALUES ('HB7621307',4685253514);
INSERT INTO proveer(idInsumo,idProveedor) VALUES ('CW9475157',4197988907);
INSERT INTO proveer(idInsumo,idProveedor) VALUES ('CS9348067',4649430798);
INSERT INTO proveer(idInsumo,idProveedor) VALUES ('YV3531657',9440291950);
INSERT INTO proveer(idInsumo,idProveedor) VALUES ('VB6252949',1519331946);
INSERT INTO proveer(idInsumo,idProveedor) VALUES ('KC7524762',5490309280);
INSERT INTO proveer(idInsumo,idProveedor) VALUES ('CS9348067',3632802839);
INSERT INTO proveer(idInsumo,idProveedor) VALUES ('BG3678370',8254347204);
INSERT INTO proveer(idInsumo,idProveedor) VALUES ('KG0952239',9370267766);
INSERT INTO proveer(idInsumo,idProveedor) VALUES ('BK9026437',9968579265);
INSERT INTO proveer(idInsumo,idProveedor) VALUES ('AH8980015',9324630994);
INSERT INTO proveer(idInsumo,idProveedor) VALUES ('UW8402482',7726350236);
INSERT INTO proveer(idInsumo,idProveedor) VALUES ('MR0113813',4977520674);
INSERT INTO proveer(idInsumo,idProveedor) VALUES ('OB1873168',2237167889);
INSERT INTO proveer(idInsumo,idProveedor) VALUES ('KG6589611',8951574021);
INSERT INTO proveer(idInsumo,idProveedor) VALUES ('TB8211720',8911258812);
INSERT INTO proveer(idInsumo,idProveedor) VALUES ('GY2825352',2940815592);
INSERT INTO proveer(idInsumo,idProveedor) VALUES ('ZD9083130',4038903146);
INSERT INTO proveer(idInsumo,idProveedor) VALUES ('CW9475157',8226214329);
INSERT INTO proveer(idInsumo,idProveedor) VALUES ('SF1706108',1024625709);
INSERT INTO proveer(idInsumo,idProveedor) VALUES ('RJ7051285',6452993458);
INSERT INTO proveer(idInsumo,idProveedor) VALUES ('FP2056199',9891529466);
INSERT INTO proveer(idInsumo,idProveedor) VALUES ('JR0102239',7752320700);
INSERT INTO proveer(idInsumo,idProveedor) VALUES ('EE7243970',1982826289);
INSERT INTO proveer(idInsumo,idProveedor) VALUES ('IQ2101593',7752320700);
INSERT INTO proveer(idInsumo,idProveedor) VALUES ('PM0078937',4584325207);
INSERT INTO proveer(idInsumo,idProveedor) VALUES ('HN1699702',317066168);
INSERT INTO proveer(idInsumo,idProveedor) VALUES ('WE4194246',8065477932);
INSERT INTO proveer(idInsumo,idProveedor) VALUES ('AB5502757',4153370542);
INSERT INTO proveer(idInsumo,idProveedor) VALUES ('UM6862541',8295194526);
INSERT INTO proveer(idInsumo,idProveedor) VALUES ('WY0002876',3754345212);
INSERT INTO proveer(idInsumo,idProveedor) VALUES ('AZ9272871',1889390120);
INSERT INTO proveer(idInsumo,idProveedor) VALUES ('IM8300887',1982826289);
INSERT INTO proveer(idInsumo,idProveedor) VALUES ('SJ1574065',1851258354);
INSERT INTO proveer(idInsumo,idProveedor) VALUES ('UP4753161',9440291950);
INSERT INTO proveer(idInsumo,idProveedor) VALUES ('MP2408752',5099047611);
INSERT INTO proveer(idInsumo,idProveedor) VALUES ('KO4996027',3241981965);
INSERT INTO proveer(idInsumo,idProveedor) VALUES ('KN4697146',4678680465);
INSERT INTO proveer(idInsumo,idProveedor) VALUES ('FM2284203',4587960249);
INSERT INTO proveer(idInsumo,idProveedor) VALUES ('BR2524461',2658285226);
INSERT INTO proveer(idInsumo,idProveedor) VALUES ('OB0060120',9404104552);
INSERT INTO proveer(idInsumo,idProveedor) VALUES ('IU6583217',4685253514);
INSERT INTO proveer(idInsumo,idProveedor) VALUES ('KF6126889',1360439518);
INSERT INTO proveer(idInsumo,idProveedor) VALUES ('CN8185762',2437680503);
INSERT INTO proveer(idInsumo,idProveedor) VALUES ('WV3594519',6725827567);
INSERT INTO proveer(idInsumo,idProveedor) VALUES ('CV7275780',5041652122);
INSERT INTO proveer(idInsumo,idProveedor) VALUES ('TQ1372792',1816392415);
INSERT INTO proveer(idInsumo,idProveedor) VALUES ('LH4944177',3754345212);
INSERT INTO proveer(idInsumo,idProveedor) VALUES ('JE2200357',7055707031);
INSERT INTO proveer(idInsumo,idProveedor) VALUES ('BK9026437',9904432753);
INSERT INTO proveer(idInsumo,idProveedor) VALUES ('GH3280252',5647567179);
INSERT INTO proveer(idInsumo,idProveedor) VALUES ('FE8669263',4992115234);
INSERT INTO proveer(idInsumo,idProveedor) VALUES ('OK7023128',1819451701);
INSERT INTO proveer(idInsumo,idProveedor) VALUES ('FU9730674',3632802839);
INSERT INTO proveer(idInsumo,idProveedor) VALUES ('RW8152875',9060297274);
INSERT INTO proveer(idInsumo,idProveedor) VALUES ('KG4350133',8464147131);
INSERT INTO proveer(idInsumo,idProveedor) VALUES ('MN8930065',6504146957);
INSERT INTO proveer(idInsumo,idProveedor) VALUES ('LO8256111',1181873554);
INSERT INTO proveer(idInsumo,idProveedor) VALUES ('TT1860811',3373745138);
INSERT INTO proveer(idInsumo,idProveedor) VALUES ('BW9005329',2897541330);
INSERT INTO proveer(idInsumo,idProveedor) VALUES ('CW4407262',9704793735);
INSERT INTO proveer(idInsumo,idProveedor) VALUES ('UT7912791',5663511574);
INSERT INTO proveer(idInsumo,idProveedor) VALUES ('RS6379706',6452993458);
INSERT INTO proveer(idInsumo,idProveedor) VALUES ('BR2524461',611449146);
INSERT INTO proveer(idInsumo,idProveedor) VALUES ('DO4979034',611449146);
INSERT INTO proveer(idInsumo,idProveedor) VALUES ('HV8763154',4863897175);
INSERT INTO proveer(idInsumo,idProveedor) VALUES ('ZB6466414',4263287800);
INSERT INTO proveer(idInsumo,idProveedor) VALUES ('UP4753161',329825151);
INSERT INTO proveer(idInsumo,idProveedor) VALUES ('WA0211167',1181873554);
INSERT INTO proveer(idInsumo,idProveedor) VALUES ('OY6812395',1360439518);




/*-----------------------------------------------------------------------
 ---------------------[ incluirSalsa]----------------------
 ----------------------------------------------------------------------*/
INSERT INTO incluirSalsa(idProducto,idTicket) VALUES ('14','25795865');
INSERT INTO incluirSalsa(idProducto,idTicket) VALUES ('9','18063437');
INSERT INTO incluirSalsa(idProducto,idTicket) VALUES ('5','18177348');
INSERT INTO incluirSalsa(idProducto,idTicket) VALUES ('15','51344901');
INSERT INTO incluirSalsa(idProducto,idTicket) VALUES ('12','68056881');
INSERT INTO incluirSalsa(idProducto,idTicket) VALUES ('9','38922740');
INSERT INTO incluirSalsa(idProducto,idTicket) VALUES ('12','10551814');
INSERT INTO incluirSalsa(idProducto,idTicket) VALUES ('8','21515787');
INSERT INTO incluirSalsa(idProducto,idTicket) VALUES ('8','80987680');
INSERT INTO incluirSalsa(idProducto,idTicket) VALUES ('4','1686426');
INSERT INTO incluirSalsa(idProducto,idTicket) VALUES ('2','9776603');
INSERT INTO incluirSalsa(idProducto,idTicket) VALUES ('14','57394936');
INSERT INTO incluirSalsa(idProducto,idTicket) VALUES ('2','40327149');
INSERT INTO incluirSalsa(idProducto,idTicket) VALUES ('12','32330907');
INSERT INTO incluirSalsa(idProducto,idTicket) VALUES ('2','81317527');
INSERT INTO incluirSalsa(idProducto,idTicket) VALUES ('14','21343999');
INSERT INTO incluirSalsa(idProducto,idTicket) VALUES ('2','77794034');
INSERT INTO incluirSalsa(idProducto,idTicket) VALUES ('5','64664075');
INSERT INTO incluirSalsa(idProducto,idTicket) VALUES ('10','25795865');
INSERT INTO incluirSalsa(idProducto,idTicket) VALUES ('5','28483894');
INSERT INTO incluirSalsa(idProducto,idTicket) VALUES ('11','32899114');
INSERT INTO incluirSalsa(idProducto,idTicket) VALUES ('8','87232780');
INSERT INTO incluirSalsa(idProducto,idTicket) VALUES ('10','64330481');
INSERT INTO incluirSalsa(idProducto,idTicket) VALUES ('4','27169037');
INSERT INTO incluirSalsa(idProducto,idTicket) VALUES ('14','86795239');
INSERT INTO incluirSalsa(idProducto,idTicket) VALUES ('9','3187815');
INSERT INTO incluirSalsa(idProducto,idTicket) VALUES ('14','81978749');
INSERT INTO incluirSalsa(idProducto,idTicket) VALUES ('4','35801568');
INSERT INTO incluirSalsa(idProducto,idTicket) VALUES ('1','88785269');
INSERT INTO incluirSalsa(idProducto,idTicket) VALUES ('9','36912882');
INSERT INTO incluirSalsa(idProducto,idTicket) VALUES ('13','61449492');
INSERT INTO incluirSalsa(idProducto,idTicket) VALUES ('12','47740328');
INSERT INTO incluirSalsa(idProducto,idTicket) VALUES ('6','64742379');
INSERT INTO incluirSalsa(idProducto,idTicket) VALUES ('1','24014138');
INSERT INTO incluirSalsa(idProducto,idTicket) VALUES ('8','63895645');
INSERT INTO incluirSalsa(idProducto,idTicket) VALUES ('1','51237868');
INSERT INTO incluirSalsa(idProducto,idTicket) VALUES ('13','86645012');
INSERT INTO incluirSalsa(idProducto,idTicket) VALUES ('3','91900510');
INSERT INTO incluirSalsa(idProducto,idTicket) VALUES ('9','98994821');
INSERT INTO incluirSalsa(idProducto,idTicket) VALUES ('6','77382991');
INSERT INTO incluirSalsa(idProducto,idTicket) VALUES ('1','21699450');
INSERT INTO incluirSalsa(idProducto,idTicket) VALUES ('3','85113633');
INSERT INTO incluirSalsa(idProducto,idTicket) VALUES ('9','62751726');
INSERT INTO incluirSalsa(idProducto,idTicket) VALUES ('11','4758141');
INSERT INTO incluirSalsa(idProducto,idTicket) VALUES ('1','74359291');
INSERT INTO incluirSalsa(idProducto,idTicket) VALUES ('10','74579722');
INSERT INTO incluirSalsa(idProducto,idTicket) VALUES ('13','42447956');
INSERT INTO incluirSalsa(idProducto,idTicket) VALUES ('10','97670139');
INSERT INTO incluirSalsa(idProducto,idTicket) VALUES ('2','68491604');
INSERT INTO incluirSalsa(idProducto,idTicket) VALUES ('13','88745888');
INSERT INTO incluirSalsa(idProducto,idTicket) VALUES ('10','39207211');
INSERT INTO incluirSalsa(idProducto,idTicket) VALUES ('15','4200096');
INSERT INTO incluirSalsa(idProducto,idTicket) VALUES ('12','46191842');
INSERT INTO incluirSalsa(idProducto,idTicket) VALUES ('15','86645012');
INSERT INTO incluirSalsa(idProducto,idTicket) VALUES ('1','55664624');
INSERT INTO incluirSalsa(idProducto,idTicket) VALUES ('12','69800051');
INSERT INTO incluirSalsa(idProducto,idTicket) VALUES ('15','81317527');
INSERT INTO incluirSalsa(idProducto,idTicket) VALUES ('15','8628652');
INSERT INTO incluirSalsa(idProducto,idTicket) VALUES ('4','30624826');
INSERT INTO incluirSalsa(idProducto,idTicket) VALUES ('6','1250674');
INSERT INTO incluirSalsa(idProducto,idTicket) VALUES ('12','89442383');
INSERT INTO incluirSalsa(idProducto,idTicket) VALUES ('9','15573092');
INSERT INTO incluirSalsa(idProducto,idTicket) VALUES ('9','63895645');
INSERT INTO incluirSalsa(idProducto,idTicket) VALUES ('10','16433908');
INSERT INTO incluirSalsa(idProducto,idTicket) VALUES ('5','57445441');
INSERT INTO incluirSalsa(idProducto,idTicket) VALUES ('3','50690995');
INSERT INTO incluirSalsa(idProducto,idTicket) VALUES ('1','49254066');
INSERT INTO incluirSalsa(idProducto,idTicket) VALUES ('15','3639566');
INSERT INTO incluirSalsa(idProducto,idTicket) VALUES ('14','78167130');
INSERT INTO incluirSalsa(idProducto,idTicket) VALUES ('9','18063437');
INSERT INTO incluirSalsa(idProducto,idTicket) VALUES ('14','73117245');
INSERT INTO incluirSalsa(idProducto,idTicket) VALUES ('11','49254066');
INSERT INTO incluirSalsa(idProducto,idTicket) VALUES ('8','63895645');
INSERT INTO incluirSalsa(idProducto,idTicket) VALUES ('2','62122996');
INSERT INTO incluirSalsa(idProducto,idTicket) VALUES ('2','10551814');
INSERT INTO incluirSalsa(idProducto,idTicket) VALUES ('13','62807945');
INSERT INTO incluirSalsa(idProducto,idTicket) VALUES ('12','25795865');
INSERT INTO incluirSalsa(idProducto,idTicket) VALUES ('12','49882321');
INSERT INTO incluirSalsa(idProducto,idTicket) VALUES ('10','86795239');
INSERT INTO incluirSalsa(idProducto,idTicket) VALUES ('15','57496099');
INSERT INTO incluirSalsa(idProducto,idTicket) VALUES ('10','36767494');
INSERT INTO incluirSalsa(idProducto,idTicket) VALUES ('3','69286043');
INSERT INTO incluirSalsa(idProducto,idTicket) VALUES ('14','2562580');
INSERT INTO incluirSalsa(idProducto,idTicket) VALUES ('6','12483849');
INSERT INTO incluirSalsa(idProducto,idTicket) VALUES ('14','53923557');
INSERT INTO incluirSalsa(idProducto,idTicket) VALUES ('11','50690995');
INSERT INTO incluirSalsa(idProducto,idTicket) VALUES ('10','18344521');
INSERT INTO incluirSalsa(idProducto,idTicket) VALUES ('1','28164667');
INSERT INTO incluirSalsa(idProducto,idTicket) VALUES ('5','90453292');
INSERT INTO incluirSalsa(idProducto,idTicket) VALUES ('1','87734931');
INSERT INTO incluirSalsa(idProducto,idTicket) VALUES ('1','55061145');
INSERT INTO incluirSalsa(idProducto,idTicket) VALUES ('5','55701681');
INSERT INTO incluirSalsa(idProducto,idTicket) VALUES ('10','41665862');
INSERT INTO incluirSalsa(idProducto,idTicket) VALUES ('14','20539373');
INSERT INTO incluirSalsa(idProducto,idTicket) VALUES ('1','76966893');
INSERT INTO incluirSalsa(idProducto,idTicket) VALUES ('13','4220391');
INSERT INTO incluirSalsa(idProducto,idTicket) VALUES ('3','2562580');
INSERT INTO incluirSalsa(idProducto,idTicket) VALUES ('6','58741160');
INSERT INTO incluirSalsa(idProducto,idTicket) VALUES ('7','39207211');
INSERT INTO incluirSalsa(idProducto,idTicket) VALUES ('7','68056881');
INSERT INTO incluirSalsa(idProducto,idTicket) VALUES ('6','68820752');
INSERT INTO incluirSalsa(idProducto,idTicket) VALUES ('10','468668');
INSERT INTO incluirSalsa(idProducto,idTicket) VALUES ('3','95076070');
INSERT INTO incluirSalsa(idProducto,idTicket) VALUES ('15','80987680');
INSERT INTO incluirSalsa(idProducto,idTicket) VALUES ('9','238192');
INSERT INTO incluirSalsa(idProducto,idTicket) VALUES ('3','18344521');
INSERT INTO incluirSalsa(idProducto,idTicket) VALUES ('7','49481393');
INSERT INTO incluirSalsa(idProducto,idTicket) VALUES ('6','18280299');
INSERT INTO incluirSalsa(idProducto,idTicket) VALUES ('6','18177348');
INSERT INTO incluirSalsa(idProducto,idTicket) VALUES ('3','86707087');
INSERT INTO incluirSalsa(idProducto,idTicket) VALUES ('10','64742379');
INSERT INTO incluirSalsa(idProducto,idTicket) VALUES ('7','93145730');
INSERT INTO incluirSalsa(idProducto,idTicket) VALUES ('11','63895645');
INSERT INTO incluirSalsa(idProducto,idTicket) VALUES ('14','32330907');
INSERT INTO incluirSalsa(idProducto,idTicket) VALUES ('8','90453874');
INSERT INTO incluirSalsa(idProducto,idTicket) VALUES ('15','82747665');
INSERT INTO incluirSalsa(idProducto,idTicket) VALUES ('6','25795865');
INSERT INTO incluirSalsa(idProducto,idTicket) VALUES ('6','8179522');
INSERT INTO incluirSalsa(idProducto,idTicket) VALUES ('11','97997716');
INSERT INTO incluirSalsa(idProducto,idTicket) VALUES ('3','90453874');
INSERT INTO incluirSalsa(idProducto,idTicket) VALUES ('10','42481007');
INSERT INTO incluirSalsa(idProducto,idTicket) VALUES ('5','29552470');
INSERT INTO incluirSalsa(idProducto,idTicket) VALUES ('15','98947165');
INSERT INTO incluirSalsa(idProducto,idTicket) VALUES ('2','85113633');
INSERT INTO incluirSalsa(idProducto,idTicket) VALUES ('14','5601736');
INSERT INTO incluirSalsa(idProducto,idTicket) VALUES ('6','3187815');
INSERT INTO incluirSalsa(idProducto,idTicket) VALUES ('4','66099664');
INSERT INTO incluirSalsa(idProducto,idTicket) VALUES ('6','79110611');
INSERT INTO incluirSalsa(idProducto,idTicket) VALUES ('15','65933717');
INSERT INTO incluirSalsa(idProducto,idTicket) VALUES ('6','42205010');
INSERT INTO incluirSalsa(idProducto,idTicket) VALUES ('11','90453874');
INSERT INTO incluirSalsa(idProducto,idTicket) VALUES ('12','29698558');
INSERT INTO incluirSalsa(idProducto,idTicket) VALUES ('12','3164324');
INSERT INTO incluirSalsa(idProducto,idTicket) VALUES ('7','64759708');
INSERT INTO incluirSalsa(idProducto,idTicket) VALUES ('8','53472661');
INSERT INTO incluirSalsa(idProducto,idTicket) VALUES ('7','8221938');
INSERT INTO incluirSalsa(idProducto,idTicket) VALUES ('10','95888737');
INSERT INTO incluirSalsa(idProducto,idTicket) VALUES ('5','56889997');
INSERT INTO incluirSalsa(idProducto,idTicket) VALUES ('10','75983683');
INSERT INTO incluirSalsa(idProducto,idTicket) VALUES ('4','88785269');
INSERT INTO incluirSalsa(idProducto,idTicket) VALUES ('6','65892257');
INSERT INTO incluirSalsa(idProducto,idTicket) VALUES ('15','42298862');
INSERT INTO incluirSalsa(idProducto,idTicket) VALUES ('10','8849600');
INSERT INTO incluirSalsa(idProducto,idTicket) VALUES ('5','77855585');
INSERT INTO incluirSalsa(idProducto,idTicket) VALUES ('3','59216930');
INSERT INTO incluirSalsa(idProducto,idTicket) VALUES ('3','46191842');
INSERT INTO incluirSalsa(idProducto,idTicket) VALUES ('13','52187301');
INSERT INTO incluirSalsa(idProducto,idTicket) VALUES ('5','36769110');
INSERT INTO incluirSalsa(idProducto,idTicket) VALUES ('4','74359291');
INSERT INTO incluirSalsa(idProducto,idTicket) VALUES ('3','18344521');
INSERT INTO incluirSalsa(idProducto,idTicket) VALUES ('3','64664075');
INSERT INTO incluirSalsa(idProducto,idTicket) VALUES ('15','69800051');
INSERT INTO incluirSalsa(idProducto,idTicket) VALUES ('7','56466875');
INSERT INTO incluirSalsa(idProducto,idTicket) VALUES ('4','65987876');
INSERT INTO incluirSalsa(idProducto,idTicket) VALUES ('13','91900510');
INSERT INTO incluirSalsa(idProducto,idTicket) VALUES ('8','3373922');
INSERT INTO incluirSalsa(idProducto,idTicket) VALUES ('4','85862652');
INSERT INTO incluirSalsa(idProducto,idTicket) VALUES ('9','62751726');
INSERT INTO incluirSalsa(idProducto,idTicket) VALUES ('14','28171970');
INSERT INTO incluirSalsa(idProducto,idTicket) VALUES ('10','8628652');
INSERT INTO incluirSalsa(idProducto,idTicket) VALUES ('9','86583549');
INSERT INTO incluirSalsa(idProducto,idTicket) VALUES ('1','87568205');
INSERT INTO incluirSalsa(idProducto,idTicket) VALUES ('4','44242493');
INSERT INTO incluirSalsa(idProducto,idTicket) VALUES ('5','77382991');
INSERT INTO incluirSalsa(idProducto,idTicket) VALUES ('6','54769734');
INSERT INTO incluirSalsa(idProducto,idTicket) VALUES ('3','57419754');
INSERT INTO incluirSalsa(idProducto,idTicket) VALUES ('6','18158734');
INSERT INTO incluirSalsa(idProducto,idTicket) VALUES ('14','86795239');
INSERT INTO incluirSalsa(idProducto,idTicket) VALUES ('9','57840800');
INSERT INTO incluirSalsa(idProducto,idTicket) VALUES ('14','69800051');
INSERT INTO incluirSalsa(idProducto,idTicket) VALUES ('6','87232780');
INSERT INTO incluirSalsa(idProducto,idTicket) VALUES ('13','448266');
INSERT INTO incluirSalsa(idProducto,idTicket) VALUES ('10','87641697');
INSERT INTO incluirSalsa(idProducto,idTicket) VALUES ('2','81978749');
INSERT INTO incluirSalsa(idProducto,idTicket) VALUES ('7','27169037');
INSERT INTO incluirSalsa(idProducto,idTicket) VALUES ('3','26377035');
INSERT INTO incluirSalsa(idProducto,idTicket) VALUES ('9','70372032');
INSERT INTO incluirSalsa(idProducto,idTicket) VALUES ('9','7570116');
INSERT INTO incluirSalsa(idProducto,idTicket) VALUES ('15','57394936');
INSERT INTO incluirSalsa(idProducto,idTicket) VALUES ('13','96968668');
INSERT INTO incluirSalsa(idProducto,idTicket) VALUES ('2','4758141');
INSERT INTO incluirSalsa(idProducto,idTicket) VALUES ('10','8628652');
INSERT INTO incluirSalsa(idProducto,idTicket) VALUES ('9','92974247');
INSERT INTO incluirSalsa(idProducto,idTicket) VALUES ('8','49971674');
INSERT INTO incluirSalsa(idProducto,idTicket) VALUES ('6','79957690');
INSERT INTO incluirSalsa(idProducto,idTicket) VALUES ('7','37195012');
INSERT INTO incluirSalsa(idProducto,idTicket) VALUES ('14','8779932');
INSERT INTO incluirSalsa(idProducto,idTicket) VALUES ('15','75275367');
INSERT INTO incluirSalsa(idProducto,idTicket) VALUES ('9','79954515');
INSERT INTO incluirSalsa(idProducto,idTicket) VALUES ('1','55061145');
INSERT INTO incluirSalsa(idProducto,idTicket) VALUES ('1','68824601');
INSERT INTO incluirSalsa(idProducto,idTicket) VALUES ('6','4913605');
INSERT INTO incluirSalsa(idProducto,idTicket) VALUES ('2','78570778');
INSERT INTO incluirSalsa(idProducto,idTicket) VALUES ('8','22837973');
INSERT INTO incluirSalsa(idProducto,idTicket) VALUES ('7','68056881');
INSERT INTO incluirSalsa(idProducto,idTicket) VALUES ('12','45734624');
INSERT INTO incluirSalsa(idProducto,idTicket) VALUES ('11','98049838');
INSERT INTO incluirSalsa(idProducto,idTicket) VALUES ('11','36310844');
INSERT INTO incluirSalsa(idProducto,idTicket) VALUES ('1','37553165');
INSERT INTO incluirSalsa(idProducto,idTicket) VALUES ('12','33182028');
INSERT INTO incluirSalsa(idProducto,idTicket) VALUES ('12','17901566');
INSERT INTO incluirSalsa(idProducto,idTicket) VALUES ('12','11256483');
INSERT INTO incluirSalsa(idProducto,idTicket) VALUES ('15','65969548');
INSERT INTO incluirSalsa(idProducto,idTicket) VALUES ('1','84734077');
INSERT INTO incluirSalsa(idProducto,idTicket) VALUES ('14','88614249');
INSERT INTO incluirSalsa(idProducto,idTicket) VALUES ('5','88447407');
INSERT INTO incluirSalsa(idProducto,idTicket) VALUES ('6','4220391');
INSERT INTO incluirSalsa(idProducto,idTicket) VALUES ('13','88745888');
INSERT INTO incluirSalsa(idProducto,idTicket) VALUES ('6','21873342');
INSERT INTO incluirSalsa(idProducto,idTicket) VALUES ('12','73480692');
INSERT INTO incluirSalsa(idProducto,idTicket) VALUES ('3','4499329');
INSERT INTO incluirSalsa(idProducto,idTicket) VALUES ('4','98049838');
INSERT INTO incluirSalsa(idProducto,idTicket) VALUES ('3','8221938');
INSERT INTO incluirSalsa(idProducto,idTicket) VALUES ('5','7172655');
INSERT INTO incluirSalsa(idProducto,idTicket) VALUES ('13','27088031');
INSERT INTO incluirSalsa(idProducto,idTicket) VALUES ('5','61975250');
INSERT INTO incluirSalsa(idProducto,idTicket) VALUES ('5','448266');
INSERT INTO incluirSalsa(idProducto,idTicket) VALUES ('5','73535986');
INSERT INTO incluirSalsa(idProducto,idTicket) VALUES ('12','74166973');
INSERT INTO incluirSalsa(idProducto,idTicket) VALUES ('1','86897300');
INSERT INTO incluirSalsa(idProducto,idTicket) VALUES ('7','54496605');
INSERT INTO incluirSalsa(idProducto,idTicket) VALUES ('1','26200752');
INSERT INTO incluirSalsa(idProducto,idTicket) VALUES ('4','17460269');
INSERT INTO incluirSalsa(idProducto,idTicket) VALUES ('12','28719934');
INSERT INTO incluirSalsa(idProducto,idTicket) VALUES ('10','85069387');
INSERT INTO incluirSalsa(idProducto,idTicket) VALUES ('2','8451346');
INSERT INTO incluirSalsa(idProducto,idTicket) VALUES ('11','8892813');
INSERT INTO incluirSalsa(idProducto,idTicket) VALUES ('7','468668');
INSERT INTO incluirSalsa(idProducto,idTicket) VALUES ('11','71928648');
INSERT INTO incluirSalsa(idProducto,idTicket) VALUES ('11','26162743');
INSERT INTO incluirSalsa(idProducto,idTicket) VALUES ('5','32742933');
INSERT INTO incluirSalsa(idProducto,idTicket) VALUES ('3','55701681');
INSERT INTO incluirSalsa(idProducto,idTicket) VALUES ('15','77382991');
INSERT INTO incluirSalsa(idProducto,idTicket) VALUES ('13','77372570');
INSERT INTO incluirSalsa(idProducto,idTicket) VALUES ('15','52307875');
INSERT INTO incluirSalsa(idProducto,idTicket) VALUES ('7','97072045');
INSERT INTO incluirSalsa(idProducto,idTicket) VALUES ('1','22996716');
INSERT INTO incluirSalsa(idProducto,idTicket) VALUES ('1','82066408');
INSERT INTO incluirSalsa(idProducto,idTicket) VALUES ('1','28164667');
INSERT INTO incluirSalsa(idProducto,idTicket) VALUES ('8','72370827');
INSERT INTO incluirSalsa(idProducto,idTicket) VALUES ('1','19805081');
INSERT INTO incluirSalsa(idProducto,idTicket) VALUES ('4','61202576');
INSERT INTO incluirSalsa(idProducto,idTicket) VALUES ('14','34958433');
INSERT INTO incluirSalsa(idProducto,idTicket) VALUES ('4','48768762');
INSERT INTO incluirSalsa(idProducto,idTicket) VALUES ('2','21515821');
INSERT INTO incluirSalsa(idProducto,idTicket) VALUES ('4','28853867');
INSERT INTO incluirSalsa(idProducto,idTicket) VALUES ('1','8033301');
INSERT INTO incluirSalsa(idProducto,idTicket) VALUES ('4','44515515');
INSERT INTO incluirSalsa(idProducto,idTicket) VALUES ('3','13322181');
INSERT INTO incluirSalsa(idProducto,idTicket) VALUES ('3','88447407');
INSERT INTO incluirSalsa(idProducto,idTicket) VALUES ('7','3187815');
INSERT INTO incluirSalsa(idProducto,idTicket) VALUES ('12','36912882');
INSERT INTO incluirSalsa(idProducto,idTicket) VALUES ('8','27760685');
INSERT INTO incluirSalsa(idProducto,idTicket) VALUES ('4','92974247');
INSERT INTO incluirSalsa(idProducto,idTicket) VALUES ('14','82790506');
INSERT INTO incluirSalsa(idProducto,idTicket) VALUES ('1','8569890');
INSERT INTO incluirSalsa(idProducto,idTicket) VALUES ('4','75983683');
INSERT INTO incluirSalsa(idProducto,idTicket) VALUES ('11','11925698');
INSERT INTO incluirSalsa(idProducto,idTicket) VALUES ('8','78167130');
INSERT INTO incluirSalsa(idProducto,idTicket) VALUES ('3','44187727');
INSERT INTO incluirSalsa(idProducto,idTicket) VALUES ('11','93790917');
INSERT INTO incluirSalsa(idProducto,idTicket) VALUES ('1','22050842');
INSERT INTO incluirSalsa(idProducto,idTicket) VALUES ('1','62807945');
INSERT INTO incluirSalsa(idProducto,idTicket) VALUES ('14','45734624');
INSERT INTO incluirSalsa(idProducto,idTicket) VALUES ('9','4608917');
INSERT INTO incluirSalsa(idProducto,idTicket) VALUES ('10','40099092');
INSERT INTO incluirSalsa(idProducto,idTicket) VALUES ('10','77939739');
INSERT INTO incluirSalsa(idProducto,idTicket) VALUES ('6','28840759');
INSERT INTO incluirSalsa(idProducto,idTicket) VALUES ('3','73117245');
INSERT INTO incluirSalsa(idProducto,idTicket) VALUES ('4','93036259');
INSERT INTO incluirSalsa(idProducto,idTicket) VALUES ('8','56632226');
INSERT INTO incluirSalsa(idProducto,idTicket) VALUES ('5','50329010');
INSERT INTO incluirSalsa(idProducto,idTicket) VALUES ('14','57606323');
INSERT INTO incluirSalsa(idProducto,idTicket) VALUES ('12','38339109');
INSERT INTO incluirSalsa(idProducto,idTicket) VALUES ('12','10778914');
INSERT INTO incluirSalsa(idProducto,idTicket) VALUES ('3','55666949');
INSERT INTO incluirSalsa(idProducto,idTicket) VALUES ('8','93204141');
INSERT INTO incluirSalsa(idProducto,idTicket) VALUES ('9','26377035');
INSERT INTO incluirSalsa(idProducto,idTicket) VALUES ('11','44758827');
INSERT INTO incluirSalsa(idProducto,idTicket) VALUES ('11','4220391');
INSERT INTO incluirSalsa(idProducto,idTicket) VALUES ('8','85682478');
INSERT INTO incluirSalsa(idProducto,idTicket) VALUES ('3','34260994');
INSERT INTO incluirSalsa(idProducto,idTicket) VALUES ('13','75275367');
INSERT INTO incluirSalsa(idProducto,idTicket) VALUES ('7','11256483');
INSERT INTO incluirSalsa(idProducto,idTicket) VALUES ('1','79632082');
INSERT INTO incluirSalsa(idProducto,idTicket) VALUES ('8','49882321');
INSERT INTO incluirSalsa(idProducto,idTicket) VALUES ('7','17634673');
INSERT INTO incluirSalsa(idProducto,idTicket) VALUES ('7','55268875');
INSERT INTO incluirSalsa(idProducto,idTicket) VALUES ('12','43445916');
INSERT INTO incluirSalsa(idProducto,idTicket) VALUES ('7','53810197');
INSERT INTO incluirSalsa(idProducto,idTicket) VALUES ('3','468668');
INSERT INTO incluirSalsa(idProducto,idTicket) VALUES ('5','85015000');
INSERT INTO incluirSalsa(idProducto,idTicket) VALUES ('3','51382795');
INSERT INTO incluirSalsa(idProducto,idTicket) VALUES ('13','11477723');
INSERT INTO incluirSalsa(idProducto,idTicket) VALUES ('5','89442383');
INSERT INTO incluirSalsa(idProducto,idTicket) VALUES ('2','82790506');
INSERT INTO incluirSalsa(idProducto,idTicket) VALUES ('12','14241812');
INSERT INTO incluirSalsa(idProducto,idTicket) VALUES ('7','10778914');
INSERT INTO incluirSalsa(idProducto,idTicket) VALUES ('3','11618060');
INSERT INTO incluirSalsa(idProducto,idTicket) VALUES ('10','34908895');


/*-----------------------------------------------------------------------
 ---------------------[ incluirPlatillo]----------------------
 ----------------------------------------------------------------------*/
INSERT INTO incluirPlatillo(idProducto,idTicket) VALUES ('1','74359291');
INSERT INTO incluirPlatillo(idProducto,idTicket) VALUES ('11','38347074');
INSERT INTO incluirPlatillo(idProducto,idTicket) VALUES ('21','55268875');
INSERT INTO incluirPlatillo(idProducto,idTicket) VALUES ('26','4913605');
INSERT INTO incluirPlatillo(idProducto,idTicket) VALUES ('23','81597622');
INSERT INTO incluirPlatillo(idProducto,idTicket) VALUES ('25','98947165');
INSERT INTO incluirPlatillo(idProducto,idTicket) VALUES ('2','29229937');
INSERT INTO incluirPlatillo(idProducto,idTicket) VALUES ('24','73480692');
INSERT INTO incluirPlatillo(idProducto,idTicket) VALUES ('30','9479606');
INSERT INTO incluirPlatillo(idProducto,idTicket) VALUES ('13','68912498');
INSERT INTO incluirPlatillo(idProducto,idTicket) VALUES ('14','98274770');
INSERT INTO incluirPlatillo(idProducto,idTicket) VALUES ('23','97072045');
INSERT INTO incluirPlatillo(idProducto,idTicket) VALUES ('14','82066408');
INSERT INTO incluirPlatillo(idProducto,idTicket) VALUES ('17','29229937');
INSERT INTO incluirPlatillo(idProducto,idTicket) VALUES ('2','81317527');
INSERT INTO incluirPlatillo(idProducto,idTicket) VALUES ('5','37956933');
INSERT INTO incluirPlatillo(idProducto,idTicket) VALUES ('13','44515515');
INSERT INTO incluirPlatillo(idProducto,idTicket) VALUES ('9','59437828');
INSERT INTO incluirPlatillo(idProducto,idTicket) VALUES ('7','468668');
INSERT INTO incluirPlatillo(idProducto,idTicket) VALUES ('18','45133630');
INSERT INTO incluirPlatillo(idProducto,idTicket) VALUES ('29','86231115');
INSERT INTO incluirPlatillo(idProducto,idTicket) VALUES ('14','79954515');
INSERT INTO incluirPlatillo(idProducto,idTicket) VALUES ('28','238192');
INSERT INTO incluirPlatillo(idProducto,idTicket) VALUES ('31','51344901');
INSERT INTO incluirPlatillo(idProducto,idTicket) VALUES ('3','70389984');
INSERT INTO incluirPlatillo(idProducto,idTicket) VALUES ('25','14241812');
INSERT INTO incluirPlatillo(idProducto,idTicket) VALUES ('20','28719934');
INSERT INTO incluirPlatillo(idProducto,idTicket) VALUES ('5','18177348');
INSERT INTO incluirPlatillo(idProducto,idTicket) VALUES ('30','10778914');
INSERT INTO incluirPlatillo(idProducto,idTicket) VALUES ('27','94657057');
INSERT INTO incluirPlatillo(idProducto,idTicket) VALUES ('14','28853867');
INSERT INTO incluirPlatillo(idProducto,idTicket) VALUES ('22','4608917');
INSERT INTO incluirPlatillo(idProducto,idTicket) VALUES ('15','79493380');
INSERT INTO incluirPlatillo(idProducto,idTicket) VALUES ('1','21515821');
INSERT INTO incluirPlatillo(idProducto,idTicket) VALUES ('22','57606323');
INSERT INTO incluirPlatillo(idProducto,idTicket) VALUES ('14','55701681');
INSERT INTO incluirPlatillo(idProducto,idTicket) VALUES ('11','58741160');
INSERT INTO incluirPlatillo(idProducto,idTicket) VALUES ('18','1250674');
INSERT INTO incluirPlatillo(idProducto,idTicket) VALUES ('22','27088031');
INSERT INTO incluirPlatillo(idProducto,idTicket) VALUES ('31','86144579');
INSERT INTO incluirPlatillo(idProducto,idTicket) VALUES ('30','31752925');
INSERT INTO incluirPlatillo(idProducto,idTicket) VALUES ('8','47740328');
INSERT INTO incluirPlatillo(idProducto,idTicket) VALUES ('25','45133630');
INSERT INTO incluirPlatillo(idProducto,idTicket) VALUES ('13','85682478');
INSERT INTO incluirPlatillo(idProducto,idTicket) VALUES ('16','68820752');
INSERT INTO incluirPlatillo(idProducto,idTicket) VALUES ('7','82475949');
INSERT INTO incluirPlatillo(idProducto,idTicket) VALUES ('8','39207211');
INSERT INTO incluirPlatillo(idProducto,idTicket) VALUES ('1','68416489');
INSERT INTO incluirPlatillo(idProducto,idTicket) VALUES ('28','61975250');
INSERT INTO incluirPlatillo(idProducto,idTicket) VALUES ('16','49630943');
INSERT INTO incluirPlatillo(idProducto,idTicket) VALUES ('24','82747665');
INSERT INTO incluirPlatillo(idProducto,idTicket) VALUES ('16','62807945');
INSERT INTO incluirPlatillo(idProducto,idTicket) VALUES ('19','33959138');
INSERT INTO incluirPlatillo(idProducto,idTicket) VALUES ('1','40759597');
INSERT INTO incluirPlatillo(idProducto,idTicket) VALUES ('15','18366897');
INSERT INTO incluirPlatillo(idProducto,idTicket) VALUES ('15','54192938');
INSERT INTO incluirPlatillo(idProducto,idTicket) VALUES ('21','99211239');
INSERT INTO incluirPlatillo(idProducto,idTicket) VALUES ('18','468668');
INSERT INTO incluirPlatillo(idProducto,idTicket) VALUES ('14','65892257');
INSERT INTO incluirPlatillo(idProducto,idTicket) VALUES ('24','73535986');
INSERT INTO incluirPlatillo(idProducto,idTicket) VALUES ('5','50279794');
INSERT INTO incluirPlatillo(idProducto,idTicket) VALUES ('8','8221938');
INSERT INTO incluirPlatillo(idProducto,idTicket) VALUES ('23','13129522');
INSERT INTO incluirPlatillo(idProducto,idTicket) VALUES ('25','66099664');
INSERT INTO incluirPlatillo(idProducto,idTicket) VALUES ('1','18344521');
INSERT INTO incluirPlatillo(idProducto,idTicket) VALUES ('14','24988003');
INSERT INTO incluirPlatillo(idProducto,idTicket) VALUES ('8','78570778');
INSERT INTO incluirPlatillo(idProducto,idTicket) VALUES ('21','37553165');
INSERT INTO incluirPlatillo(idProducto,idTicket) VALUES ('22','84734077');
INSERT INTO incluirPlatillo(idProducto,idTicket) VALUES ('29','85592813');
INSERT INTO incluirPlatillo(idProducto,idTicket) VALUES ('9','63166102');
INSERT INTO incluirPlatillo(idProducto,idTicket) VALUES ('1','97636368');
INSERT INTO incluirPlatillo(idProducto,idTicket) VALUES ('23','63416206');
INSERT INTO incluirPlatillo(idProducto,idTicket) VALUES ('4','21657209');
INSERT INTO incluirPlatillo(idProducto,idTicket) VALUES ('30','77794034');
INSERT INTO incluirPlatillo(idProducto,idTicket) VALUES ('14','93036259');
INSERT INTO incluirPlatillo(idProducto,idTicket) VALUES ('26','85342123');
INSERT INTO incluirPlatillo(idProducto,idTicket) VALUES ('20','51237868');
INSERT INTO incluirPlatillo(idProducto,idTicket) VALUES ('26','38922740');
INSERT INTO incluirPlatillo(idProducto,idTicket) VALUES ('20','87641697');
INSERT INTO incluirPlatillo(idProducto,idTicket) VALUES ('22','62807945');
INSERT INTO incluirPlatillo(idProducto,idTicket) VALUES ('2','75746960');
INSERT INTO incluirPlatillo(idProducto,idTicket) VALUES ('27','41665862');
INSERT INTO incluirPlatillo(idProducto,idTicket) VALUES ('3','49153667');
INSERT INTO incluirPlatillo(idProducto,idTicket) VALUES ('4','23235953');
INSERT INTO incluirPlatillo(idProducto,idTicket) VALUES ('5','63580303');
INSERT INTO incluirPlatillo(idProducto,idTicket) VALUES ('8','11256483');
INSERT INTO incluirPlatillo(idProducto,idTicket) VALUES ('13','62144352');
INSERT INTO incluirPlatillo(idProducto,idTicket) VALUES ('20','74127204');
INSERT INTO incluirPlatillo(idProducto,idTicket) VALUES ('31','57394936');
INSERT INTO incluirPlatillo(idProducto,idTicket) VALUES ('15','68056881');
INSERT INTO incluirPlatillo(idProducto,idTicket) VALUES ('23','8779932');
INSERT INTO incluirPlatillo(idProducto,idTicket) VALUES ('11','78167130');
INSERT INTO incluirPlatillo(idProducto,idTicket) VALUES ('25','8927881');
INSERT INTO incluirPlatillo(idProducto,idTicket) VALUES ('29','51632479');
INSERT INTO incluirPlatillo(idProducto,idTicket) VALUES ('25','4220391');
INSERT INTO incluirPlatillo(idProducto,idTicket) VALUES ('20','19900217');
INSERT INTO incluirPlatillo(idProducto,idTicket) VALUES ('15','10578771');
INSERT INTO incluirPlatillo(idProducto,idTicket) VALUES ('12','35808988');
INSERT INTO incluirPlatillo(idProducto,idTicket) VALUES ('5','43554792');
INSERT INTO incluirPlatillo(idProducto,idTicket) VALUES ('19','49864875');
INSERT INTO incluirPlatillo(idProducto,idTicket) VALUES ('16','35808988');
INSERT INTO incluirPlatillo(idProducto,idTicket) VALUES ('17','42205010');
INSERT INTO incluirPlatillo(idProducto,idTicket) VALUES ('23','55088015');
INSERT INTO incluirPlatillo(idProducto,idTicket) VALUES ('9','8221938');
INSERT INTO incluirPlatillo(idProducto,idTicket) VALUES ('10','78167130');
INSERT INTO incluirPlatillo(idProducto,idTicket) VALUES ('18','87593482');
INSERT INTO incluirPlatillo(idProducto,idTicket) VALUES ('21','64742379');
INSERT INTO incluirPlatillo(idProducto,idTicket) VALUES ('31','8451346');
INSERT INTO incluirPlatillo(idProducto,idTicket) VALUES ('12','27088031');
INSERT INTO incluirPlatillo(idProducto,idTicket) VALUES ('6','86144579');
INSERT INTO incluirPlatillo(idProducto,idTicket) VALUES ('13','61975250');
INSERT INTO incluirPlatillo(idProducto,idTicket) VALUES ('18','21800025');
INSERT INTO incluirPlatillo(idProducto,idTicket) VALUES ('2','44247293');
INSERT INTO incluirPlatillo(idProducto,idTicket) VALUES ('27','20539373');
INSERT INTO incluirPlatillo(idProducto,idTicket) VALUES ('16','44247293');
INSERT INTO incluirPlatillo(idProducto,idTicket) VALUES ('20','76966893');
INSERT INTO incluirPlatillo(idProducto,idTicket) VALUES ('15','40099092');
INSERT INTO incluirPlatillo(idProducto,idTicket) VALUES ('1','85605870');
INSERT INTO incluirPlatillo(idProducto,idTicket) VALUES ('10','9532994');
INSERT INTO incluirPlatillo(idProducto,idTicket) VALUES ('30','83040665');
INSERT INTO incluirPlatillo(idProducto,idTicket) VALUES ('25','49630943');
INSERT INTO incluirPlatillo(idProducto,idTicket) VALUES ('28','53923557');
INSERT INTO incluirPlatillo(idProducto,idTicket) VALUES ('7','83040665');
INSERT INTO incluirPlatillo(idProducto,idTicket) VALUES ('10','59938306');
INSERT INTO incluirPlatillo(idProducto,idTicket) VALUES ('11','57404733');
INSERT INTO incluirPlatillo(idProducto,idTicket) VALUES ('18','19900217');
INSERT INTO incluirPlatillo(idProducto,idTicket) VALUES ('14','89993546');
INSERT INTO incluirPlatillo(idProducto,idTicket) VALUES ('21','4200096');
INSERT INTO incluirPlatillo(idProducto,idTicket) VALUES ('12','69286043');
INSERT INTO incluirPlatillo(idProducto,idTicket) VALUES ('4','38922740');
INSERT INTO incluirPlatillo(idProducto,idTicket) VALUES ('5','3639566');
INSERT INTO incluirPlatillo(idProducto,idTicket) VALUES ('12','64742379');
INSERT INTO incluirPlatillo(idProducto,idTicket) VALUES ('29','64005713');
INSERT INTO incluirPlatillo(idProducto,idTicket) VALUES ('20','36767494');
INSERT INTO incluirPlatillo(idProducto,idTicket) VALUES ('5','76221889');
INSERT INTO incluirPlatillo(idProducto,idTicket) VALUES ('18','42205010');
INSERT INTO incluirPlatillo(idProducto,idTicket) VALUES ('8','49630943');
INSERT INTO incluirPlatillo(idProducto,idTicket) VALUES ('22','6043738');
INSERT INTO incluirPlatillo(idProducto,idTicket) VALUES ('7','88614249');
INSERT INTO incluirPlatillo(idProducto,idTicket) VALUES ('15','80869555');
INSERT INTO incluirPlatillo(idProducto,idTicket) VALUES ('3','29552470');
INSERT INTO incluirPlatillo(idProducto,idTicket) VALUES ('10','59437828');
INSERT INTO incluirPlatillo(idProducto,idTicket) VALUES ('7','19073183');
INSERT INTO incluirPlatillo(idProducto,idTicket) VALUES ('31','90453292');
INSERT INTO incluirPlatillo(idProducto,idTicket) VALUES ('19','8221938');
INSERT INTO incluirPlatillo(idProducto,idTicket) VALUES ('21','21343999');
INSERT INTO incluirPlatillo(idProducto,idTicket) VALUES ('11','79493380');
INSERT INTO incluirPlatillo(idProducto,idTicket) VALUES ('5','99554781');
INSERT INTO incluirPlatillo(idProducto,idTicket) VALUES ('18','75275367');
INSERT INTO incluirPlatillo(idProducto,idTicket) VALUES ('6','99103975');
INSERT INTO incluirPlatillo(idProducto,idTicket) VALUES ('28','91618932');
INSERT INTO incluirPlatillo(idProducto,idTicket) VALUES ('16','96044639');
INSERT INTO incluirPlatillo(idProducto,idTicket) VALUES ('1','93204141');
INSERT INTO incluirPlatillo(idProducto,idTicket) VALUES ('31','8779932');
INSERT INTO incluirPlatillo(idProducto,idTicket) VALUES ('5','8779932');
INSERT INTO incluirPlatillo(idProducto,idTicket) VALUES ('22','81317527');
INSERT INTO incluirPlatillo(idProducto,idTicket) VALUES ('18','51382795');
INSERT INTO incluirPlatillo(idProducto,idTicket) VALUES ('7','81096431');
INSERT INTO incluirPlatillo(idProducto,idTicket) VALUES ('25','51285448');
INSERT INTO incluirPlatillo(idProducto,idTicket) VALUES ('17','3164324');
INSERT INTO incluirPlatillo(idProducto,idTicket) VALUES ('28','95076070');
INSERT INTO incluirPlatillo(idProducto,idTicket) VALUES ('24','60608548');
INSERT INTO incluirPlatillo(idProducto,idTicket) VALUES ('28','68649176');
INSERT INTO incluirPlatillo(idProducto,idTicket) VALUES ('19','63802718');
INSERT INTO incluirPlatillo(idProducto,idTicket) VALUES ('18','11477723');
INSERT INTO incluirPlatillo(idProducto,idTicket) VALUES ('27','76221889');
INSERT INTO incluirPlatillo(idProducto,idTicket) VALUES ('12','55268875');
INSERT INTO incluirPlatillo(idProducto,idTicket) VALUES ('17','58630628');
INSERT INTO incluirPlatillo(idProducto,idTicket) VALUES ('4','96968668');
INSERT INTO incluirPlatillo(idProducto,idTicket) VALUES ('19','69369221');
INSERT INTO incluirPlatillo(idProducto,idTicket) VALUES ('13','88614249');
INSERT INTO incluirPlatillo(idProducto,idTicket) VALUES ('20','24345164');
INSERT INTO incluirPlatillo(idProducto,idTicket) VALUES ('25','95076070');
INSERT INTO incluirPlatillo(idProducto,idTicket) VALUES ('6','35801568');
INSERT INTO incluirPlatillo(idProducto,idTicket) VALUES ('17','33182028');
INSERT INTO incluirPlatillo(idProducto,idTicket) VALUES ('2','28840759');
INSERT INTO incluirPlatillo(idProducto,idTicket) VALUES ('4','49481393');
INSERT INTO incluirPlatillo(idProducto,idTicket) VALUES ('14','3639566');
INSERT INTO incluirPlatillo(idProducto,idTicket) VALUES ('15','57419754');
INSERT INTO incluirPlatillo(idProducto,idTicket) VALUES ('12','89476879');
INSERT INTO incluirPlatillo(idProducto,idTicket) VALUES ('23','26339606');
INSERT INTO incluirPlatillo(idProducto,idTicket) VALUES ('26','37195012');
INSERT INTO incluirPlatillo(idProducto,idTicket) VALUES ('11','27169037');
INSERT INTO incluirPlatillo(idProducto,idTicket) VALUES ('2','56529532');
INSERT INTO incluirPlatillo(idProducto,idTicket) VALUES ('27','82932874');
INSERT INTO incluirPlatillo(idProducto,idTicket) VALUES ('1','37195012');
INSERT INTO incluirPlatillo(idProducto,idTicket) VALUES ('13','89476879');
INSERT INTO incluirPlatillo(idProducto,idTicket) VALUES ('4','55061145');
INSERT INTO incluirPlatillo(idProducto,idTicket) VALUES ('29','69369221');
INSERT INTO incluirPlatillo(idProducto,idTicket) VALUES ('3','26693787');
INSERT INTO incluirPlatillo(idProducto,idTicket) VALUES ('6','2562580');
INSERT INTO incluirPlatillo(idProducto,idTicket) VALUES ('8','35808988');
INSERT INTO incluirPlatillo(idProducto,idTicket) VALUES ('16','63895645');
INSERT INTO incluirPlatillo(idProducto,idTicket) VALUES ('27','12483849');
INSERT INTO incluirPlatillo(idProducto,idTicket) VALUES ('25','69369221');
INSERT INTO incluirPlatillo(idProducto,idTicket) VALUES ('5','79054142');
INSERT INTO incluirPlatillo(idProducto,idTicket) VALUES ('12','36912882');
INSERT INTO incluirPlatillo(idProducto,idTicket) VALUES ('27','64664075');
INSERT INTO incluirPlatillo(idProducto,idTicket) VALUES ('18','68824601');
INSERT INTO incluirPlatillo(idProducto,idTicket) VALUES ('19','76225989');
INSERT INTO incluirPlatillo(idProducto,idTicket) VALUES ('16','83249312');
INSERT INTO incluirPlatillo(idProducto,idTicket) VALUES ('26','21873342');
INSERT INTO incluirPlatillo(idProducto,idTicket) VALUES ('6','8569890');
INSERT INTO incluirPlatillo(idProducto,idTicket) VALUES ('20','55666949');
INSERT INTO incluirPlatillo(idProducto,idTicket) VALUES ('2','74579722');
INSERT INTO incluirPlatillo(idProducto,idTicket) VALUES ('26','4996632');
INSERT INTO incluirPlatillo(idProducto,idTicket) VALUES ('14','91227672');
INSERT INTO incluirPlatillo(idProducto,idTicket) VALUES ('22','3187815');
INSERT INTO incluirPlatillo(idProducto,idTicket) VALUES ('9','26200752');
INSERT INTO incluirPlatillo(idProducto,idTicket) VALUES ('16','64759708');
INSERT INTO incluirPlatillo(idProducto,idTicket) VALUES ('5','87232780');
INSERT INTO incluirPlatillo(idProducto,idTicket) VALUES ('20','91618932');
INSERT INTO incluirPlatillo(idProducto,idTicket) VALUES ('1','76318921');
INSERT INTO incluirPlatillo(idProducto,idTicket) VALUES ('21','85106469');
INSERT INTO incluirPlatillo(idProducto,idTicket) VALUES ('20','88614249');
INSERT INTO incluirPlatillo(idProducto,idTicket) VALUES ('30','4608917');
INSERT INTO incluirPlatillo(idProducto,idTicket) VALUES ('11','77855585');
INSERT INTO incluirPlatillo(idProducto,idTicket) VALUES ('16','24014138');
INSERT INTO incluirPlatillo(idProducto,idTicket) VALUES ('31','79054142');
INSERT INTO incluirPlatillo(idProducto,idTicket) VALUES ('25','41134763');
INSERT INTO incluirPlatillo(idProducto,idTicket) VALUES ('15','67878750');
INSERT INTO incluirPlatillo(idProducto,idTicket) VALUES ('8','27169037');
INSERT INTO incluirPlatillo(idProducto,idTicket) VALUES ('20','3788776');
INSERT INTO incluirPlatillo(idProducto,idTicket) VALUES ('7','905283');
INSERT INTO incluirPlatillo(idProducto,idTicket) VALUES ('28','70372032');
INSERT INTO incluirPlatillo(idProducto,idTicket) VALUES ('3','90453292');
INSERT INTO incluirPlatillo(idProducto,idTicket) VALUES ('19','46239794');
INSERT INTO incluirPlatillo(idProducto,idTicket) VALUES ('6','76225989');
INSERT INTO incluirPlatillo(idProducto,idTicket) VALUES ('25','4758141');
INSERT INTO incluirPlatillo(idProducto,idTicket) VALUES ('22','45019980');
INSERT INTO incluirPlatillo(idProducto,idTicket) VALUES ('8','8451346');
INSERT INTO incluirPlatillo(idProducto,idTicket) VALUES ('25','44242493');
INSERT INTO incluirPlatillo(idProducto,idTicket) VALUES ('26','11895697');
INSERT INTO incluirPlatillo(idProducto,idTicket) VALUES ('23','46839943');
INSERT INTO incluirPlatillo(idProducto,idTicket) VALUES ('3','25563495');
INSERT INTO incluirPlatillo(idProducto,idTicket) VALUES ('6','79054142');
INSERT INTO incluirPlatillo(idProducto,idTicket) VALUES ('23','44758827');
INSERT INTO incluirPlatillo(idProducto,idTicket) VALUES ('19','18344521');
INSERT INTO incluirPlatillo(idProducto,idTicket) VALUES ('29','16653682');
INSERT INTO incluirPlatillo(idProducto,idTicket) VALUES ('28','17113656');
INSERT INTO incluirPlatillo(idProducto,idTicket) VALUES ('16','85106469');
INSERT INTO incluirPlatillo(idProducto,idTicket) VALUES ('10','36912882');
INSERT INTO incluirPlatillo(idProducto,idTicket) VALUES ('6','71792893');
INSERT INTO incluirPlatillo(idProducto,idTicket) VALUES ('26','62521150');
INSERT INTO incluirPlatillo(idProducto,idTicket) VALUES ('30','24988003');
INSERT INTO incluirPlatillo(idProducto,idTicket) VALUES ('30','19900217');
INSERT INTO incluirPlatillo(idProducto,idTicket) VALUES ('6','70211794');
INSERT INTO incluirPlatillo(idProducto,idTicket) VALUES ('9','32089059');
INSERT INTO incluirPlatillo(idProducto,idTicket) VALUES ('29','91227672');
INSERT INTO incluirPlatillo(idProducto,idTicket) VALUES ('12','55061145');
INSERT INTO incluirPlatillo(idProducto,idTicket) VALUES ('10','61449492');
INSERT INTO incluirPlatillo(idProducto,idTicket) VALUES ('10','448266');
INSERT INTO incluirPlatillo(idProducto,idTicket) VALUES ('9','1272611');
INSERT INTO incluirPlatillo(idProducto,idTicket) VALUES ('21','51237868');
INSERT INTO incluirPlatillo(idProducto,idTicket) VALUES ('25','85106469');
INSERT INTO incluirPlatillo(idProducto,idTicket) VALUES ('22','46410699');
INSERT INTO incluirPlatillo(idProducto,idTicket) VALUES ('9','19311484');
INSERT INTO incluirPlatillo(idProducto,idTicket) VALUES ('19','82317391');
INSERT INTO incluirPlatillo(idProducto,idTicket) VALUES ('3','37476902');
INSERT INTO incluirPlatillo(idProducto,idTicket) VALUES ('31','70211794');
INSERT INTO incluirPlatillo(idProducto,idTicket) VALUES ('14','42298862');
INSERT INTO incluirPlatillo(idProducto,idTicket) VALUES ('18','49971674');
INSERT INTO incluirPlatillo(idProducto,idTicket) VALUES ('8','11477723');
INSERT INTO incluirPlatillo(idProducto,idTicket) VALUES ('24','35344576');
INSERT INTO incluirPlatillo(idProducto,idTicket) VALUES ('27','51632479');
INSERT INTO incluirPlatillo(idProducto,idTicket) VALUES ('25','68820752');
INSERT INTO incluirPlatillo(idProducto,idTicket) VALUES ('18','9776603');
INSERT INTO incluirPlatillo(idProducto,idTicket) VALUES ('6','83353403');
INSERT INTO incluirPlatillo(idProducto,idTicket) VALUES ('22','38922740');
INSERT INTO incluirPlatillo(idProducto,idTicket) VALUES ('17','96968668');
INSERT INTO incluirPlatillo(idProducto,idTicket) VALUES ('20','25842472');
INSERT INTO incluirPlatillo(idProducto,idTicket) VALUES ('12','49971674');
INSERT INTO incluirPlatillo(idProducto,idTicket) VALUES ('27','26954239');
INSERT INTO incluirPlatillo(idProducto,idTicket) VALUES ('21','75435505');
INSERT INTO incluirPlatillo(idProducto,idTicket) VALUES ('15','88270609');
INSERT INTO incluirPlatillo(idProducto,idTicket) VALUES ('21','78570778');
INSERT INTO incluirPlatillo(idProducto,idTicket) VALUES ('11','93646049');
INSERT INTO incluirPlatillo(idProducto,idTicket) VALUES ('28','79632082');
INSERT INTO incluirPlatillo(idProducto,idTicket) VALUES ('9','1686426');
INSERT INTO incluirPlatillo(idProducto,idTicket) VALUES ('14','93204141');
INSERT INTO incluirPlatillo(idProducto,idTicket) VALUES ('17','86897300');
INSERT INTO incluirPlatillo(idProducto,idTicket) VALUES ('17','31752925');
INSERT INTO incluirPlatillo(idProducto,idTicket) VALUES ('23','50279794');
INSERT INTO incluirPlatillo(idProducto,idTicket) VALUES ('15','34127649');
INSERT INTO incluirPlatillo(idProducto,idTicket) VALUES ('18','1686426');
INSERT INTO incluirPlatillo(idProducto,idTicket) VALUES ('16','81317527');
INSERT INTO incluirPlatillo(idProducto,idTicket) VALUES ('24','15674664');
INSERT INTO incluirPlatillo(idProducto,idTicket) VALUES ('21','87734931');
INSERT INTO incluirPlatillo(idProducto,idTicket) VALUES ('13','468668');
INSERT INTO incluirPlatillo(idProducto,idTicket) VALUES ('21','46410699');
INSERT INTO incluirPlatillo(idProducto,idTicket) VALUES ('16','68518434');
INSERT INTO incluirPlatillo(idProducto,idTicket) VALUES ('9','81978749');
INSERT INTO incluirPlatillo(idProducto,idTicket) VALUES ('13','74166973');
INSERT INTO incluirPlatillo(idProducto,idTicket) VALUES ('7','94657057');
INSERT INTO incluirPlatillo(idProducto,idTicket) VALUES ('11','60625656');
INSERT INTO incluirPlatillo(idProducto,idTicket) VALUES ('7','59437828');
INSERT INTO incluirPlatillo(idProducto,idTicket) VALUES ('16','18344521');
INSERT INTO incluirPlatillo(idProducto,idTicket) VALUES ('21','61887633');
INSERT INTO incluirPlatillo(idProducto,idTicket) VALUES ('12','71950812');