/*-----------------------------------------------------------------------
 -------------------------[ Datos de Platillo ]--------------------------
 ----------------------------------------------------------------------*/
INSERT INTO platillo(idProducto,tipoPlatillo) VALUES (1,'Taco Pastor');
INSERT INTO platillo(idProducto,tipoPlatillo) VALUES (2,'Taco Costilla');
INSERT INTO platillo(idProducto,tipoPlatillo) VALUES (3,'Taco Bistec');
INSERT INTO platillo(idProducto,tipoPlatillo) VALUES (4,'Taco Arrachera');
INSERT INTO platillo(idProducto,tipoPlatillo) VALUES (5,'Taco Suadero');
INSERT INTO platillo(idProducto,tipoPlatillo) VALUES (6,'Mixiote Pollo');
INSERT INTO platillo(idProducto,tipoPlatillo) VALUES (7,'Pozole');
INSERT INTO platillo(idProducto,tipoPlatillo) VALUES (8,'Enchiladas Verdes');
INSERT INTO platillo(idProducto,tipoPlatillo) VALUES (9,'Enchiladas Rojas');
INSERT INTO platillo(idProducto,tipoPlatillo) VALUES (10,'Torta Pierna');
INSERT INTO platillo(idProducto,tipoPlatillo) VALUES (11,'Torta Milanesa');
INSERT INTO platillo(idProducto,tipoPlatillo) VALUES (12,'Torta Jamon');
INSERT INTO platillo(idProducto,tipoPlatillo) VALUES (13,'Flauta Pollo');
INSERT INTO platillo(idProducto,tipoPlatillo) VALUES (14,'Flauta Papa');
INSERT INTO platillo(idProducto,tipoPlatillo) VALUES (15,'Flauta Res');
INSERT INTO platillo(idProducto,tipoPlatillo) VALUES (16,'Taco longaniza');
INSERT INTO platillo(idProducto,tipoPlatillo) VALUES (17,'Taco sesos');
INSERT INTO platillo(idProducto,tipoPlatillo) VALUES (18,'Taco tripa');
INSERT INTO platillo(idProducto,tipoPlatillo) VALUES (19,'Huevo Revuelto');
INSERT INTO platillo(idProducto,tipoPlatillo) VALUES (20,'Huevo a la mexicana');
INSERT INTO platillo(idProducto,tipoPlatillo) VALUES (21,'Huevo estrellado');
INSERT INTO platillo(idProducto,tipoPlatillo) VALUES (22,'Huevos Divorciados');
INSERT INTO platillo(idProducto,tipoPlatillo) VALUES (23,'Huevo Ranchero');
INSERT INTO platillo(idProducto,tipoPlatillo) VALUES (24,'Taco Pastor');
INSERT INTO platillo(idProducto,tipoPlatillo) VALUES (25,'Orden Costilla');
INSERT INTO platillo(idProducto,tipoPlatillo) VALUES (26,'Orden Bistec');
INSERT INTO platillo(idProducto,tipoPlatillo) VALUES (27,'Orden Arrachera');
INSERT INTO platillo(idProducto,tipoPlatillo) VALUES (28,'Orden Suadero');
INSERT INTO platillo(idProducto,tipoPlatillo) VALUES (29,'Agua de Jamaica');
INSERT INTO platillo(idProducto,tipoPlatillo) VALUES (30,'Agua de Horchata');
INSERT INTO platillo(idProducto,tipoPlatillo) VALUES (31,'Refresco');

/*-----------------------------------------------------------------------
 ----------------------[ Datos de precioPlatillo ]-----------------------
 ----------------------------------------------------------------------*/
INSERT INTO precioPlatillo(idProducto,precio,fecha) VALUES (25,92,'2015-11-04');
INSERT INTO precioPlatillo(idProducto,precio,fecha) VALUES (4,298,'2021-11-18');
INSERT INTO precioPlatillo(idProducto,precio,fecha) VALUES (13,115,'2021-02-09');
INSERT INTO precioPlatillo(idProducto,precio,fecha) VALUES (18,147,'2021-12-26');
INSERT INTO precioPlatillo(idProducto,precio,fecha) VALUES (13,114,'2018-02-05');
INSERT INTO precioPlatillo(idProducto,precio,fecha) VALUES (26,126,'2018-02-17');
INSERT INTO precioPlatillo(idProducto,precio,fecha) VALUES (31,200,'2015-08-07');
INSERT INTO precioPlatillo(idProducto,precio,fecha) VALUES (30,298,'2017-01-25');
INSERT INTO precioPlatillo(idProducto,precio,fecha) VALUES (7,41,'2018-09-13');
INSERT INTO precioPlatillo(idProducto,precio,fecha) VALUES (16,258,'2019-11-04');
INSERT INTO precioPlatillo(idProducto,precio,fecha) VALUES (15,140,'2019-08-28');
INSERT INTO precioPlatillo(idProducto,precio,fecha) VALUES (17,74,'2020-11-14');
INSERT INTO precioPlatillo(idProducto,precio,fecha) VALUES (8,34,'2017-01-21');
INSERT INTO precioPlatillo(idProducto,precio,fecha) VALUES (28,61,'2021-12-15');
INSERT INTO precioPlatillo(idProducto,precio,fecha) VALUES (11,192,'2022-03-24');
INSERT INTO precioPlatillo(idProducto,precio,fecha) VALUES (17,265,'2019-06-26');
INSERT INTO precioPlatillo(idProducto,precio,fecha) VALUES (25,275,'2016-05-26');
INSERT INTO precioPlatillo(idProducto,precio,fecha) VALUES (31,176,'2021-04-17');
INSERT INTO precioPlatillo(idProducto,precio,fecha) VALUES (31,256,'2017-09-25');
INSERT INTO precioPlatillo(idProducto,precio,fecha) VALUES (8,165,'2017-12-04');
INSERT INTO precioPlatillo(idProducto,precio,fecha) VALUES (10,220,'2018-05-25');
INSERT INTO precioPlatillo(idProducto,precio,fecha) VALUES (22,236,'2017-04-01');
INSERT INTO precioPlatillo(idProducto,precio,fecha) VALUES (8,292,'2016-12-31');
INSERT INTO precioPlatillo(idProducto,precio,fecha) VALUES (11,139,'2018-06-04');
INSERT INTO precioPlatillo(idProducto,precio,fecha) VALUES (19,299,'2017-10-04');
INSERT INTO precioPlatillo(idProducto,precio,fecha) VALUES (8,94,'2021-01-23');
INSERT INTO precioPlatillo(idProducto,precio,fecha) VALUES (21,37,'2019-09-02');
INSERT INTO precioPlatillo(idProducto,precio,fecha) VALUES (2,181,'2018-06-22');
INSERT INTO precioPlatillo(idProducto,precio,fecha) VALUES (13,182,'2019-04-15');
INSERT INTO precioPlatillo(idProducto,precio,fecha) VALUES (3,49,'2019-03-10');
INSERT INTO precioPlatillo(idProducto,precio,fecha) VALUES (8,67,'2019-10-07');
INSERT INTO precioPlatillo(idProducto,precio,fecha) VALUES (8,59,'2021-05-25');
INSERT INTO precioPlatillo(idProducto,precio,fecha) VALUES (11,232,'2019-09-12');
INSERT INTO precioPlatillo(idProducto,precio,fecha) VALUES (5,92,'2019-09-12');
INSERT INTO precioPlatillo(idProducto,precio,fecha) VALUES (16,298,'2017-03-05');
INSERT INTO precioPlatillo(idProducto,precio,fecha) VALUES (22,132,'2020-09-18');
INSERT INTO precioPlatillo(idProducto,precio,fecha) VALUES (2,222,'2015-09-19');
INSERT INTO precioPlatillo(idProducto,precio,fecha) VALUES (23,181,'2018-01-05');
INSERT INTO precioPlatillo(idProducto,precio,fecha) VALUES (3,237,'2015-12-12');
INSERT INTO precioPlatillo(idProducto,precio,fecha) VALUES (9,159,'2021-09-05');
INSERT INTO precioPlatillo(idProducto,precio,fecha) VALUES (18,94,'2017-02-25');
INSERT INTO precioPlatillo(idProducto,precio,fecha) VALUES (2,34,'2019-08-31');
INSERT INTO precioPlatillo(idProducto,precio,fecha) VALUES (22,153,'2021-06-17');
INSERT INTO precioPlatillo(idProducto,precio,fecha) VALUES (13,232,'2017-06-17');
INSERT INTO precioPlatillo(idProducto,precio,fecha) VALUES (25,106,'2017-05-04');
INSERT INTO precioPlatillo(idProducto,precio,fecha) VALUES (22,92,'2020-02-14');
INSERT INTO precioPlatillo(idProducto,precio,fecha) VALUES (16,87,'2021-04-01');
INSERT INTO precioPlatillo(idProducto,precio,fecha) VALUES (2,63,'2017-10-08');
INSERT INTO precioPlatillo(idProducto,precio,fecha) VALUES (5,210,'2019-10-08');
INSERT INTO precioPlatillo(idProducto,precio,fecha) VALUES (24,285,'2021-01-23');
INSERT INTO precioPlatillo(idProducto,precio,fecha) VALUES (12,202,'2021-08-04');
INSERT INTO precioPlatillo(idProducto,precio,fecha) VALUES (14,283,'2020-01-13');
INSERT INTO precioPlatillo(idProducto,precio,fecha) VALUES (25,114,'2021-07-23');
INSERT INTO precioPlatillo(idProducto,precio,fecha) VALUES (9,217,'2021-01-22');
INSERT INTO precioPlatillo(idProducto,precio,fecha) VALUES (25,265,'2020-11-15');
INSERT INTO precioPlatillo(idProducto,precio,fecha) VALUES (15,272,'2015-09-29');
INSERT INTO precioPlatillo(idProducto,precio,fecha) VALUES (10,26,'2019-01-11');
INSERT INTO precioPlatillo(idProducto,precio,fecha) VALUES (19,157,'2020-07-17');
INSERT INTO precioPlatillo(idProducto,precio,fecha) VALUES (21,194,'2022-01-03');
INSERT INTO precioPlatillo(idProducto,precio,fecha) VALUES (2,111,'2021-02-14');
INSERT INTO precioPlatillo(idProducto,precio,fecha) VALUES (31,242,'2016-11-13');
INSERT INTO precioPlatillo(idProducto,precio,fecha) VALUES (27,72,'2016-12-09');
INSERT INTO precioPlatillo(idProducto,precio,fecha) VALUES (10,260,'2021-06-10');
INSERT INTO precioPlatillo(idProducto,precio,fecha) VALUES (26,79,'2017-04-08');
INSERT INTO precioPlatillo(idProducto,precio,fecha) VALUES (2,137,'2021-10-05');
INSERT INTO precioPlatillo(idProducto,precio,fecha) VALUES (1,264,'2015-07-11');
INSERT INTO precioPlatillo(idProducto,precio,fecha) VALUES (1,297,'2019-03-01');
INSERT INTO precioPlatillo(idProducto,precio,fecha) VALUES (28,110,'2019-08-21');
INSERT INTO precioPlatillo(idProducto,precio,fecha) VALUES (16,73,'2017-01-14');
INSERT INTO precioPlatillo(idProducto,precio,fecha) VALUES (6,263,'2022-01-17');
INSERT INTO precioPlatillo(idProducto,precio,fecha) VALUES (31,188,'2020-10-30');
INSERT INTO precioPlatillo(idProducto,precio,fecha) VALUES (3,256,'2020-11-06');
INSERT INTO precioPlatillo(idProducto,precio,fecha) VALUES (4,229,'2020-03-11');
INSERT INTO precioPlatillo(idProducto,precio,fecha) VALUES (16,250,'2016-02-24');
INSERT INTO precioPlatillo(idProducto,precio,fecha) VALUES (3,33,'2017-06-25');
INSERT INTO precioPlatillo(idProducto,precio,fecha) VALUES (5,62,'2020-09-22');
INSERT INTO precioPlatillo(idProducto,precio,fecha) VALUES (25,198,'2018-09-07');
INSERT INTO precioPlatillo(idProducto,precio,fecha) VALUES (7,240,'2018-09-05');
INSERT INTO precioPlatillo(idProducto,precio,fecha) VALUES (12,95,'2019-06-15');
INSERT INTO precioPlatillo(idProducto,precio,fecha) VALUES (26,256,'2016-05-27');
INSERT INTO precioPlatillo(idProducto,precio,fecha) VALUES (7,99,'2017-01-16');
INSERT INTO precioPlatillo(idProducto,precio,fecha) VALUES (26,170,'2017-11-09');
INSERT INTO precioPlatillo(idProducto,precio,fecha) VALUES (14,263,'2019-07-04');
INSERT INTO precioPlatillo(idProducto,precio,fecha) VALUES (1,93,'2021-01-14');
INSERT INTO precioPlatillo(idProducto,precio,fecha) VALUES (16,258,'2019-09-05');
INSERT INTO precioPlatillo(idProducto,precio,fecha) VALUES (30,85,'2021-07-11');
INSERT INTO precioPlatillo(idProducto,precio,fecha) VALUES (13,187,'2018-02-15');
INSERT INTO precioPlatillo(idProducto,precio,fecha) VALUES (4,276,'2016-11-13');
INSERT INTO precioPlatillo(idProducto,precio,fecha) VALUES (24,136,'2018-02-28');
INSERT INTO precioPlatillo(idProducto,precio,fecha) VALUES (22,33,'2019-01-27');
INSERT INTO precioPlatillo(idProducto,precio,fecha) VALUES (6,62,'2019-04-09');
INSERT INTO precioPlatillo(idProducto,precio,fecha) VALUES (25,135,'2021-09-10');
INSERT INTO precioPlatillo(idProducto,precio,fecha) VALUES (31,299,'2019-03-05');
INSERT INTO precioPlatillo(idProducto,precio,fecha) VALUES (19,228,'2020-02-06');
INSERT INTO precioPlatillo(idProducto,precio,fecha) VALUES (12,28,'2016-03-17');
INSERT INTO precioPlatillo(idProducto,precio,fecha) VALUES (19,140,'2021-06-22');
INSERT INTO precioPlatillo(idProducto,precio,fecha) VALUES (6,85,'2017-10-12');
INSERT INTO precioPlatillo(idProducto,precio,fecha) VALUES (15,64,'2020-03-20');
INSERT INTO precioPlatillo(idProducto,precio,fecha) VALUES (8,27,'2015-06-16');
INSERT INTO precioPlatillo(idProducto,precio,fecha) VALUES (18,254,'2018-05-04');

/*-----------------------------------------------------------------------
 --------------------------[ Datos de insumo ]---------------------------
 ----------------------------------------------------------------------*/
INSERT INTO insumo(idInsumo,nombre,fechaCompra,precio,cantidad,marca,caducidad) VALUES ('OI1957263','sprite','2019-01-23',68.28,1,'West-ward Pharmaceutical Corp','2021-10-11');
INSERT INTO insumo(idInsumo,nombre,fechaCompra,precio,cantidad,marca,caducidad) VALUES ('TL1384767','ajo','2020-02-13',69.21,4,'X-GEN Pharmaceuticals, Inc.','2021-03-31');
INSERT INTO insumo(idInsumo,nombre,fechaCompra,precio,cantidad,marca,caducidad) VALUES ('KD6425910','arrachera','2020-01-24',95.88,5,'Eli Lilly and Company','2020-11-11');
INSERT INTO insumo(idInsumo,nombre,fechaCompra,precio,cantidad,marca,caducidad) VALUES ('WE4053701','pierna','2019-08-20',89.01,9,'MEGASOL COSMETIC GMBH','2021-08-25');
INSERT INTO insumo(idInsumo,nombre,fechaCompra,precio,cantidad,marca,caducidad) VALUES ('NW4314470','sidral','2020-03-01',24.37,2,'Morton Grove Pharmaceuticals, Inc.','2022-06-03');
INSERT INTO insumo(idInsumo,nombre,fechaCompra,precio,cantidad,marca,caducidad) VALUES ('GV8885871','frijol','2018-02-26',50.11,10,'China Ningbo Shangge Cosmetic Technology Corp','2021-11-18');
INSERT INTO insumo(idInsumo,nombre,fechaCompra,precio,cantidad,marca,caducidad) VALUES ('GF1612694','sesos','2019-03-07',56.33,10,'Tri-Coastal Design Company Inc.','2020-09-17');
INSERT INTO insumo(idInsumo,nombre,fechaCompra,precio,cantidad,marca,caducidad) VALUES ('FE4782228','cebolla','2018-09-07',27.75,10,'Quinnova Pharmaceuticals, LLC','2022-02-02');
INSERT INTO insumo(idInsumo,nombre,fechaCompra,precio,cantidad,marca,caducidad) VALUES ('WV3594519','bolillos','2020-01-28',5.74,5,'Gurwitch Products','2021-06-22');
INSERT INTO insumo(idInsumo,nombre,fechaCompra,precio,cantidad,marca,caducidad) VALUES ('LC7856802','queso panela','2020-04-14',34.9,5,'Unit Dose Services','2021-03-04');
INSERT INTO insumo(idInsumo,nombre,fechaCompra,precio,cantidad,marca,caducidad) VALUES ('JO8347297','refrigeradores','2018-08-27',40.78,6,'Blacksmith Brands, Inc.','2021-05-22');
INSERT INTO insumo(idInsumo,nombre,fechaCompra,precio,cantidad,marca,caducidad) VALUES ('UC5856487','boing de mango','2019-10-07',70.38,7,'Lil'' Drug Store Products, Inc','2022-02-01');
INSERT INTO insumo(idInsumo,nombre,fechaCompra,precio,cantidad,marca,caducidad) VALUES ('YW0492062','bolillos','2020-03-18',34.43,1,'Antigen Laboratories, Inc.','2022-04-30');
INSERT INTO insumo(idInsumo,nombre,fechaCompra,precio,cantidad,marca,caducidad) VALUES ('VB6252949','papa','2020-04-19',96.26,5,'UCB, Inc.','2021-01-14');
INSERT INTO insumo(idInsumo,nombre,fechaCompra,precio,cantidad,marca,caducidad) VALUES ('QW3050480','longaniza','2019-08-15',39.91,10,'Pfizer Laboratories Div Pfizer Inc','2021-10-20');
INSERT INTO insumo(idInsumo,nombre,fechaCompra,precio,cantidad,marca,caducidad) VALUES ('YB8261003','pimiento verde','2020-02-11',20.47,3,'AvKARE, Inc.','2020-07-24');
INSERT INTO insumo(idInsumo,nombre,fechaCompra,precio,cantidad,marca,caducidad) VALUES ('QG8913706','laurel','2018-04-21',92.87,10,'Crosstex International Inc.','2022-01-22');
INSERT INTO insumo(idInsumo,nombre,fechaCompra,precio,cantidad,marca,caducidad) VALUES ('UQ5750971','chicharrón prensado','2019-12-29',34.5,7,'Blacksmith Brands, Inc.','2021-04-23');
INSERT INTO insumo(idInsumo,nombre,fechaCompra,precio,cantidad,marca,caducidad) VALUES ('DY1147496','longaniza','2018-11-22',45.95,6,'Church & Dwight Co., Inc.','2020-08-06');
INSERT INTO insumo(idInsumo,nombre,fechaCompra,precio,cantidad,marca,caducidad) VALUES ('SF1706108','sal','2019-10-03',38.65,2,'AMOREPACIFIC','2021-06-29');
INSERT INTO insumo(idInsumo,nombre,fechaCompra,precio,cantidad,marca,caducidad) VALUES ('NY2040514','epazote','2018-03-05',33.68,5,'Humanwell PuraCap Pharmaceutical (Wuhan), Ltd.','2020-12-11');
INSERT INTO insumo(idInsumo,nombre,fechaCompra,precio,cantidad,marca,caducidad) VALUES ('XT9782493','leche','2020-04-22',65.16,2,'Heritage Pharmaceuticals Inc.','2021-11-26');
INSERT INTO insumo(idInsumo,nombre,fechaCompra,precio,cantidad,marca,caducidad) VALUES ('WY0002876','milanesa','2019-10-13',60.29,7,'Rebel Distributors Corp','2022-01-31');
INSERT INTO insumo(idInsumo,nombre,fechaCompra,precio,cantidad,marca,caducidad) VALUES ('BT2645275','gas','2018-03-31',7.74,9,'Caraco Pharmaceutical Laboratories, Ltd.','2021-03-20');
INSERT INTO insumo(idInsumo,nombre,fechaCompra,precio,cantidad,marca,caducidad) VALUES ('KT2888414','laurel','2020-01-05',59.24,2,'AstraZeneca Pharmaceuticals LP','2021-06-13');
INSERT INTO insumo(idInsumo,nombre,fechaCompra,precio,cantidad,marca,caducidad) VALUES ('UC8391387','sal','2019-12-09',84.68,7,'NATURE REPUBLIC CO., LTD.','2021-10-04');
INSERT INTO insumo(idInsumo,nombre,fechaCompra,precio,cantidad,marca,caducidad) VALUES ('TV2591615','papa','2019-06-14',24.6,3,'Aqua Pharmaceuticals','2021-06-15');
INSERT INTO insumo(idInsumo,nombre,fechaCompra,precio,cantidad,marca,caducidad) VALUES ('TX6269275','chile guajillo','2019-06-23',61.82,1,'Nelco Laboratories, Inc.','2021-04-17');
INSERT INTO insumo(idInsumo,nombre,fechaCompra,precio,cantidad,marca,caducidad) VALUES ('ZB6466414','maiz pozolero','2018-12-08',15.58,8,'Caraco Pharmaceutical Laboratories, Ltd.','2020-10-19');
INSERT INTO insumo(idInsumo,nombre,fechaCompra,precio,cantidad,marca,caducidad) VALUES ('HN1699702','aceite vegetal','2019-05-20',2.16,10,'Carilion Materials Management','2021-10-03');
INSERT INTO insumo(idInsumo,nombre,fechaCompra,precio,cantidad,marca,caducidad) VALUES ('TN7436654','pierna pollo','2019-12-06',37.51,1,'Antigen Laboratories, Inc.','2021-02-19');
INSERT INTO insumo(idInsumo,nombre,fechaCompra,precio,cantidad,marca,caducidad) VALUES ('KB6467374','crema','2019-02-22',44.95,5,'Ventura Corporation LTD.','2020-08-15');
INSERT INTO insumo(idInsumo,nombre,fechaCompra,precio,cantidad,marca,caducidad) VALUES ('JR0102239','chiles verdes','2020-01-05',42.85,2,'Colgate-Palmolive Company','2022-06-10');
INSERT INTO insumo(idInsumo,nombre,fechaCompra,precio,cantidad,marca,caducidad) VALUES ('CN8185762','boing de mango','2020-06-01',28.01,2,'STAT RX USA LLC','2021-10-17');
INSERT INTO insumo(idInsumo,nombre,fechaCompra,precio,cantidad,marca,caducidad) VALUES ('RZ3269042','cafe','2019-07-03',52.53,1,'Western Family Foods Inc','2020-08-09');
INSERT INTO insumo(idInsumo,nombre,fechaCompra,precio,cantidad,marca,caducidad) VALUES ('HY6861435','sprite','2018-10-28',38.53,10,'Barr Laboratories Inc.','2021-07-21');
INSERT INTO insumo(idInsumo,nombre,fechaCompra,precio,cantidad,marca,caducidad) VALUES ('XI6149956','maiz pozolero','2018-06-28',12.01,3,'Empack Spraytech Inc','2022-02-13');
INSERT INTO insumo(idInsumo,nombre,fechaCompra,precio,cantidad,marca,caducidad) VALUES ('SL8481380','perejil','2019-05-10',61.62,9,'Greenbrier International, Inc.','2022-01-09');
INSERT INTO insumo(idInsumo,nombre,fechaCompra,precio,cantidad,marca,caducidad) VALUES ('NN7855470','gas','2018-08-10',8.65,4,'Orsini Home Medical Equipment Inc.','2022-01-07');
INSERT INTO insumo(idInsumo,nombre,fechaCompra,precio,cantidad,marca,caducidad) VALUES ('MR0113813','sesos','2020-05-26',91.03,1,'Native Remedies, LLC','2021-05-11');
INSERT INTO insumo(idInsumo,nombre,fechaCompra,precio,cantidad,marca,caducidad) VALUES ('LF6564457','ajo','2018-02-05',68.56,2,'Golden State Medical Supply, Inc.','2020-11-23');
INSERT INTO insumo(idInsumo,nombre,fechaCompra,precio,cantidad,marca,caducidad) VALUES ('LH4944177','epazote','2019-05-18',24.68,2,'Genentech, Inc.','2021-01-14');
INSERT INTO insumo(idInsumo,nombre,fechaCompra,precio,cantidad,marca,caducidad) VALUES ('XU2564622','tocino','2018-02-05',40.08,10,'Native Remedies, LLC','2020-08-01');
INSERT INTO insumo(idInsumo,nombre,fechaCompra,precio,cantidad,marca,caducidad) VALUES ('GL1552048','electricidad','2018-05-24',74.59,2,'General Air Service & Supply Co','2020-09-28');
INSERT INTO insumo(idInsumo,nombre,fechaCompra,precio,cantidad,marca,caducidad) VALUES ('UE1760757','zanahorias','2019-11-26',89.46,8,'Major Pharmaceuticals','2022-07-03');
INSERT INTO insumo(idInsumo,nombre,fechaCompra,precio,cantidad,marca,caducidad) VALUES ('BI9132545','pierna','2019-02-28',3.27,2,'Taro Pharmaceuticals U.S.A., Inc.','2022-04-18');
INSERT INTO insumo(idInsumo,nombre,fechaCompra,precio,cantidad,marca,caducidad) VALUES ('ZL5151602','refrigeradores','2018-05-04',75.13,8,'Teva Parenteral Medicines, Inc.','2022-03-01');
INSERT INTO insumo(idInsumo,nombre,fechaCompra,precio,cantidad,marca,caducidad) VALUES ('BU1145245','milanesa','2019-02-02',96.32,4,'REMEDYREPACK INC.','2021-08-08');
INSERT INTO insumo(idInsumo,nombre,fechaCompra,precio,cantidad,marca,caducidad) VALUES ('GY3753140','chile serrano','2019-09-10',12.95,5,'Jubilant HollisterStier LLC','2021-02-24');
INSERT INTO insumo(idInsumo,nombre,fechaCompra,precio,cantidad,marca,caducidad) VALUES ('FY1705658','papa','2018-10-13',34.86,1,'Rebel Distributors Corp','2021-06-25');
INSERT INTO insumo(idInsumo,nombre,fechaCompra,precio,cantidad,marca,caducidad) VALUES ('QA4322522','fanta','2019-09-25',44.33,5,'ALK-Abello, Inc.','2022-02-12');
INSERT INTO insumo(idInsumo,nombre,fechaCompra,precio,cantidad,marca,caducidad) VALUES ('WE8905238','chile guajillo','2018-08-31',66.93,2,'PD-Rx Pharmaceuticals, Inc.','2021-08-10');
INSERT INTO insumo(idInsumo,nombre,fechaCompra,precio,cantidad,marca,caducidad) VALUES ('UP4753161','laurel','2018-03-10',35.6,7,'Aidarex Pharmaceuticals LLC','2021-03-23');
INSERT INTO insumo(idInsumo,nombre,fechaCompra,precio,cantidad,marca,caducidad) VALUES ('MT7505137','ajo','2019-04-18',93.05,9,'Supervalu Inc','2021-12-28');
INSERT INTO insumo(idInsumo,nombre,fechaCompra,precio,cantidad,marca,caducidad) VALUES ('WF2106308','chiles verdes','2020-02-26',54.71,5,'Pack Pharmaceuticals, LLC','2022-03-12');
INSERT INTO insumo(idInsumo,nombre,fechaCompra,precio,cantidad,marca,caducidad) VALUES ('NM5523870','crema','2019-01-13',38.8,2,'PD-Rx Pharmaceuticals, Inc.','2021-08-30');
INSERT INTO insumo(idInsumo,nombre,fechaCompra,precio,cantidad,marca,caducidad) VALUES ('ZR0547423','sillas','2019-04-08',73.33,7,'KAISER FOUNDATION HOSPITALS','2021-05-09');
INSERT INTO insumo(idInsumo,nombre,fechaCompra,precio,cantidad,marca,caducidad) VALUES ('UT7912791','sesos','2019-06-13',16.24,9,'Upsher-Smith Laboratories, Inc.','2021-07-22');
INSERT INTO insumo(idInsumo,nombre,fechaCompra,precio,cantidad,marca,caducidad) VALUES ('ZQ7578637','sillas','2020-01-31',13.34,10,'Cardinal Health','2021-04-17');
INSERT INTO insumo(idInsumo,nombre,fechaCompra,precio,cantidad,marca,caducidad) VALUES ('YV3531657','electricidad','2018-12-19',88.33,2,'Topco Associates LLC','2022-06-19');
INSERT INTO insumo(idInsumo,nombre,fechaCompra,precio,cantidad,marca,caducidad) VALUES ('GX7709996','costilla','2018-10-13',63.26,7,'Aidarex Pharmaceuticals LLC','2021-05-14');
INSERT INTO insumo(idInsumo,nombre,fechaCompra,precio,cantidad,marca,caducidad) VALUES ('TY1610388','nopales','2019-10-19',26.97,6,'Mylan Pharmaceuticals Inc.','2022-04-16');
INSERT INTO insumo(idInsumo,nombre,fechaCompra,precio,cantidad,marca,caducidad) VALUES ('TB8211720','tomates rojos','2020-01-31',30.6,9,'Cardinal Health','2021-09-30');
INSERT INTO insumo(idInsumo,nombre,fechaCompra,precio,cantidad,marca,caducidad) VALUES ('PL3057560','tostadas','2019-04-24',1.19,10,'Perrigo New York Inc','2020-10-03');
INSERT INTO insumo(idInsumo,nombre,fechaCompra,precio,cantidad,marca,caducidad) VALUES ('KJ0734315','limon','2019-08-08',36.91,7,'L. Perrigo Company','2021-07-12');
INSERT INTO insumo(idInsumo,nombre,fechaCompra,precio,cantidad,marca,caducidad) VALUES ('OR6463986','servilletas','2018-11-18',64.82,7,'Raani Corporation','2021-05-09');
INSERT INTO insumo(idInsumo,nombre,fechaCompra,precio,cantidad,marca,caducidad) VALUES ('QS3538932','jamaica','2019-06-29',31.04,8,'Major Pharmaceuticals','2021-10-06');
INSERT INTO insumo(idInsumo,nombre,fechaCompra,precio,cantidad,marca,caducidad) VALUES ('TX8214916','cafe','2018-10-01',66.98,4,'SJ Creations, Inc.','2020-10-28');
INSERT INTO insumo(idInsumo,nombre,fechaCompra,precio,cantidad,marca,caducidad) VALUES ('HM4589163','zanahorias','2019-10-15',51.71,10,'WIZCOZ CORPORATION LTD','2021-09-22');
INSERT INTO insumo(idInsumo,nombre,fechaCompra,precio,cantidad,marca,caducidad) VALUES ('YX0193110','tomates verdes','2019-06-26',96.21,4,'Cardinal Health','2021-07-09');
INSERT INTO insumo(idInsumo,nombre,fechaCompra,precio,cantidad,marca,caducidad) VALUES ('BM7021012','leche','2020-01-29',49.86,10,'Galentic Pharma (India) Priva Te Limited','2020-07-19');
INSERT INTO insumo(idInsumo,nombre,fechaCompra,precio,cantidad,marca,caducidad) VALUES ('WX2704609','epazote','2018-05-03',57.05,9,'Shopko Stores Operating Co., LLC','2021-05-31');
INSERT INTO insumo(idInsumo,nombre,fechaCompra,precio,cantidad,marca,caducidad) VALUES ('MH2626559','aguacate','2018-02-10',44.81,6,'BIO-VED Pharmaceuticals','2021-02-14');
INSERT INTO insumo(idInsumo,nombre,fechaCompra,precio,cantidad,marca,caducidad) VALUES ('IS2786947','perejil','2019-07-04',58.62,2,'Antigen Laboratories, Inc.','2022-03-27');
INSERT INTO insumo(idInsumo,nombre,fechaCompra,precio,cantidad,marca,caducidad) VALUES ('UM8948292','papa','2018-01-04',6.94,10,'Sandoz Inc','2021-01-09');
INSERT INTO insumo(idInsumo,nombre,fechaCompra,precio,cantidad,marca,caducidad) VALUES ('KQ6738080','arrachera','2018-12-27',78.14,6,'Scarguard Labs, LLC','2022-04-02');
INSERT INTO insumo(idInsumo,nombre,fechaCompra,precio,cantidad,marca,caducidad) VALUES ('KH3018894','adobo','2019-10-21',1.95,1,'Caraco Pharmaceutical Laboratories, Ltd.','2021-11-08');
INSERT INTO insumo(idInsumo,nombre,fechaCompra,precio,cantidad,marca,caducidad) VALUES ('LQ4605117','aceite vegetal','2018-09-16',2.44,1,'REMEDY MAKERS','2022-04-12');
INSERT INTO insumo(idInsumo,nombre,fechaCompra,precio,cantidad,marca,caducidad) VALUES ('LP7324419','crema','2019-10-13',86.75,5,'Meijer Distribution Inc','2021-12-07');
INSERT INTO insumo(idInsumo,nombre,fechaCompra,precio,cantidad,marca,caducidad) VALUES ('YV9388620','azucar','2018-11-19',18.94,3,'Amneal-Agila, LLC','2021-09-05');
INSERT INTO insumo(idInsumo,nombre,fechaCompra,precio,cantidad,marca,caducidad) VALUES ('XK3725569','huevos','2019-09-22',93.81,3,'Covis Pharmaceuticals, Inc.','2022-02-09');
INSERT INTO insumo(idInsumo,nombre,fechaCompra,precio,cantidad,marca,caducidad) VALUES ('JE2200357','electricidad','2018-05-03',83.95,1,'Medical Products Laboratories, Inc.','2021-11-21');
INSERT INTO insumo(idInsumo,nombre,fechaCompra,precio,cantidad,marca,caducidad) VALUES ('ZS5815773','chile guajillo','2019-02-10',8.28,1,'Pharmacia and Upjohn Company','2021-11-28');
INSERT INTO insumo(idInsumo,nombre,fechaCompra,precio,cantidad,marca,caducidad) VALUES ('PL9323532','chicharrón prensado','2018-02-08',24.93,7,'Ben E. Keith Foods','2021-07-02');
INSERT INTO insumo(idInsumo,nombre,fechaCompra,precio,cantidad,marca,caducidad) VALUES ('FU0337125','servilletas','2018-07-25',45.55,8,'Nelco Laboratories, Inc.','2020-12-26');
INSERT INTO insumo(idInsumo,nombre,fechaCompra,precio,cantidad,marca,caducidad) VALUES ('CX1906434','servilletas','2020-05-04',47.68,6,'Genoma Lab USA Inc','2021-07-09');
INSERT INTO insumo(idInsumo,nombre,fechaCompra,precio,cantidad,marca,caducidad) VALUES ('TF3446919','leche','2018-01-18',35.58,5,'KVK-Tech, Inc.','2021-12-02');
INSERT INTO insumo(idInsumo,nombre,fechaCompra,precio,cantidad,marca,caducidad) VALUES ('CL9012452','rabanos','2018-01-12',10.56,1,'Hikma Pharmaceutical','2022-05-23');
INSERT INTO insumo(idInsumo,nombre,fechaCompra,precio,cantidad,marca,caducidad) VALUES ('YY7665191','sillas','2019-02-04',93.56,4,'REMEDYREPACK INC.','2021-07-21');
INSERT INTO insumo(idInsumo,nombre,fechaCompra,precio,cantidad,marca,caducidad) VALUES ('ZJ8070326','mesas','2020-03-21',83.7,5,'Monarch Pharmaceuticals, Inc','2022-02-19');
INSERT INTO insumo(idInsumo,nombre,fechaCompra,precio,cantidad,marca,caducidad) VALUES ('FK4819412','ajo','2020-04-29',84.03,8,'Stephen L. LaFrance Pharmacy, Inc.','2020-10-05');
INSERT INTO insumo(idInsumo,nombre,fechaCompra,precio,cantidad,marca,caducidad) VALUES ('DK6101882','servilletas','2018-05-15',62.73,4,'International Beauty Exchange','2022-01-14');
INSERT INTO insumo(idInsumo,nombre,fechaCompra,precio,cantidad,marca,caducidad) VALUES ('KO4996027','zanahorias','2018-05-01',40.06,6,'Physicians Total Care, Inc.','2020-11-08');
INSERT INTO insumo(idInsumo,nombre,fechaCompra,precio,cantidad,marca,caducidad) VALUES ('OZ2583172','jamaica','2018-06-21',91.0,9,'REMEDYREPACK INC.','2021-10-16');
INSERT INTO insumo(idInsumo,nombre,fechaCompra,precio,cantidad,marca,caducidad) VALUES ('PT0674460','cebolla','2019-10-23',84.68,2,'REMEDYREPACK INC.','2021-07-01');
INSERT INTO insumo(idInsumo,nombre,fechaCompra,precio,cantidad,marca,caducidad) VALUES ('RJ7051285','agua','2018-02-20',65.47,3,'Fresenius Medical Care North America','2020-10-01');
INSERT INTO insumo(idInsumo,nombre,fechaCompra,precio,cantidad,marca,caducidad) VALUES ('DX2992391','fanta','2019-05-27',78.4,3,'SKINFOOD CO., LTD.','2022-06-05');
INSERT INTO insumo(idInsumo,nombre,fechaCompra,precio,cantidad,marca,caducidad) VALUES ('QC6780372','chile serrano','2019-12-05',43.86,3,'DIRECT RX','2021-01-22');
INSERT INTO insumo(idInsumo,nombre,fechaCompra,precio,cantidad,marca,caducidad) VALUES ('GK4090351','longaniza','2019-04-14',40.32,5,'Physicians Total Care, Inc.','2020-12-09');
INSERT INTO insumo(idInsumo,nombre,fechaCompra,precio,cantidad,marca,caducidad) VALUES ('RS6379706','bolillos','2020-01-02',75.23,10,'HOMEOLAB USA INC.','2022-04-27');
INSERT INTO insumo(idInsumo,nombre,fechaCompra,precio,cantidad,marca,caducidad) VALUES ('WZ9662023','nopales','2019-01-10',44.73,2,'CLINIQUE LABORATORIES, INC.','2022-02-07');
INSERT INTO insumo(idInsumo,nombre,fechaCompra,precio,cantidad,marca,caducidad) VALUES ('AB5502757','platos','2019-01-20',28.71,9,'Antigen Laboratories, Inc.','2021-02-06');
INSERT INTO insumo(idInsumo,nombre,fechaCompra,precio,cantidad,marca,caducidad) VALUES ('SF7141990','lechuga','2019-09-20',12.69,5,'Mylan Pharmaceuticals Inc.','2021-01-17');
INSERT INTO insumo(idInsumo,nombre,fechaCompra,precio,cantidad,marca,caducidad) VALUES ('FB0510761','tripas','2019-12-19',72.2,1,'Dr. Reddy''s Laboratories Inc','2022-04-12');
INSERT INTO insumo(idInsumo,nombre,fechaCompra,precio,cantidad,marca,caducidad) VALUES ('OZ7554064','rabanos','2018-10-22',8.12,2,'Lippmann Enterprises, LLC','2020-08-13');
INSERT INTO insumo(idInsumo,nombre,fechaCompra,precio,cantidad,marca,caducidad) VALUES ('KF6126889','perejil','2019-04-16',15.14,8,'Lake Erie Medical & Surgical Supply DBA Quality Care Products LLC','2022-01-19');
INSERT INTO insumo(idInsumo,nombre,fechaCompra,precio,cantidad,marca,caducidad) VALUES ('VT7768110','pierna','2019-02-06',72.81,2,'CVS Pharmacy','2022-01-06');
INSERT INTO insumo(idInsumo,nombre,fechaCompra,precio,cantidad,marca,caducidad) VALUES ('UJ6790341','muslo pollo','2018-05-05',4.7,7,'King Bio Inc.','2022-02-11');
INSERT INTO insumo(idInsumo,nombre,fechaCompra,precio,cantidad,marca,caducidad) VALUES ('CW4407262','jamon','2020-03-12',45.85,6,'Gerimedix Incorporated','2021-08-15');
INSERT INTO insumo(idInsumo,nombre,fechaCompra,precio,cantidad,marca,caducidad) VALUES ('DY0465793','tomates rojos','2018-08-20',34.69,8,'Massco Dental A Division of Dunagin Pharmaceuticals','2020-09-01');
INSERT INTO insumo(idInsumo,nombre,fechaCompra,precio,cantidad,marca,caducidad) VALUES ('IM8300887','costilla','2018-03-19',11.56,7,'Procter & Gamble Manufacturing Company','2020-07-30');
INSERT INTO insumo(idInsumo,nombre,fechaCompra,precio,cantidad,marca,caducidad) VALUES ('VX9261158','laurel','2018-06-23',37.7,2,'McKesson','2021-05-24');
INSERT INTO insumo(idInsumo,nombre,fechaCompra,precio,cantidad,marca,caducidad) VALUES ('SJ1191664','longaniza','2018-08-29',99.72,1,'Perfumeria Lemaitre S.A.','2021-06-30');
INSERT INTO insumo(idInsumo,nombre,fechaCompra,precio,cantidad,marca,caducidad) VALUES ('BB0803595','cubiertos','2018-08-11',48.39,3,'Lupin Pharmaceuticals, Inc.','2021-08-08');
INSERT INTO insumo(idInsumo,nombre,fechaCompra,precio,cantidad,marca,caducidad) VALUES ('IK9394551','chile guajillo','2019-02-07',46.12,10,'SPAI-SONS PHAMACEUTICAL INTERNATIONAL COSMETICS','2020-08-11');
INSERT INTO insumo(idInsumo,nombre,fechaCompra,precio,cantidad,marca,caducidad) VALUES ('UV4462286','jamon','2020-06-04',99.81,9,'Mylan Pharmaceuticals Inc.','2021-02-20');
INSERT INTO insumo(idInsumo,nombre,fechaCompra,precio,cantidad,marca,caducidad) VALUES ('MD1442297','coca cola','2018-12-27',8.11,8,'Allergan, Inc.','2021-07-09');
INSERT INTO insumo(idInsumo,nombre,fechaCompra,precio,cantidad,marca,caducidad) VALUES ('QQ5629140','tocino','2018-04-09',9.57,5,'Physicians Total Care, Inc.','2020-11-05');
INSERT INTO insumo(idInsumo,nombre,fechaCompra,precio,cantidad,marca,caducidad) VALUES ('YO6279822','tortillas de maiz','2019-12-08',61.66,4,'Bare Escentuals Beauty, Inc.','2021-08-19');
INSERT INTO insumo(idInsumo,nombre,fechaCompra,precio,cantidad,marca,caducidad) VALUES ('CN8936364','fanta','2020-07-11',68.1,6,'Rebel Distributors Corp.','2021-12-12');
INSERT INTO insumo(idInsumo,nombre,fechaCompra,precio,cantidad,marca,caducidad) VALUES ('AG7206958','bolillos','2018-10-10',72.96,1,'REMEDYREPACK INC.','2020-10-07');
INSERT INTO insumo(idInsumo,nombre,fechaCompra,precio,cantidad,marca,caducidad) VALUES ('LO9817596','aceite vegetal','2019-10-26',57.07,5,'IVAX Pharmaceuticals, Inc.','2021-11-08');
INSERT INTO insumo(idInsumo,nombre,fechaCompra,precio,cantidad,marca,caducidad) VALUES ('ZF9166526','mesas','2018-07-08',79.58,10,'Stratus Pharamceuticals','2021-02-13');
INSERT INTO insumo(idInsumo,nombre,fechaCompra,precio,cantidad,marca,caducidad) VALUES ('YC3729846','ajo','2018-05-18',65.73,4,'Major Pharmaceuticals','2021-05-01');
INSERT INTO insumo(idInsumo,nombre,fechaCompra,precio,cantidad,marca,caducidad) VALUES ('KB8429802','carne de puerco','2020-04-26',47.98,4,'Rising Pharmaceuticals, Inc.','2021-07-16');
INSERT INTO insumo(idInsumo,nombre,fechaCompra,precio,cantidad,marca,caducidad) VALUES ('SU3836448','frijol','2020-01-31',56.98,2,'Lake Erie Medical & Surgical Supply DBA Quality Care Products LLC','2021-12-30');
INSERT INTO insumo(idInsumo,nombre,fechaCompra,precio,cantidad,marca,caducidad) VALUES ('ER6546305','tostadas','2018-10-31',9.04,1,'Roxane Laboratories, Inc.','2022-07-01');
INSERT INTO insumo(idInsumo,nombre,fechaCompra,precio,cantidad,marca,caducidad) VALUES ('ET4762057','agua','2019-06-27',40.31,1,'Target Corporation','2021-01-29');
INSERT INTO insumo(idInsumo,nombre,fechaCompra,precio,cantidad,marca,caducidad) VALUES ('FE8669263','adobo','2019-05-21',49.03,2,'Best Choice (Valu Merchandisers Company)','2021-10-31');
INSERT INTO insumo(idInsumo,nombre,fechaCompra,precio,cantidad,marca,caducidad) VALUES ('OZ4655622','cebolla','2018-04-04',67.74,5,'Mallinckrodt, Inc.','2020-07-15');
INSERT INTO insumo(idInsumo,nombre,fechaCompra,precio,cantidad,marca,caducidad) VALUES ('KN4697146','aguacate','2018-07-13',18.98,8,'Nelco Laboratories, Inc.','2021-10-07');
INSERT INTO insumo(idInsumo,nombre,fechaCompra,precio,cantidad,marca,caducidad) VALUES ('CP2983812','costilla','2018-06-20',99.43,5,'Northwind Pharmaceuticals','2021-07-21');
INSERT INTO insumo(idInsumo,nombre,fechaCompra,precio,cantidad,marca,caducidad) VALUES ('DR3896945','horchata','2020-07-07',4.18,2,'A-S Medication Solutions LLC','2021-11-12');
INSERT INTO insumo(idInsumo,nombre,fechaCompra,precio,cantidad,marca,caducidad) VALUES ('FP1889275','pierna pollo','2018-12-02',22.27,3,'PureTek Corporation','2022-06-09');
INSERT INTO insumo(idInsumo,nombre,fechaCompra,precio,cantidad,marca,caducidad) VALUES ('BW9005329','bistec','2019-06-23',51.86,6,'Uriel Pharmacy Inc.','2020-11-15');
INSERT INTO insumo(idInsumo,nombre,fechaCompra,precio,cantidad,marca,caducidad) VALUES ('TZ0297902','cebolla','2019-09-16',54.81,1,'ZION SYNTHETIC FIBER CO., LTD.','2021-08-13');
INSERT INTO insumo(idInsumo,nombre,fechaCompra,precio,cantidad,marca,caducidad) VALUES ('YV1411390','zanahorias','2018-08-04',54.62,7,'Community Home Health Services','2021-09-03');
INSERT INTO insumo(idInsumo,nombre,fechaCompra,precio,cantidad,marca,caducidad) VALUES ('HD9646099','tortillas de harina','2019-10-29',68.92,10,'Unit Dose Services','2022-02-15');
INSERT INTO insumo(idInsumo,nombre,fechaCompra,precio,cantidad,marca,caducidad) VALUES ('OT8969976','piña','2019-01-28',99.37,1,'Lake Erie Medical DBA Quality Care Products LLC','2022-02-28');
INSERT INTO insumo(idInsumo,nombre,fechaCompra,precio,cantidad,marca,caducidad) VALUES ('BU6193425','longaniza','2019-03-10',10.22,2,'Medac Pharma, Inc','2021-12-08');
INSERT INTO insumo(idInsumo,nombre,fechaCompra,precio,cantidad,marca,caducidad) VALUES ('OD7391460','sillas','2019-11-21',98.4,10,'TAI GUK PHARM. CO., LTD.','2020-09-02');
INSERT INTO insumo(idInsumo,nombre,fechaCompra,precio,cantidad,marca,caducidad) VALUES ('OB3897421','sal','2018-06-10',81.43,3,'Allermed Laboratories, Inc.','2021-10-29');
INSERT INTO insumo(idInsumo,nombre,fechaCompra,precio,cantidad,marca,caducidad) VALUES ('XH3820263','laurel','2018-02-26',38.68,9,'Wockhardt USA LLC.','2021-01-20');
INSERT INTO insumo(idInsumo,nombre,fechaCompra,precio,cantidad,marca,caducidad) VALUES ('NX0113968','sidral','2018-04-19',96.19,1,'REMEDYREPACK INC.','2020-09-21');
INSERT INTO insumo(idInsumo,nombre,fechaCompra,precio,cantidad,marca,caducidad) VALUES ('OS5298546','azucar','2020-04-30',74.2,9,'Sanum Kehlbeck GmbH & Co. KG','2020-11-03');
INSERT INTO insumo(idInsumo,nombre,fechaCompra,precio,cantidad,marca,caducidad) VALUES ('PR7734190','sal','2020-06-05',21.15,5,'BluePoint Laboratories','2021-08-27');
INSERT INTO insumo(idInsumo,nombre,fechaCompra,precio,cantidad,marca,caducidad) VALUES ('WI7308950','adobo','2018-06-14',62.7,8,'Avon Products, Inc','2022-06-11');
INSERT INTO insumo(idInsumo,nombre,fechaCompra,precio,cantidad,marca,caducidad) VALUES ('HB7621307','milanesa','2018-04-07',3.56,4,'Bryant Ranch Prepack','2021-08-19');
INSERT INTO insumo(idInsumo,nombre,fechaCompra,precio,cantidad,marca,caducidad) VALUES ('DF1682593','tripas','2020-02-08',88.32,3,'SJ Creations, Inc.','2020-08-09');
INSERT INTO insumo(idInsumo,nombre,fechaCompra,precio,cantidad,marca,caducidad) VALUES ('XD0878547','ajo','2018-10-13',24.69,9,'Supervalu Inc','2022-06-23');
INSERT INTO insumo(idInsumo,nombre,fechaCompra,precio,cantidad,marca,caducidad) VALUES ('NI3338311','platos','2020-02-09',82.02,10,'WH Nutritionals, LLC','2021-05-31');
INSERT INTO insumo(idInsumo,nombre,fechaCompra,precio,cantidad,marca,caducidad) VALUES ('OM4221032','tomates verdes','2018-05-01',12.68,1,'Advanced Generic Corporation','2021-08-21');
INSERT INTO insumo(idInsumo,nombre,fechaCompra,precio,cantidad,marca,caducidad) VALUES ('OK0548206','pierna','2019-12-19',88.03,6,'American Health Packaging','2022-03-29');
INSERT INTO insumo(idInsumo,nombre,fechaCompra,precio,cantidad,marca,caducidad) VALUES ('HV8763154','cafe','2019-09-10',10.19,7,'J. A. Cosmetics U.S. INC','2021-07-17');
INSERT INTO insumo(idInsumo,nombre,fechaCompra,precio,cantidad,marca,caducidad) VALUES ('FM2284203','queso oaxaca','2019-05-31',93.23,9,'American Sales Company','2021-09-22');
INSERT INTO insumo(idInsumo,nombre,fechaCompra,precio,cantidad,marca,caducidad) VALUES ('VG1913021','gas','2020-07-01',19.55,9,'Coty US LLC','2021-01-08');
INSERT INTO insumo(idInsumo,nombre,fechaCompra,precio,cantidad,marca,caducidad) VALUES ('RD2705147','platos','2020-02-27',53.68,3,'Dasan E&T Co., Ltd.','2022-02-15');
INSERT INTO insumo(idInsumo,nombre,fechaCompra,precio,cantidad,marca,caducidad) VALUES ('SK3132411','pechuga pollo','2018-01-16',26.67,7,'Mallinckrodt, Inc.','2020-09-30');
INSERT INTO insumo(idInsumo,nombre,fechaCompra,precio,cantidad,marca,caducidad) VALUES ('OK7023128','piña','2019-10-29',78.41,10,'Watson Laboratories, Inc.','2021-07-06');
INSERT INTO insumo(idInsumo,nombre,fechaCompra,precio,cantidad,marca,caducidad) VALUES ('JE9137998','longaniza','2018-12-28',74.21,10,'DermaRite Industries LLC','2021-11-11');
INSERT INTO insumo(idInsumo,nombre,fechaCompra,precio,cantidad,marca,caducidad) VALUES ('VQ5078818','fanta','2020-06-17',79.78,2,'Ventura Corporation, LTD','2021-06-26');
INSERT INTO insumo(idInsumo,nombre,fechaCompra,precio,cantidad,marca,caducidad) VALUES ('UM6759101','cafe','2019-08-01',10.71,3,'McKesson','2021-09-14');
INSERT INTO insumo(idInsumo,nombre,fechaCompra,precio,cantidad,marca,caducidad) VALUES ('FT9742845','chile guajillo','2018-03-06',38.43,5,'Virtus Pharmaceuticals','2021-10-01');
INSERT INTO insumo(idInsumo,nombre,fechaCompra,precio,cantidad,marca,caducidad) VALUES ('XZ9309502','agua','2018-04-05',40.62,2,'NexAir, LLC','2021-01-12');
INSERT INTO insumo(idInsumo,nombre,fechaCompra,precio,cantidad,marca,caducidad) VALUES ('MQ7304074','pimiento verde','2019-11-02',74.94,6,'Bayer HealthCare LLC','2022-03-21');
INSERT INTO insumo(idInsumo,nombre,fechaCompra,precio,cantidad,marca,caducidad) VALUES ('CW9475157','oregano','2020-05-05',41.23,2,'Lake Erie Medical Surgical & Supply DBA Quality Care Products LLC','2020-07-15');
INSERT INTO insumo(idInsumo,nombre,fechaCompra,precio,cantidad,marca,caducidad) VALUES ('NJ9687301','nopales','2019-05-21',1.05,4,'Antigen Laboratories, Inc.','2020-12-23');
INSERT INTO insumo(idInsumo,nombre,fechaCompra,precio,cantidad,marca,caducidad) VALUES ('HZ9292000','platos','2018-07-02',91.18,6,'Citron Pharma LLC','2020-09-25');
INSERT INTO insumo(idInsumo,nombre,fechaCompra,precio,cantidad,marca,caducidad) VALUES ('RY8015023','epazote','2018-05-14',70.77,9,'Cardinal Health','2020-10-01');
INSERT INTO insumo(idInsumo,nombre,fechaCompra,precio,cantidad,marca,caducidad) VALUES ('SJ1574065','agua','2020-04-22',56.55,6,'Janssen Pharmaceuticals, Inc.','2021-04-30');
INSERT INTO insumo(idInsumo,nombre,fechaCompra,precio,cantidad,marca,caducidad) VALUES ('TK4469475','milanesa','2020-05-25',36.21,8,'Neutrogena Corporation','2021-07-13');
INSERT INTO insumo(idInsumo,nombre,fechaCompra,precio,cantidad,marca,caducidad) VALUES ('BK9026437','oregano','2019-06-07',6.81,4,'Hawthorn Pharmaceuticals, Inc.','2021-07-08');
INSERT INTO insumo(idInsumo,nombre,fechaCompra,precio,cantidad,marca,caducidad) VALUES ('KL9282691','boing de guayaba','2019-01-15',72.75,8,'Hospira, Inc.','2022-04-07');
INSERT INTO insumo(idInsumo,nombre,fechaCompra,precio,cantidad,marca,caducidad) VALUES ('XI2563654','sprite','2018-08-07',7.24,2,'BJWC','2021-12-11');
INSERT INTO insumo(idInsumo,nombre,fechaCompra,precio,cantidad,marca,caducidad) VALUES ('TG3697280','agua','2019-02-27',53.02,9,'Proficient Rx LP','2022-04-23');
INSERT INTO insumo(idInsumo,nombre,fechaCompra,precio,cantidad,marca,caducidad) VALUES ('AA4373144','tripas','2019-05-19',94.07,3,'Winthrop U.S.','2021-07-01');
INSERT INTO insumo(idInsumo,nombre,fechaCompra,precio,cantidad,marca,caducidad) VALUES ('MT9433979','adobo','2020-05-20',70.35,4,'RITE AID CORPORATION','2022-03-02');
INSERT INTO insumo(idInsumo,nombre,fechaCompra,precio,cantidad,marca,caducidad) VALUES ('OM2778626','adobo','2019-04-27',75.22,6,'Mediceutical Laboratories, LTD','2022-04-23');
INSERT INTO insumo(idInsumo,nombre,fechaCompra,precio,cantidad,marca,caducidad) VALUES ('BA4581940','queso panela','2020-03-12',96.45,8,'Owen Biosciences, Inc.','2020-09-11');
INSERT INTO insumo(idInsumo,nombre,fechaCompra,precio,cantidad,marca,caducidad) VALUES ('JP6652403','arrachera','2018-12-13',5.08,2,'Topco Associates LLC','2021-03-22');
INSERT INTO insumo(idInsumo,nombre,fechaCompra,precio,cantidad,marca,caducidad) VALUES ('BF6455377','electricidad','2019-06-24',28.68,10,'Nelco Laboratories, Inc.','2021-03-05');
INSERT INTO insumo(idInsumo,nombre,fechaCompra,precio,cantidad,marca,caducidad) VALUES ('QB4306698','sesos','2020-07-14',12.62,7,'Breckenridge Pharmaceutical, Inc.','2021-01-29');
INSERT INTO insumo(idInsumo,nombre,fechaCompra,precio,cantidad,marca,caducidad) VALUES ('SA8933059','coca cola','2020-06-05',97.69,4,'Greenstone LLC','2021-02-25');
INSERT INTO insumo(idInsumo,nombre,fechaCompra,precio,cantidad,marca,caducidad) VALUES ('BR8446291','crema','2018-03-16',25.69,4,'Aidarex Pharmaceuticals LLC','2021-09-09');
INSERT INTO insumo(idInsumo,nombre,fechaCompra,precio,cantidad,marca,caducidad) VALUES ('DR2184321','sal','2020-05-09',96.75,8,'Mylan Pharmaceuticals Inc.','2021-10-05');
INSERT INTO insumo(idInsumo,nombre,fechaCompra,precio,cantidad,marca,caducidad) VALUES ('HR6105798','tomates verdes','2020-06-28',67.99,6,'Jubilant HollisterStier LLC','2022-05-23');
INSERT INTO insumo(idInsumo,nombre,fechaCompra,precio,cantidad,marca,caducidad) VALUES ('AK4015236','carne de puerco','2018-11-07',21.67,9,'Parfums Christian Dior','2021-01-19');
INSERT INTO insumo(idInsumo,nombre,fechaCompra,precio,cantidad,marca,caducidad) VALUES ('EP8475255','arrachera','2018-06-16',1.65,5,'Physicians Total Care, Inc.','2021-09-17');
INSERT INTO insumo(idInsumo,nombre,fechaCompra,precio,cantidad,marca,caducidad) VALUES ('YS4339161','frijol','2019-07-26',66.05,2,'CVS Pharmacy','2020-08-11');
INSERT INTO insumo(idInsumo,nombre,fechaCompra,precio,cantidad,marca,caducidad) VALUES ('WS3721261','queso oaxaca','2020-03-23',74.12,4,'A-S Medication Solutions LLC','2022-04-11');
INSERT INTO insumo(idInsumo,nombre,fechaCompra,precio,cantidad,marca,caducidad) VALUES ('ZL4691696','queso oaxaca','2018-08-05',62.53,1,'Family Dollar Services Inc.','2022-04-23');
INSERT INTO insumo(idInsumo,nombre,fechaCompra,precio,cantidad,marca,caducidad) VALUES ('HK5139500','gas','2019-03-26',44.97,5,'Rebel Distributors Corp','2021-11-23');
INSERT INTO insumo(idInsumo,nombre,fechaCompra,precio,cantidad,marca,caducidad) VALUES ('QI3971946','rabanos','2018-03-30',77.71,4,'Validus Pharmaceuticals LLC','2020-12-08');
INSERT INTO insumo(idInsumo,nombre,fechaCompra,precio,cantidad,marca,caducidad) VALUES ('ZK1721777','cilantro','2020-03-30',16.25,5,'Quinnova Pharmaceuticals, Inc.','2021-07-28');
INSERT INTO insumo(idInsumo,nombre,fechaCompra,precio,cantidad,marca,caducidad) VALUES ('DZ8003211','boing de uva','2019-09-30',64.2,10,'Northwind Pharmaceuticals','2021-11-18');
INSERT INTO insumo(idInsumo,nombre,fechaCompra,precio,cantidad,marca,caducidad) VALUES ('UJ7429507','lechuga','2018-08-25',64.08,7,'Rebel Distributors Corp','2022-06-22');
INSERT INTO insumo(idInsumo,nombre,fechaCompra,precio,cantidad,marca,caducidad) VALUES ('DX4434898','sesos','2018-02-16',11.77,4,'Johnson & Johnson Consumer Products Company, Division of Johnson & Johnson Consumer Companies, Inc.','2021-08-07');
INSERT INTO insumo(idInsumo,nombre,fechaCompra,precio,cantidad,marca,caducidad) VALUES ('LM1312459','piña','2018-09-22',72.89,4,'Bryant Ranch Prepack','2021-02-02');
INSERT INTO insumo(idInsumo,nombre,fechaCompra,precio,cantidad,marca,caducidad) VALUES ('TJ5528620','carne de puerco','2020-05-13',1.78,7,'Cadila Healthcare Limited','2022-04-26');
INSERT INTO insumo(idInsumo,nombre,fechaCompra,precio,cantidad,marca,caducidad) VALUES ('SR4021986','tomates rojos','2019-06-27',37.03,6,'Atlantic Biologicals Corps','2021-02-28');
INSERT INTO insumo(idInsumo,nombre,fechaCompra,precio,cantidad,marca,caducidad) VALUES ('BN4529997','chiles verdes','2018-05-21',90.99,8,'Shionogi Inc.','2020-12-18');
INSERT INTO insumo(idInsumo,nombre,fechaCompra,precio,cantidad,marca,caducidad) VALUES ('QO3506149','chiles verdes','2020-05-24',28.91,3,'Clinical Solutions Wholesale','2021-04-28');
INSERT INTO insumo(idInsumo,nombre,fechaCompra,precio,cantidad,marca,caducidad) VALUES ('VL2250008','jamaica','2018-08-04',44.59,4,'AvKARE, Inc.','2020-12-04');
INSERT INTO insumo(idInsumo,nombre,fechaCompra,precio,cantidad,marca,caducidad) VALUES ('VS3557515','piña','2020-04-20',48.85,2,'Peaceful Mountain','2020-07-22');
INSERT INTO insumo(idInsumo,nombre,fechaCompra,precio,cantidad,marca,caducidad) VALUES ('JQ5103170','chile serrano','2018-03-24',95.48,9,'Apotex Corp.','2021-03-15');
INSERT INTO insumo(idInsumo,nombre,fechaCompra,precio,cantidad,marca,caducidad) VALUES ('GH9974100','huevos','2020-01-23',30.66,9,'NCS HealthCare of KY, Inc dba Vangard Labs','2021-05-22');
INSERT INTO insumo(idInsumo,nombre,fechaCompra,precio,cantidad,marca,caducidad) VALUES ('IK8537600','chile guajillo','2019-08-02',73.64,3,'Lancaster S.A.M.','2020-11-15');
INSERT INTO insumo(idInsumo,nombre,fechaCompra,precio,cantidad,marca,caducidad) VALUES ('IQ7705847','mesas','2019-02-01',28.43,2,'Apotex Corp.','2021-07-30');
INSERT INTO insumo(idInsumo,nombre,fechaCompra,precio,cantidad,marca,caducidad) VALUES ('TD2186528','papa','2019-03-18',81.5,2,'Cache Valley Oxygen','2021-07-16');
INSERT INTO insumo(idInsumo,nombre,fechaCompra,precio,cantidad,marca,caducidad) VALUES ('UN8235772','longaniza','2019-11-19',74.38,3,'Meijer Distribution Inc','2022-01-27');
INSERT INTO insumo(idInsumo,nombre,fechaCompra,precio,cantidad,marca,caducidad) VALUES ('KK1053833','tostadas','2019-01-21',96.71,5,'NCS HealthCare of KY, Inc dba Vangard Labs','2021-08-18');
INSERT INTO insumo(idInsumo,nombre,fechaCompra,precio,cantidad,marca,caducidad) VALUES ('DO2046812','boing de mango','2019-10-20',86.18,1,'Cardinal Health','2020-11-02');
INSERT INTO insumo(idInsumo,nombre,fechaCompra,precio,cantidad,marca,caducidad) VALUES ('ZO5837587','queso panela','2019-08-04',19.98,3,'KMART CORPORATION','2021-02-27');
INSERT INTO insumo(idInsumo,nombre,fechaCompra,precio,cantidad,marca,caducidad) VALUES ('GP3452719','cafe','2019-10-02',24.86,10,'Physicians Formula Inc','2020-08-05');
INSERT INTO insumo(idInsumo,nombre,fechaCompra,precio,cantidad,marca,caducidad) VALUES ('YB5884146','boing de uva','2018-04-04',43.77,8,'Amerisource Bergen','2020-08-23');
INSERT INTO insumo(idInsumo,nombre,fechaCompra,precio,cantidad,marca,caducidad) VALUES ('OT3256935','agua','2019-04-29',92.72,9,'Nelco Laboratories, Inc.','2021-09-11');
INSERT INTO insumo(idInsumo,nombre,fechaCompra,precio,cantidad,marca,caducidad) VALUES ('KG4350133','maiz pozolero','2020-05-22',97.18,7,'American Health Packaging','2020-07-25');
INSERT INTO insumo(idInsumo,nombre,fechaCompra,precio,cantidad,marca,caducidad) VALUES ('RY7684040','rabanos','2018-02-17',90.96,8,'The Mentholatum Company','2021-07-19');
INSERT INTO insumo(idInsumo,nombre,fechaCompra,precio,cantidad,marca,caducidad) VALUES ('TT1860811','coca cola','2018-06-29',90.05,10,'HOMEOLAB USA INC','2022-02-16');
INSERT INTO insumo(idInsumo,nombre,fechaCompra,precio,cantidad,marca,caducidad) VALUES ('UW8402482','crema','2018-04-11',50.51,1,'Cardinal Health','2021-07-29');
INSERT INTO insumo(idInsumo,nombre,fechaCompra,precio,cantidad,marca,caducidad) VALUES ('RM0422650','yerba santa','2020-03-20',54.96,3,'L''Oreal USA Products Inc','2022-01-12');
INSERT INTO insumo(idInsumo,nombre,fechaCompra,precio,cantidad,marca,caducidad) VALUES ('CT0355599','queso panela','2019-04-03',99.31,6,'AuroMedics Pharma LLC','2020-12-20');
INSERT INTO insumo(idInsumo,nombre,fechaCompra,precio,cantidad,marca,caducidad) VALUES ('VH5857684','queso panela','2018-04-26',57.98,5,'Paddock Laboratories, LLC','2021-01-24');
INSERT INTO insumo(idInsumo,nombre,fechaCompra,precio,cantidad,marca,caducidad) VALUES ('ZI3331117','boing de mango','2018-06-11',9.97,10,'Uriel Pharmacy Inc.','2022-02-20');
INSERT INTO insumo(idInsumo,nombre,fechaCompra,precio,cantidad,marca,caducidad) VALUES ('LV8403554','nopales','2020-07-07',55.69,9,'NCS HealthCare of KY, Inc dba Vangard Labs','2021-02-11');
INSERT INTO insumo(idInsumo,nombre,fechaCompra,precio,cantidad,marca,caducidad) VALUES ('LG8249952','oregano','2020-01-23',39.31,4,'Citron Pharma LLC','2021-10-11');
INSERT INTO insumo(idInsumo,nombre,fechaCompra,precio,cantidad,marca,caducidad) VALUES ('ZN6980009','boing de mango','2018-05-20',1.19,6,'Western Family Foods Inc','2020-09-10');
INSERT INTO insumo(idInsumo,nombre,fechaCompra,precio,cantidad,marca,caducidad) VALUES ('GY2825352','adobo','2018-07-20',49.63,4,'Qualitest Pharmaceuticals','2020-07-25');
INSERT INTO insumo(idInsumo,nombre,fechaCompra,precio,cantidad,marca,caducidad) VALUES ('XE9583277','azucar','2018-10-15',54.67,10,'Deseret Biologicals, Inc.','2021-12-08');
INSERT INTO insumo(idInsumo,nombre,fechaCompra,precio,cantidad,marca,caducidad) VALUES ('RQ7694607','cilantro','2019-01-21',72.94,8,'Accord Healthcare Inc.','2020-09-26');
INSERT INTO insumo(idInsumo,nombre,fechaCompra,precio,cantidad,marca,caducidad) VALUES ('YD5893665','cafe','2019-07-20',55.05,5,'Jazz Pharmaceuticals, Inc.','2021-07-21');
INSERT INTO insumo(idInsumo,nombre,fechaCompra,precio,cantidad,marca,caducidad) VALUES ('ER2874518','laurel','2018-07-17',83.95,8,'Unit Dose Services','2022-06-23');
INSERT INTO insumo(idInsumo,nombre,fechaCompra,precio,cantidad,marca,caducidad) VALUES ('CV8862953','tocino','2019-03-13',92.73,8,'Nelco Laboratories, Inc.','2020-12-02');
INSERT INTO insumo(idInsumo,nombre,fechaCompra,precio,cantidad,marca,caducidad) VALUES ('JV7214432','chiles verdes','2019-03-16',47.11,2,'Uriel Pharmacy Inc.','2020-08-30');
INSERT INTO insumo(idInsumo,nombre,fechaCompra,precio,cantidad,marca,caducidad) VALUES ('HB2946738','sidral','2018-02-13',42.38,8,'Apotheca Company','2020-12-14');
INSERT INTO insumo(idInsumo,nombre,fechaCompra,precio,cantidad,marca,caducidad) VALUES ('CD7279013','sesos','2018-05-14',99.07,9,'REMEDYREPACK INC.','2021-07-05');
INSERT INTO insumo(idInsumo,nombre,fechaCompra,precio,cantidad,marca,caducidad) VALUES ('YB4438479','jamon','2018-11-01',22.98,2,'A-S Medication Solutions LLC','2022-04-19');
INSERT INTO insumo(idInsumo,nombre,fechaCompra,precio,cantidad,marca,caducidad) VALUES ('IQ2101593','papa','2020-01-13',64.59,6,'AuroMedics Pharma LLC','2022-05-28');
INSERT INTO insumo(idInsumo,nombre,fechaCompra,precio,cantidad,marca,caducidad) VALUES ('PJ7144397','tocino','2018-11-02',54.28,9,'The Wellness Center for Research and Education, Inc.','2021-08-20');
INSERT INTO insumo(idInsumo,nombre,fechaCompra,precio,cantidad,marca,caducidad) VALUES ('HJ3077479','pimiento verde','2019-09-05',5.05,1,'REMEDYREPACK INC.','2022-07-11');
INSERT INTO insumo(idInsumo,nombre,fechaCompra,precio,cantidad,marca,caducidad) VALUES ('MC0445937','sprite','2020-05-25',71.35,9,'E. Fougera & Co. a division of Fougera Pharmaceuticals Inc.','2021-08-12');
INSERT INTO insumo(idInsumo,nombre,fechaCompra,precio,cantidad,marca,caducidad) VALUES ('XE5538763','tomates rojos','2019-06-24',64.36,6,'Prestium Pharma, Inc.','2022-03-12');
INSERT INTO insumo(idInsumo,nombre,fechaCompra,precio,cantidad,marca,caducidad) VALUES ('RF4063356','muslo pollo','2019-11-16',7.42,10,'Legacy Pharmaceutical Packaging','2022-02-14');
INSERT INTO insumo(idInsumo,nombre,fechaCompra,precio,cantidad,marca,caducidad) VALUES ('WW2295066','papa','2018-08-01',91.21,10,'L Perrigo Company','2020-12-03');
INSERT INTO insumo(idInsumo,nombre,fechaCompra,precio,cantidad,marca,caducidad) VALUES ('DR1280415','queso oaxaca','2019-10-06',85.18,8,'AmerisourceBergen Drug Corp','2021-05-04');
INSERT INTO insumo(idInsumo,nombre,fechaCompra,precio,cantidad,marca,caducidad) VALUES ('QW0198018','boing de uva','2019-11-07',30.68,2,'REMEDYREPACK INC.','2020-07-29');
INSERT INTO insumo(idInsumo,nombre,fechaCompra,precio,cantidad,marca,caducidad) VALUES ('OI4983093','longaniza','2019-05-06',9.95,8,'Sandoz Inc','2020-09-02');
INSERT INTO insumo(idInsumo,nombre,fechaCompra,precio,cantidad,marca,caducidad) VALUES ('JW4265574','sesos','2018-02-06',60.46,5,'Wal-Mart Stores Inc','2021-03-20');
INSERT INTO insumo(idInsumo,nombre,fechaCompra,precio,cantidad,marca,caducidad) VALUES ('HX7441982','longaniza','2020-04-15',10.51,6,'Nelco Laboratories, Inc.','2021-12-10');
INSERT INTO insumo(idInsumo,nombre,fechaCompra,precio,cantidad,marca,caducidad) VALUES ('IJ6384898','epazote','2018-01-14',63.63,1,'Health and Harmony Products','2022-03-05');
INSERT INTO insumo(idInsumo,nombre,fechaCompra,precio,cantidad,marca,caducidad) VALUES ('TT7723865','tostadas','2019-02-13',63.72,2,'International Labs, Inc.','2020-09-14');
INSERT INTO insumo(idInsumo,nombre,fechaCompra,precio,cantidad,marca,caducidad) VALUES ('HJ0825666','tortillas de harina','2018-05-18',9.4,7,'Lake Erie Medical DBA Quality Care Products LLC','2021-06-24');
INSERT INTO insumo(idInsumo,nombre,fechaCompra,precio,cantidad,marca,caducidad) VALUES ('AY6564862','gas','2019-12-29',52.13,3,'The Body Shop Wake Forest','2022-02-08');
INSERT INTO insumo(idInsumo,nombre,fechaCompra,precio,cantidad,marca,caducidad) VALUES ('FA9240203','sprite','2018-04-17',35.2,5,'REMEDYREPACK INC.','2021-03-10');
INSERT INTO insumo(idInsumo,nombre,fechaCompra,precio,cantidad,marca,caducidad) VALUES ('DL1374127','costilla','2020-02-23',53.8,8,'REMEDYREPACK INC.','2020-11-28');
INSERT INTO insumo(idInsumo,nombre,fechaCompra,precio,cantidad,marca,caducidad) VALUES ('HV1824275','manteles','2018-03-31',63.27,6,'Physicians Total Care, Inc.','2021-09-21');
INSERT INTO insumo(idInsumo,nombre,fechaCompra,precio,cantidad,marca,caducidad) VALUES ('JY9142466','epazote','2019-03-29',18.82,7,'Cardinal Health','2022-04-04');
INSERT INTO insumo(idInsumo,nombre,fechaCompra,precio,cantidad,marca,caducidad) VALUES ('DS9299452','muslo pollo','2019-04-13',90.47,4,'Allergy Laboratories, Inc.','2022-05-25');
INSERT INTO insumo(idInsumo,nombre,fechaCompra,precio,cantidad,marca,caducidad) VALUES ('XN4470288','huevos','2020-04-04',51.43,10,'Antigen Laboratories, Inc.','2021-09-16');
INSERT INTO insumo(idInsumo,nombre,fechaCompra,precio,cantidad,marca,caducidad) VALUES ('KN7762319','muslo pollo','2018-04-06',32.1,8,'Hi-Tech Pharmacal Co., Inc.','2020-10-26');
INSERT INTO insumo(idInsumo,nombre,fechaCompra,precio,cantidad,marca,caducidad) VALUES ('OU1094705','servilletas','2018-03-09',70.46,10,'Conopco Inc. d/b/a Unilever','2020-10-12');
INSERT INTO insumo(idInsumo,nombre,fechaCompra,precio,cantidad,marca,caducidad) VALUES ('FB7635996','crema','2018-11-07',29.31,3,'Rx Pak Division of McKesson Corporation','2021-05-06');
INSERT INTO insumo(idInsumo,nombre,fechaCompra,precio,cantidad,marca,caducidad) VALUES ('SS1472051','horchata','2018-12-01',24.31,7,'Mylan Pharmaceuticals Inc.','2022-05-15');
INSERT INTO insumo(idInsumo,nombre,fechaCompra,precio,cantidad,marca,caducidad) VALUES ('PO5416313','queso panela','2018-02-21',25.16,9,'Cardinal Health','2022-02-25');
INSERT INTO insumo(idInsumo,nombre,fechaCompra,precio,cantidad,marca,caducidad) VALUES ('TZ7870847','costilla','2020-02-06',50.53,1,'Rebel Distributors Corp','2022-06-07');
INSERT INTO insumo(idInsumo,nombre,fechaCompra,precio,cantidad,marca,caducidad) VALUES ('MN8930065','aguacate','2018-07-24',9.79,1,'Colgate-Palmolive Canada','2021-09-26');
INSERT INTO insumo(idInsumo,nombre,fechaCompra,precio,cantidad,marca,caducidad) VALUES ('UK6021492','tostadas','2020-06-22',6.42,1,'REMEDYREPACK INC.','2021-10-14');
INSERT INTO insumo(idInsumo,nombre,fechaCompra,precio,cantidad,marca,caducidad) VALUES ('OB1873168','carne de puerco','2018-06-03',90.16,3,'Johnson & Johnson Healthcare Products, Division of McNEIL-PPC, Inc','2021-09-26');
INSERT INTO insumo(idInsumo,nombre,fechaCompra,precio,cantidad,marca,caducidad) VALUES ('UT9170644','tortillas de maiz','2020-01-03',67.48,4,'Breckenridge Pharmaceutical, Inc.','2020-08-15');
INSERT INTO insumo(idInsumo,nombre,fechaCompra,precio,cantidad,marca,caducidad) VALUES ('KY3003192','sprite','2019-10-12',65.62,7,'Skin Deep','2021-03-25');
INSERT INTO insumo(idInsumo,nombre,fechaCompra,precio,cantidad,marca,caducidad) VALUES ('SV3923561','boing de mango','2019-07-02',20.24,5,'Rebel Distributors Corp.','2021-07-31');
INSERT INTO insumo(idInsumo,nombre,fechaCompra,precio,cantidad,marca,caducidad) VALUES ('AH4425702','tomates rojos','2018-09-04',97.4,5,'Dollar General','2021-03-24');
INSERT INTO insumo(idInsumo,nombre,fechaCompra,precio,cantidad,marca,caducidad) VALUES ('MP0387613','muslo pollo','2019-11-04',3.07,5,'ALK-Abello, Inc.','2021-08-10');
INSERT INTO insumo(idInsumo,nombre,fechaCompra,precio,cantidad,marca,caducidad) VALUES ('ZE5877418','perejil','2018-11-16',75.0,6,'Neutrogena Corporation','2022-02-24');
INSERT INTO insumo(idInsumo,nombre,fechaCompra,precio,cantidad,marca,caducidad) VALUES ('MP2408752','cafe','2020-03-30',9.64,4,'Aurobindo Pharma Limited','2021-02-02');
INSERT INTO insumo(idInsumo,nombre,fechaCompra,precio,cantidad,marca,caducidad) VALUES ('RG5470512','pechuga pollo','2019-03-13',23.69,2,'CHARMZONE CO LTD','2022-02-11');
INSERT INTO insumo(idInsumo,nombre,fechaCompra,precio,cantidad,marca,caducidad) VALUES ('WU0782000','tortillas de harina','2020-04-17',50.4,6,'Novartis Pharmaceuticals Corporation','2020-11-26');
INSERT INTO insumo(idInsumo,nombre,fechaCompra,precio,cantidad,marca,caducidad) VALUES ('ZH1356292','longaniza','2019-01-22',32.65,6,'Eon Labs, Inc.','2021-03-25');
INSERT INTO insumo(idInsumo,nombre,fechaCompra,precio,cantidad,marca,caducidad) VALUES ('KS1796200','boing de uva','2020-01-06',15.35,7,'Apotheca Company','2022-02-15');
INSERT INTO insumo(idInsumo,nombre,fechaCompra,precio,cantidad,marca,caducidad) VALUES ('RI4290326','coca cola','2019-12-21',31.41,10,'Par Pharmaceutical Inc.','2021-01-24');
INSERT INTO insumo(idInsumo,nombre,fechaCompra,precio,cantidad,marca,caducidad) VALUES ('OK1160442','huevos','2020-02-10',97.64,9,'CVS Pharmacy','2021-07-14');
INSERT INTO insumo(idInsumo,nombre,fechaCompra,precio,cantidad,marca,caducidad) VALUES ('AX5689194','leche','2018-06-20',25.86,10,'Nelco Laboratories, Inc.','2020-10-31');
INSERT INTO insumo(idInsumo,nombre,fechaCompra,precio,cantidad,marca,caducidad) VALUES ('YQ6154485','papa','2020-05-04',2.72,7,'Newton Laboratories, Inc.','2020-11-16');
INSERT INTO insumo(idInsumo,nombre,fechaCompra,precio,cantidad,marca,caducidad) VALUES ('IB8727504','tortillas de maiz','2018-04-29',71.7,2,'Native Remedies, LLC','2021-12-04');
INSERT INTO insumo(idInsumo,nombre,fechaCompra,precio,cantidad,marca,caducidad) VALUES ('WX2495969','boing de mango','2019-03-04',92.48,3,'Wal-Mart Stores Inc','2021-04-25');
INSERT INTO insumo(idInsumo,nombre,fechaCompra,precio,cantidad,marca,caducidad) VALUES ('YF7759051','tortillas de maiz','2018-10-01',2.95,6,'MEGASOL COSMETIC GMBH','2021-12-30');
INSERT INTO insumo(idInsumo,nombre,fechaCompra,precio,cantidad,marca,caducidad) VALUES ('KV9496058','manteles','2020-05-09',80.95,8,'Major Pharmaceuticals','2020-08-07');
INSERT INTO insumo(idInsumo,nombre,fechaCompra,precio,cantidad,marca,caducidad) VALUES ('WE4194246','costilla','2019-03-25',8.32,3,'REMEDYREPACK INC.','2021-04-17');
INSERT INTO insumo(idInsumo,nombre,fechaCompra,precio,cantidad,marca,caducidad) VALUES ('EB5350688','epazote','2018-08-03',27.16,2,'REMEDYREPACK INC.','2021-12-04');
INSERT INTO insumo(idInsumo,nombre,fechaCompra,precio,cantidad,marca,caducidad) VALUES ('CZ4393691','tripas','2019-01-23',4.42,3,'KAISER FOUNDATION HOSPITALS','2021-10-01');
INSERT INTO insumo(idInsumo,nombre,fechaCompra,precio,cantidad,marca,caducidad) VALUES ('DA0315958','aceite vegetal','2020-02-16',91.41,7,'Kosan Kozmetik Sanayi ve Ticaret A.S.','2020-11-15');
INSERT INTO insumo(idInsumo,nombre,fechaCompra,precio,cantidad,marca,caducidad) VALUES ('FZ8918926','agua','2018-02-16',72.49,8,'Bath & Body Works, Inc.','2020-12-19');
INSERT INTO insumo(idInsumo,nombre,fechaCompra,precio,cantidad,marca,caducidad) VALUES ('MH8317584','epazote','2019-08-29',7.03,9,'Patriot Pharmaceuticals, LLC','2022-05-18');
INSERT INTO insumo(idInsumo,nombre,fechaCompra,precio,cantidad,marca,caducidad) VALUES ('EI2482817','bolillos','2019-12-14',90.08,5,'Indiana Botanic Gardens','2021-02-04');
INSERT INTO insumo(idInsumo,nombre,fechaCompra,precio,cantidad,marca,caducidad) VALUES ('MO4764216','limon','2020-01-08',49.4,2,'Cardinal Health','2022-06-06');
INSERT INTO insumo(idInsumo,nombre,fechaCompra,precio,cantidad,marca,caducidad) VALUES ('XA7504526','mesas','2018-03-05',30.68,5,'Antigen Laboratories, Inc.','2021-01-26');
INSERT INTO insumo(idInsumo,nombre,fechaCompra,precio,cantidad,marca,caducidad) VALUES ('DC3869774','boing de guayaba','2020-01-14',20.52,7,'Pharmacia and Upjohn Company','2021-11-04');
INSERT INTO insumo(idInsumo,nombre,fechaCompra,precio,cantidad,marca,caducidad) VALUES ('VS7779220','adobo','2018-05-31',29.94,8,'Pure Source','2021-03-24');
INSERT INTO insumo(idInsumo,nombre,fechaCompra,precio,cantidad,marca,caducidad) VALUES ('NK5002317','nopales','2018-01-11',41.81,1,'Sunrider Manufacturing L.P.','2021-05-02');
INSERT INTO insumo(idInsumo,nombre,fechaCompra,precio,cantidad,marca,caducidad) VALUES ('ME6923618','aguacate','2019-11-02',4.15,1,'Aidarex Pharmaceuticals LLC','2022-04-02');
INSERT INTO insumo(idInsumo,nombre,fechaCompra,precio,cantidad,marca,caducidad) VALUES ('SF8337084','lechuga','2020-03-07',7.87,3,'Vagabond Welding Supply','2021-02-09');
INSERT INTO insumo(idInsumo,nombre,fechaCompra,precio,cantidad,marca,caducidad) VALUES ('UY5010826','jamaica','2018-09-24',7.23,5,'Dolgencorp Inc','2021-06-20');
INSERT INTO insumo(idInsumo,nombre,fechaCompra,precio,cantidad,marca,caducidad) VALUES ('ST2212928','aguacate','2018-06-18',15.51,10,'Mylan Pharmaceuticals Inc.','2021-12-12');
INSERT INTO insumo(idInsumo,nombre,fechaCompra,precio,cantidad,marca,caducidad) VALUES ('DC9335866','piña','2018-08-10',13.76,5,'Dr. Reddy''s Laboratories Limited','2020-08-21');
INSERT INTO insumo(idInsumo,nombre,fechaCompra,precio,cantidad,marca,caducidad) VALUES ('MP9575353','yerba santa','2019-06-12',53.78,7,'Torrent Pharmaceuticals Limited','2022-01-17');
INSERT INTO insumo(idInsumo,nombre,fechaCompra,precio,cantidad,marca,caducidad) VALUES ('FE4139088','queso oaxaca','2019-09-11',68.5,7,'Blenheim Pharmacal, Inc.','2021-03-14');
INSERT INTO insumo(idInsumo,nombre,fechaCompra,precio,cantidad,marca,caducidad) VALUES ('OC7846393','muslo pollo','2019-12-13',77.96,8,'Uriel Pharmacy Inc.','2021-12-13');
INSERT INTO insumo(idInsumo,nombre,fechaCompra,precio,cantidad,marca,caducidad) VALUES ('MZ0992512','boing de guayaba','2019-11-28',73.79,7,'Antigen Laboratories, Inc.','2022-04-02');
INSERT INTO insumo(idInsumo,nombre,fechaCompra,precio,cantidad,marca,caducidad) VALUES ('YQ9548737','rabanos','2019-06-10',47.4,4,'Guthy-Renker LLC','2020-09-01');
INSERT INTO insumo(idInsumo,nombre,fechaCompra,precio,cantidad,marca,caducidad) VALUES ('IA7140210','coca cola','2018-02-18',64.12,2,'Valeant Pharmaceuticals International','2022-02-18');
INSERT INTO insumo(idInsumo,nombre,fechaCompra,precio,cantidad,marca,caducidad) VALUES ('JY4949482','cilantro','2018-05-20',21.58,8,'Keltman Pharmaceuticals Inc.','2022-07-06');
INSERT INTO insumo(idInsumo,nombre,fechaCompra,precio,cantidad,marca,caducidad) VALUES ('RW8733542','sal','2019-04-22',21.99,5,'CVS Pharmacy','2022-03-03');
INSERT INTO insumo(idInsumo,nombre,fechaCompra,precio,cantidad,marca,caducidad) VALUES ('IE0152979','maiz pozolero','2019-10-14',30.0,8,'Publix Super Markets Inc','2020-12-24');
INSERT INTO insumo(idInsumo,nombre,fechaCompra,precio,cantidad,marca,caducidad) VALUES ('EE7243970','chiles verdes','2020-05-03',98.34,8,'Paddock Laboratories, LLC','2020-09-06');
INSERT INTO insumo(idInsumo,nombre,fechaCompra,precio,cantidad,marca,caducidad) VALUES ('UN9062845','bolillos','2018-08-17',76.08,8,'Aurobindo Pharma Limited','2021-10-21');
INSERT INTO insumo(idInsumo,nombre,fechaCompra,precio,cantidad,marca,caducidad) VALUES ('WN1844659','lechuga','2020-04-03',44.6,9,'American Health Packaging','2021-07-16');
INSERT INTO insumo(idInsumo,nombre,fechaCompra,precio,cantidad,marca,caducidad) VALUES ('DE6795306','sal','2018-07-03',13.79,1,'Unit Dose Services','2020-09-30');
INSERT INTO insumo(idInsumo,nombre,fechaCompra,precio,cantidad,marca,caducidad) VALUES ('DO1629842','sprite','2018-09-30',20.67,8,'Sun & Skin Care Research, LLC','2020-10-28');
INSERT INTO insumo(idInsumo,nombre,fechaCompra,precio,cantidad,marca,caducidad) VALUES ('HY6005726','bistec','2019-07-12',38.88,4,'Liberty Pharmaceuticals, Inc.','2021-07-17');
INSERT INTO insumo(idInsumo,nombre,fechaCompra,precio,cantidad,marca,caducidad) VALUES ('KC7524762','jamaica','2019-08-18',53.15,1,'Washington Homeopathic Products','2021-07-16');
INSERT INTO insumo(idInsumo,nombre,fechaCompra,precio,cantidad,marca,caducidad) VALUES ('QK0574584','perejil','2019-05-14',24.0,5,'Unit Dose Services','2022-03-18');
INSERT INTO insumo(idInsumo,nombre,fechaCompra,precio,cantidad,marca,caducidad) VALUES ('SG7778461','pechuga pollo','2019-11-07',53.51,8,'Space Brands Limited','2020-11-11');
INSERT INTO insumo(idInsumo,nombre,fechaCompra,precio,cantidad,marca,caducidad) VALUES ('SR2409780','chicharrón prensado','2020-06-05',30.85,5,'REMEDYREPACK INC.','2022-06-25');
INSERT INTO insumo(idInsumo,nombre,fechaCompra,precio,cantidad,marca,caducidad) VALUES ('RN6978323','sal','2019-05-11',5.08,7,'Akorn, Inc.','2021-07-29');
INSERT INTO insumo(idInsumo,nombre,fechaCompra,precio,cantidad,marca,caducidad) VALUES ('VM3207027','tortillas de harina','2019-02-12',97.26,4,'Antigen Laboratories, Inc.','2021-05-07');
INSERT INTO insumo(idInsumo,nombre,fechaCompra,precio,cantidad,marca,caducidad) VALUES ('OQ1137782','boing de uva','2018-10-06',78.64,9,'Procter & Gamble Manufacturing Co.','2021-06-05');
INSERT INTO insumo(idInsumo,nombre,fechaCompra,precio,cantidad,marca,caducidad) VALUES ('VH8037928','electricidad','2018-01-24',17.49,4,'DAVA Pharmaceuticals, Inc.','2021-12-17');
INSERT INTO insumo(idInsumo,nombre,fechaCompra,precio,cantidad,marca,caducidad) VALUES ('PV5839302','sidral','2018-02-22',48.83,2,'STAT RX USA LLC','2021-01-01');
INSERT INTO insumo(idInsumo,nombre,fechaCompra,precio,cantidad,marca,caducidad) VALUES ('WJ1310656','carne de puerco','2019-02-27',77.9,4,'Macleods Pharmaceuticals Limited','2020-08-31');
INSERT INTO insumo(idInsumo,nombre,fechaCompra,precio,cantidad,marca,caducidad) VALUES ('WP8184208','cebolla','2019-09-03',72.07,10,'STI Pharma LLC','2022-07-01');
INSERT INTO insumo(idInsumo,nombre,fechaCompra,precio,cantidad,marca,caducidad) VALUES ('SF8005906','coca cola','2018-03-09',22.78,10,'Lake Erie Medical DBA Quality Care Products LLC','2022-06-02');
INSERT INTO insumo(idInsumo,nombre,fechaCompra,precio,cantidad,marca,caducidad) VALUES ('LF3502537','rabanos','2019-10-30',89.58,7,'J. A. Cosmetics U.S. INC','2021-11-20');
INSERT INTO insumo(idInsumo,nombre,fechaCompra,precio,cantidad,marca,caducidad) VALUES ('XU7985163','agua','2018-05-28',26.41,5,'Duane Reade','2020-08-17');
INSERT INTO insumo(idInsumo,nombre,fechaCompra,precio,cantidad,marca,caducidad) VALUES ('DB4379022','chiles verdes','2019-04-08',98.0,2,'MEGASOL COSMETIC GMBH','2020-11-15');
INSERT INTO insumo(idInsumo,nombre,fechaCompra,precio,cantidad,marca,caducidad) VALUES ('PH1116636','chile serrano','2020-07-08',70.03,7,'H E B','2020-12-13');
INSERT INTO insumo(idInsumo,nombre,fechaCompra,precio,cantidad,marca,caducidad) VALUES ('EY0562103','tripas','2018-11-16',72.79,5,'EQUATE (Walmart Stores, Inc.)','2021-04-29');
INSERT INTO insumo(idInsumo,nombre,fechaCompra,precio,cantidad,marca,caducidad) VALUES ('EV3078798','chicharrón prensado','2018-10-19',66.2,7,'Chi Research Inc','2021-09-01');
INSERT INTO insumo(idInsumo,nombre,fechaCompra,precio,cantidad,marca,caducidad) VALUES ('LK2753221','cubiertos','2019-05-09',98.6,2,'SHISEIDO AMERICAS CORPORATION','2021-01-01');
INSERT INTO insumo(idInsumo,nombre,fechaCompra,precio,cantidad,marca,caducidad) VALUES ('OM2483238','carne de puerco','2020-05-22',49.86,8,'Aphena Pharma Solutions - Tennessee, LLC','2021-05-10');
INSERT INTO insumo(idInsumo,nombre,fechaCompra,precio,cantidad,marca,caducidad) VALUES ('HC9172078','sillas','2019-06-20',4.55,2,'Dyax Corp.','2020-09-12');
INSERT INTO insumo(idInsumo,nombre,fechaCompra,precio,cantidad,marca,caducidad) VALUES ('NJ3667899','tomates verdes','2018-01-10',84.67,4,'Antigen Laboratories, Inc.','2021-01-30');
INSERT INTO insumo(idInsumo,nombre,fechaCompra,precio,cantidad,marca,caducidad) VALUES ('UW0678347','arrachera','2019-07-09',3.02,2,'WOONSOCKET PRESCRIPTION CENTER,INCORPORATED','2022-02-09');
INSERT INTO insumo(idInsumo,nombre,fechaCompra,precio,cantidad,marca,caducidad) VALUES ('XI8262278','jamon','2019-02-17',10.72,4,'CVS Pharmacy','2020-12-13');
INSERT INTO insumo(idInsumo,nombre,fechaCompra,precio,cantidad,marca,caducidad) VALUES ('FX1340645','tostadas','2018-11-16',52.68,9,'Eli Lilly and Company','2022-03-18');
INSERT INTO insumo(idInsumo,nombre,fechaCompra,precio,cantidad,marca,caducidad) VALUES ('IO7037725','longaniza','2018-12-04',8.64,10,'Panrosa Enterprises, Inc.','2021-07-06');
INSERT INTO insumo(idInsumo,nombre,fechaCompra,precio,cantidad,marca,caducidad) VALUES ('ZQ4556594','laurel','2018-08-31',5.39,3,'PharmWest Inc.','2020-12-28');
INSERT INTO insumo(idInsumo,nombre,fechaCompra,precio,cantidad,marca,caducidad) VALUES ('YG7401081','bistec','2019-04-10',38.04,5,'Empack Spraytech Inc','2021-11-13');
INSERT INTO insumo(idInsumo,nombre,fechaCompra,precio,cantidad,marca,caducidad) VALUES ('BV8135612','aceite vegetal','2018-01-07',98.26,3,'Demoulas Super Markets','2021-04-29');
INSERT INTO insumo(idInsumo,nombre,fechaCompra,precio,cantidad,marca,caducidad) VALUES ('EU4248852','chicharrón prensado','2018-11-23',64.1,7,'Bryant Ranch Prepack','2020-09-24');
INSERT INTO insumo(idInsumo,nombre,fechaCompra,precio,cantidad,marca,caducidad) VALUES ('LH4386647','electricidad','2020-07-12',63.53,3,'Rite Aid Corporation','2022-01-05');
INSERT INTO insumo(idInsumo,nombre,fechaCompra,precio,cantidad,marca,caducidad) VALUES ('CC2107628','zanahorias','2018-02-19',49.62,5,'Cardinal Health','2021-02-19');
INSERT INTO insumo(idInsumo,nombre,fechaCompra,precio,cantidad,marca,caducidad) VALUES ('HI4390466','tortillas de harina','2020-07-13',83.01,10,'Mylan Pharmaceuticals Inc.','2021-11-28');
INSERT INTO insumo(idInsumo,nombre,fechaCompra,precio,cantidad,marca,caducidad) VALUES ('UM6862541','chile guajillo','2019-11-16',49.27,8,'Cantrell Drug Company','2021-01-29');
INSERT INTO insumo(idInsumo,nombre,fechaCompra,precio,cantidad,marca,caducidad) VALUES ('NU4088385','tortillas de maiz','2019-09-30',54.5,7,'Chattem, Inc.','2021-10-04');
INSERT INTO insumo(idInsumo,nombre,fechaCompra,precio,cantidad,marca,caducidad) VALUES ('YO7763789','sprite','2019-02-02',97.06,7,'Lake Erie Medical & Surgical Supply DBA Quality Care Products LLC','2021-01-20');
INSERT INTO insumo(idInsumo,nombre,fechaCompra,precio,cantidad,marca,caducidad) VALUES ('ID8619004','mesas','2019-12-06',20.66,9,'Aurolife Pharma LLC','2022-03-17');
INSERT INTO insumo(idInsumo,nombre,fechaCompra,precio,cantidad,marca,caducidad) VALUES ('YT5936527','cebolla','2018-04-17',34.53,7,'Laboratoires Clarins S.A.','2021-01-29');
INSERT INTO insumo(idInsumo,nombre,fechaCompra,precio,cantidad,marca,caducidad) VALUES ('PI9287211','frijol','2019-11-01',96.21,1,'ENCHANTE ACCESSORIES INC.','2020-08-18');
INSERT INTO insumo(idInsumo,nombre,fechaCompra,precio,cantidad,marca,caducidad) VALUES ('WU7069326','adobo','2020-04-13',81.88,9,'Teva Pharmaceuticals USA Inc','2020-11-03');
INSERT INTO insumo(idInsumo,nombre,fechaCompra,precio,cantidad,marca,caducidad) VALUES ('RU1872569','yerba santa','2019-03-08',59.25,8,'KVG Group Inc','2021-09-11');
INSERT INTO insumo(idInsumo,nombre,fechaCompra,precio,cantidad,marca,caducidad) VALUES ('RI5790263','tomates verdes','2020-05-16',7.58,1,'Freds Inc','2021-10-15');
INSERT INTO insumo(idInsumo,nombre,fechaCompra,precio,cantidad,marca,caducidad) VALUES ('PV4808119','frijol','2018-06-02',30.58,2,'Jubilant HollisterStier LLC','2022-06-20');
INSERT INTO insumo(idInsumo,nombre,fechaCompra,precio,cantidad,marca,caducidad) VALUES ('QM4482643','servilletas','2020-04-08',58.53,5,'Sandoz Inc','2020-07-29');
INSERT INTO insumo(idInsumo,nombre,fechaCompra,precio,cantidad,marca,caducidad) VALUES ('NP8691978','perejil','2018-12-08',30.28,7,'L. Perrigo Company','2022-04-12');
INSERT INTO insumo(idInsumo,nombre,fechaCompra,precio,cantidad,marca,caducidad) VALUES ('LH6811461','perejil','2020-01-12',78.43,1,'Nelco Laboratories, Inc.','2022-05-07');
INSERT INTO insumo(idInsumo,nombre,fechaCompra,precio,cantidad,marca,caducidad) VALUES ('SG7787477','tortillas de maiz','2019-11-21',8.27,2,'Qualitest Pharmaceuticals','2021-01-22');
INSERT INTO insumo(idInsumo,nombre,fechaCompra,precio,cantidad,marca,caducidad) VALUES ('HD8348976','epazote','2018-02-10',70.07,9,'Sagent Pharmaceuticals','2020-10-01');
INSERT INTO insumo(idInsumo,nombre,fechaCompra,precio,cantidad,marca,caducidad) VALUES ('RW8152875','jamon','2020-07-11',43.09,3,'Allergy Laboratories, Inc.','2020-08-05');
INSERT INTO insumo(idInsumo,nombre,fechaCompra,precio,cantidad,marca,caducidad) VALUES ('OW6333094','arrachera','2020-02-25',40.57,5,'American Health Packaging','2021-05-30');
INSERT INTO insumo(idInsumo,nombre,fechaCompra,precio,cantidad,marca,caducidad) VALUES ('CV7275780','carne de puerco','2019-12-18',87.31,8,'Nelco Laboratories, Inc.','2021-12-28');
INSERT INTO insumo(idInsumo,nombre,fechaCompra,precio,cantidad,marca,caducidad) VALUES ('HB6444543','bolillos','2019-10-26',92.14,9,'Roxane Laboratories, Inc.','2020-12-25');
INSERT INTO insumo(idInsumo,nombre,fechaCompra,precio,cantidad,marca,caducidad) VALUES ('MY0400228','longaniza','2019-04-01',51.55,7,'MSD Consumer Care, Inc.','2021-12-24');
INSERT INTO insumo(idInsumo,nombre,fechaCompra,precio,cantidad,marca,caducidad) VALUES ('TT7608971','bistec','2019-07-11',98.73,8,'Rebel Distributors Corp','2021-02-15');
INSERT INTO insumo(idInsumo,nombre,fechaCompra,precio,cantidad,marca,caducidad) VALUES ('TJ5308513','platos','2018-09-22',19.8,9,'Purdue Pharma LP','2020-12-14');
INSERT INTO insumo(idInsumo,nombre,fechaCompra,precio,cantidad,marca,caducidad) VALUES ('BI4507928','perejil','2020-02-21',76.19,1,'McKesson','2021-08-24');
INSERT INTO insumo(idInsumo,nombre,fechaCompra,precio,cantidad,marca,caducidad) VALUES ('KN5203550','costilla','2018-04-09',37.84,4,'Gent-l-kleen Products, Inc.','2021-12-20');
INSERT INTO insumo(idInsumo,nombre,fechaCompra,precio,cantidad,marca,caducidad) VALUES ('MW0385053','tocino','2019-04-09',4.78,2,'Peaceful Mountain, Inc.','2022-03-17');
INSERT INTO insumo(idInsumo,nombre,fechaCompra,precio,cantidad,marca,caducidad) VALUES ('LJ7266713','boing de guayaba','2020-06-21',69.85,5,'HART Health','2021-08-21');
INSERT INTO insumo(idInsumo,nombre,fechaCompra,precio,cantidad,marca,caducidad) VALUES ('NQ0631928','huevos','2019-11-19',38.95,5,'MSD Consumer Care, Inc.','2021-08-11');
INSERT INTO insumo(idInsumo,nombre,fechaCompra,precio,cantidad,marca,caducidad) VALUES ('JE0768787','cafe','2019-06-24',72.37,2,'Physicians Total Care, Inc.','2022-06-10');
INSERT INTO insumo(idInsumo,nombre,fechaCompra,precio,cantidad,marca,caducidad) VALUES ('TQ1372792','cubiertos','2018-10-24',79.02,4,'Nelco Laboratories, Inc.','2020-10-14');
INSERT INTO insumo(idInsumo,nombre,fechaCompra,precio,cantidad,marca,caducidad) VALUES ('SD9239851','tomates verdes','2018-03-18',45.2,9,'Advance Pharmaceutical Inc.','2021-03-09');
INSERT INTO insumo(idInsumo,nombre,fechaCompra,precio,cantidad,marca,caducidad) VALUES ('AH8980015','queso panela','2019-09-03',46.45,5,'Nelco Laboratories, Inc.','2021-01-22');
INSERT INTO insumo(idInsumo,nombre,fechaCompra,precio,cantidad,marca,caducidad) VALUES ('BG3678370','maiz pozolero','2018-01-19',89.55,9,'Perrigo New York Inc','2021-07-05');
INSERT INTO insumo(idInsumo,nombre,fechaCompra,precio,cantidad,marca,caducidad) VALUES ('DJ7702487','agua','2019-12-07',48.01,7,'Apotex Corp.','2020-09-12');
INSERT INTO insumo(idInsumo,nombre,fechaCompra,precio,cantidad,marca,caducidad) VALUES ('RE9157331','sidral','2018-11-01',54.62,10,'Rebel Distributors Corp.','2022-03-14');
INSERT INTO insumo(idInsumo,nombre,fechaCompra,precio,cantidad,marca,caducidad) VALUES ('OC9481118','pierna pollo','2018-08-07',26.32,1,'Major Pharmaceuticals','2020-12-09');
INSERT INTO insumo(idInsumo,nombre,fechaCompra,precio,cantidad,marca,caducidad) VALUES ('FG5621570','cafe','2019-04-05',92.38,7,'Precision Dose Inc.','2021-01-26');
INSERT INTO insumo(idInsumo,nombre,fechaCompra,precio,cantidad,marca,caducidad) VALUES ('WG8028338','muslo pollo','2018-01-29',26.82,4,'DOLGENCORP,LLC','2021-02-08');
INSERT INTO insumo(idInsumo,nombre,fechaCompra,precio,cantidad,marca,caducidad) VALUES ('UO3240581','refrigeradores','2018-09-19',62.53,3,'State of Florida DOH Central Pharmacy','2020-09-07');
INSERT INTO insumo(idInsumo,nombre,fechaCompra,precio,cantidad,marca,caducidad) VALUES ('QI4365629','tortillas de harina','2020-01-24',99.32,10,'Wakefern Food Corporation','2020-08-19');
INSERT INTO insumo(idInsumo,nombre,fechaCompra,precio,cantidad,marca,caducidad) VALUES ('SD1067838','fanta','2018-09-06',80.57,1,'Baxter Healthcare Corporation','2020-10-08');
INSERT INTO insumo(idInsumo,nombre,fechaCompra,precio,cantidad,marca,caducidad) VALUES ('BE5857841','piña','2018-11-30',34.48,3,'HANLIM PHARM. CO., LTD.','2021-03-06');
INSERT INTO insumo(idInsumo,nombre,fechaCompra,precio,cantidad,marca,caducidad) VALUES ('WJ5386441','cebolla','2018-07-18',29.0,9,'Allergy Laboratories, Inc.','2021-09-26');
INSERT INTO insumo(idInsumo,nombre,fechaCompra,precio,cantidad,marca,caducidad) VALUES ('FU1591704','bistec','2018-04-16',38.44,6,'Libertas Pharma, Inc.','2022-04-08');
INSERT INTO insumo(idInsumo,nombre,fechaCompra,precio,cantidad,marca,caducidad) VALUES ('KL2644718','queso panela','2018-01-23',6.27,10,'Neutrogena Corporation','2022-06-01');
INSERT INTO insumo(idInsumo,nombre,fechaCompra,precio,cantidad,marca,caducidad) VALUES ('IE9471048','sidral','2020-03-10',86.83,4,'REMEDYREPACK INC.','2021-09-30');
INSERT INTO insumo(idInsumo,nombre,fechaCompra,precio,cantidad,marca,caducidad) VALUES ('SH5761510','cubiertos','2019-10-02',98.94,8,'New Sun Inc.','2020-12-25');
INSERT INTO insumo(idInsumo,nombre,fechaCompra,precio,cantidad,marca,caducidad) VALUES ('OU2216816','sprite','2018-06-17',55.29,7,'Cadila Healthcare Limited','2021-09-26');
INSERT INTO insumo(idInsumo,nombre,fechaCompra,precio,cantidad,marca,caducidad) VALUES ('EX8122231','refrigeradores','2018-01-22',97.54,2,'Mylan Institutional Inc.','2021-02-22');
INSERT INTO insumo(idInsumo,nombre,fechaCompra,precio,cantidad,marca,caducidad) VALUES ('LP7275436','ajo','2019-09-20',93.5,2,'Fresenius Kabi USA, LLC','2021-09-21');
INSERT INTO insumo(idInsumo,nombre,fechaCompra,precio,cantidad,marca,caducidad) VALUES ('VW8804319','agua','2019-09-28',19.0,3,'BCM Ltd','2022-07-10');
INSERT INTO insumo(idInsumo,nombre,fechaCompra,precio,cantidad,marca,caducidad) VALUES ('YF3013349','gas','2019-01-19',60.56,2,'Preferred Pharmaceuticals, Inc','2021-04-26');
INSERT INTO insumo(idInsumo,nombre,fechaCompra,precio,cantidad,marca,caducidad) VALUES ('SR1939840','servilletas','2020-06-21',41.43,2,'Rite Aid Corporation','2020-08-25');
INSERT INTO insumo(idInsumo,nombre,fechaCompra,precio,cantidad,marca,caducidad) VALUES ('NJ4588105','frijol','2020-06-24',57.1,10,'Clinical Solutions Wholesale','2022-02-25');
INSERT INTO insumo(idInsumo,nombre,fechaCompra,precio,cantidad,marca,caducidad) VALUES ('FN8162539','perejil','2018-10-05',92.34,3,'BluePoint Laboratories','2022-03-21');
INSERT INTO insumo(idInsumo,nombre,fechaCompra,precio,cantidad,marca,caducidad) VALUES ('FN6875299','rabanos','2018-08-18',17.14,6,'Happy Sonic Global Co., Ltd.','2021-04-09');
INSERT INTO insumo(idInsumo,nombre,fechaCompra,precio,cantidad,marca,caducidad) VALUES ('KG0952239','chile serrano','2019-06-15',36.04,3,'REMEDYREPACK INC.','2022-04-23');
INSERT INTO insumo(idInsumo,nombre,fechaCompra,precio,cantidad,marca,caducidad) VALUES ('CN1488562','chicharrón prensado','2019-05-18',76.79,1,'Watson Laboratories, Inc.','2021-11-20');
INSERT INTO insumo(idInsumo,nombre,fechaCompra,precio,cantidad,marca,caducidad) VALUES ('OM0211069','chile guajillo','2018-06-07',89.2,9,'Apotex Corp.','2020-08-16');
INSERT INTO insumo(idInsumo,nombre,fechaCompra,precio,cantidad,marca,caducidad) VALUES ('UW5738806','suadero','2019-06-26',25.32,4,'Sam''s West Inc','2022-07-12');
INSERT INTO insumo(idInsumo,nombre,fechaCompra,precio,cantidad,marca,caducidad) VALUES ('WM3668693','bistec','2018-06-15',18.95,3,'Lake Erie Medical DBA Quality Care Products LLC','2021-08-05');
INSERT INTO insumo(idInsumo,nombre,fechaCompra,precio,cantidad,marca,caducidad) VALUES ('DX0364409','sesos','2019-11-29',45.35,3,'Smith & Nephew, Inc.','2020-11-15');
INSERT INTO insumo(idInsumo,nombre,fechaCompra,precio,cantidad,marca,caducidad) VALUES ('ZR9395274','servilletas','2018-01-12',91.7,10,'Physicians Total Care, Inc.','2021-11-24');
INSERT INTO insumo(idInsumo,nombre,fechaCompra,precio,cantidad,marca,caducidad) VALUES ('OH2929335','epazote','2020-07-10',19.84,4,'H.J. Harkins Company, Inc.','2021-07-21');
INSERT INTO insumo(idInsumo,nombre,fechaCompra,precio,cantidad,marca,caducidad) VALUES ('TC2553679','nopales','2018-03-11',5.6,8,'Dolgencorp, LLC','2022-01-27');
INSERT INTO insumo(idInsumo,nombre,fechaCompra,precio,cantidad,marca,caducidad) VALUES ('FU9730674','chile guajillo','2018-12-28',56.85,9,'SPIRIT PHARMACEUTICALS,LLC','2021-12-28');
INSERT INTO insumo(idInsumo,nombre,fechaCompra,precio,cantidad,marca,caducidad) VALUES ('XU3917872','zanahorias','2019-08-23',41.63,4,'Nelco Laboratories, Inc.','2021-10-05');
INSERT INTO insumo(idInsumo,nombre,fechaCompra,precio,cantidad,marca,caducidad) VALUES ('LB0116248','limon','2019-04-06',79.06,9,'THEFACESHOP CO., LTD.','2022-02-12');
INSERT INTO insumo(idInsumo,nombre,fechaCompra,precio,cantidad,marca,caducidad) VALUES ('PM0078937','horchata','2019-05-01',23.81,9,'Zhejiang Jingwei Pharmaceutical Co., Ltd.','2021-04-10');
INSERT INTO insumo(idInsumo,nombre,fechaCompra,precio,cantidad,marca,caducidad) VALUES ('QU2636475','adobo','2018-04-30',30.07,9,'REMEDYREPACK INC.','2021-10-27');
INSERT INTO insumo(idInsumo,nombre,fechaCompra,precio,cantidad,marca,caducidad) VALUES ('IU6583217','suadero','2018-11-29',44.8,8,'EMD Serono, Inc.','2021-11-21');
INSERT INTO insumo(idInsumo,nombre,fechaCompra,precio,cantidad,marca,caducidad) VALUES ('BT0315530','cilantro','2019-09-13',32.39,3,'NorthStar Rx LLC','2021-07-14');
INSERT INTO insumo(idInsumo,nombre,fechaCompra,precio,cantidad,marca,caducidad) VALUES ('DT0047588','pierna','2018-07-21',8.75,8,'China Ningbo Shangge Cosmetic Technology Corp','2020-08-23');
INSERT INTO insumo(idInsumo,nombre,fechaCompra,precio,cantidad,marca,caducidad) VALUES ('SF6111296','arrachera','2018-09-24',48.23,4,'CVS Pharmacy','2020-10-28');
INSERT INTO insumo(idInsumo,nombre,fechaCompra,precio,cantidad,marca,caducidad) VALUES ('NR4843009','boing de uva','2019-11-29',92.04,4,'Cardinal Health','2021-09-05');
INSERT INTO insumo(idInsumo,nombre,fechaCompra,precio,cantidad,marca,caducidad) VALUES ('LO8256111','aguacate','2019-07-29',2.5,10,'REMEDYREPACK INC.','2021-11-05');
INSERT INTO insumo(idInsumo,nombre,fechaCompra,precio,cantidad,marca,caducidad) VALUES ('XC3971061','fanta','2020-03-30',43.72,8,'Nelco Laboratories, Inc.','2021-08-02');
INSERT INTO insumo(idInsumo,nombre,fechaCompra,precio,cantidad,marca,caducidad) VALUES ('KG6589611','sillas','2018-03-16',88.19,8,'Dava Pharmaceuticals, Inc.','2020-08-06');
INSERT INTO insumo(idInsumo,nombre,fechaCompra,precio,cantidad,marca,caducidad) VALUES ('RB8889453','milanesa','2018-03-16',6.92,3,'Mylan Institutional Inc.','2021-08-03');
INSERT INTO insumo(idInsumo,nombre,fechaCompra,precio,cantidad,marca,caducidad) VALUES ('MS3897111','huevos','2019-04-06',75.84,8,'Access Business Group LLC','2021-02-20');
INSERT INTO insumo(idInsumo,nombre,fechaCompra,precio,cantidad,marca,caducidad) VALUES ('XY3743811','longaniza','2018-07-09',2.26,7,'Antigen Laboratories, Inc.','2021-12-27');
INSERT INTO insumo(idInsumo,nombre,fechaCompra,precio,cantidad,marca,caducidad) VALUES ('DP3750283','tostadas','2018-10-11',91.08,6,'Teva Pharmaceuticals USA Inc','2021-03-18');
INSERT INTO insumo(idInsumo,nombre,fechaCompra,precio,cantidad,marca,caducidad) VALUES ('TD3406735','oregano','2018-07-07',72.59,2,'Pfizer Consumer Healthcare','2021-12-22');
INSERT INTO insumo(idInsumo,nombre,fechaCompra,precio,cantidad,marca,caducidad) VALUES ('HU7995462','sal','2018-12-03',25.96,7,'Ranbaxy Pharmaceuticals Inc.','2021-11-16');
INSERT INTO insumo(idInsumo,nombre,fechaCompra,precio,cantidad,marca,caducidad) VALUES ('GS6681536','horchata','2018-04-22',37.98,1,'H E B','2021-09-16');
INSERT INTO insumo(idInsumo,nombre,fechaCompra,precio,cantidad,marca,caducidad) VALUES ('DR6592306','jamaica','2018-03-23',3.9,4,'State of Florida DOH Central Pharmacy','2022-04-14');
INSERT INTO insumo(idInsumo,nombre,fechaCompra,precio,cantidad,marca,caducidad) VALUES ('WJ4618974','fanta','2018-11-13',83.91,2,'SUPERVALU INC.','2022-03-21');
INSERT INTO insumo(idInsumo,nombre,fechaCompra,precio,cantidad,marca,caducidad) VALUES ('HY7286024','piña','2019-04-28',83.65,1,'UniShield','2022-04-02');
INSERT INTO insumo(idInsumo,nombre,fechaCompra,precio,cantidad,marca,caducidad) VALUES ('QZ0868960','tripas','2018-11-29',24.53,10,'Uriel Pharmacy Inc.','2021-10-10');
INSERT INTO insumo(idInsumo,nombre,fechaCompra,precio,cantidad,marca,caducidad) VALUES ('AZ9272871','pierna pollo','2019-12-15',6.04,8,'Holston Gases, Inc','2020-12-23');
INSERT INTO insumo(idInsumo,nombre,fechaCompra,precio,cantidad,marca,caducidad) VALUES ('JO3487293','epazote','2018-11-23',98.21,3,'Procter & Gamble Manufacturing Co.','2022-06-27');
INSERT INTO insumo(idInsumo,nombre,fechaCompra,precio,cantidad,marca,caducidad) VALUES ('JL4814515','mesas','2018-07-08',9.61,9,'Landy International','2020-12-08');
INSERT INTO insumo(idInsumo,nombre,fechaCompra,precio,cantidad,marca,caducidad) VALUES ('IR8845922','tostadas','2020-07-04',6.68,9,'Shopko Stores Operating Co., LLC','2021-07-30');
INSERT INTO insumo(idInsumo,nombre,fechaCompra,precio,cantidad,marca,caducidad) VALUES ('ZD9083130','milanesa','2019-08-08',22.02,7,'Actavis Mid Atlantic LLC','2022-02-09');
INSERT INTO insumo(idInsumo,nombre,fechaCompra,precio,cantidad,marca,caducidad) VALUES ('AW7625418','gas','2018-07-16',94.13,7,'Liddell Laboratories, Inc.','2021-06-22');
INSERT INTO insumo(idInsumo,nombre,fechaCompra,precio,cantidad,marca,caducidad) VALUES ('XY2219788','sprite','2020-06-16',7.25,9,'Harmon Stores Inc.','2020-09-20');
INSERT INTO insumo(idInsumo,nombre,fechaCompra,precio,cantidad,marca,caducidad) VALUES ('CS9348067','tostadas','2019-07-05',43.05,7,'Nelco Laboratories, Inc.','2021-04-18');
INSERT INTO insumo(idInsumo,nombre,fechaCompra,precio,cantidad,marca,caducidad) VALUES ('UH7479989','refrigeradores','2019-10-27',23.19,1,'AvPAK','2021-03-06');
INSERT INTO insumo(idInsumo,nombre,fechaCompra,precio,cantidad,marca,caducidad) VALUES ('LU4954254','bistec','2020-01-06',26.02,8,'Cadila Healthcare Limited','2021-02-16');
INSERT INTO insumo(idInsumo,nombre,fechaCompra,precio,cantidad,marca,caducidad) VALUES ('FV3006917','crema','2019-01-17',84.15,2,'Physicians Total Care, Inc.','2022-04-18');
INSERT INTO insumo(idInsumo,nombre,fechaCompra,precio,cantidad,marca,caducidad) VALUES ('FJ2843494','longaniza','2018-02-13',22.52,10,'Cantrell Drug Company','2021-11-26');
INSERT INTO insumo(idInsumo,nombre,fechaCompra,precio,cantidad,marca,caducidad) VALUES ('ND3617363','platos','2019-05-04',56.2,5,'Hospira, Inc.','2021-08-31');
INSERT INTO insumo(idInsumo,nombre,fechaCompra,precio,cantidad,marca,caducidad) VALUES ('KJ6430631','pierna','2018-05-14',73.71,1,'CorePharma, LLC','2021-04-26');
INSERT INTO insumo(idInsumo,nombre,fechaCompra,precio,cantidad,marca,caducidad) VALUES ('OY6812395','perejil','2018-11-26',52.93,10,'Cardinal Health','2020-08-21');
INSERT INTO insumo(idInsumo,nombre,fechaCompra,precio,cantidad,marca,caducidad) VALUES ('CH2324061','manteles','2019-12-16',21.43,7,'Wal-Mart Stores, Inc','2022-07-02');
INSERT INTO insumo(idInsumo,nombre,fechaCompra,precio,cantidad,marca,caducidad) VALUES ('GK7324148','epazote','2019-04-19',3.06,8,'REMEDYREPACK INC.','2020-10-22');
INSERT INTO insumo(idInsumo,nombre,fechaCompra,precio,cantidad,marca,caducidad) VALUES ('IP0368567','leche','2020-05-22',28.57,6,'True Botanica, LLC','2021-10-13');
INSERT INTO insumo(idInsumo,nombre,fechaCompra,precio,cantidad,marca,caducidad) VALUES ('YE2223215','tortillas de maiz','2019-12-22',59.01,10,'Watson Pharma, Inc.','2021-08-24');
INSERT INTO insumo(idInsumo,nombre,fechaCompra,precio,cantidad,marca,caducidad) VALUES ('BR2524461','chiles verdes','2019-09-30',77.44,3,'A-S Medication Solutions LLC','2021-02-03');
INSERT INTO insumo(idInsumo,nombre,fechaCompra,precio,cantidad,marca,caducidad) VALUES ('MV5077595','sesos','2019-05-08',54.43,2,'Uriel Pharmacy Inc.','2020-10-23');
INSERT INTO insumo(idInsumo,nombre,fechaCompra,precio,cantidad,marca,caducidad) VALUES ('EC1636128','tomates rojos','2020-02-25',40.92,7,'Paddock Laboratories, LLC','2022-01-16');
INSERT INTO insumo(idInsumo,nombre,fechaCompra,precio,cantidad,marca,caducidad) VALUES ('DO4979034','sidral','2020-02-22',82.88,6,'Allermed Laboratories, Inc.','2021-07-06');
INSERT INTO insumo(idInsumo,nombre,fechaCompra,precio,cantidad,marca,caducidad) VALUES ('DE0004343','chile serrano','2018-09-15',99.86,1,'Allergy Laboratories, Inc.','2020-08-06');
INSERT INTO insumo(idInsumo,nombre,fechaCompra,precio,cantidad,marca,caducidad) VALUES ('WA0211167','cilantro','2019-03-15',46.36,7,'Dynamic Pharmaceuticals Inc.','2021-07-24');
INSERT INTO insumo(idInsumo,nombre,fechaCompra,precio,cantidad,marca,caducidad) VALUES ('GL8567045','jamon','2020-07-01',83.05,3,'Dr. Reddy''s Laboratories Limited','2021-12-26');
INSERT INTO insumo(idInsumo,nombre,fechaCompra,precio,cantidad,marca,caducidad) VALUES ('XA2650786','maiz pozolero','2018-12-25',47.61,10,'Uriel Pharmacy Inc.','2021-09-06');
INSERT INTO insumo(idInsumo,nombre,fechaCompra,precio,cantidad,marca,caducidad) VALUES ('AD7005279','yerba santa','2018-03-09',26.75,7,'Lake Erie Medical DBA Quality Care Products LLC','2021-07-30');
INSERT INTO insumo(idInsumo,nombre,fechaCompra,precio,cantidad,marca,caducidad) VALUES ('SZ7223860','carne de puerco','2018-04-29',61.83,6,'NEW WORLD IMPORTS, INC.','2021-02-03');
INSERT INTO insumo(idInsumo,nombre,fechaCompra,precio,cantidad,marca,caducidad) VALUES ('JX3345008','aguacate','2020-02-02',2.66,4,'Aurobindo Pharma Limited','2020-09-05');
INSERT INTO insumo(idInsumo,nombre,fechaCompra,precio,cantidad,marca,caducidad) VALUES ('XE9735025','maiz pozolero','2018-04-09',85.19,8,'AMERICAN SALES COMPANY','2020-10-28');
INSERT INTO insumo(idInsumo,nombre,fechaCompra,precio,cantidad,marca,caducidad) VALUES ('RU8436758','aguacate','2019-07-13',54.58,6,'Topco Associates LLC','2021-12-19');
INSERT INTO insumo(idInsumo,nombre,fechaCompra,precio,cantidad,marca,caducidad) VALUES ('LG3185677','sesos','2018-02-07',33.19,9,'Contract Pharmacy Services-PA','2020-10-01');
INSERT INTO insumo(idInsumo,nombre,fechaCompra,precio,cantidad,marca,caducidad) VALUES ('YZ1781077','muslo pollo','2019-09-18',14.48,10,'Apotex Corp','2020-12-20');
INSERT INTO insumo(idInsumo,nombre,fechaCompra,precio,cantidad,marca,caducidad) VALUES ('UG4675407','tortillas de harina','2020-01-28',2.14,4,'Physicians Total Care, Inc.','2021-01-31');
INSERT INTO insumo(idInsumo,nombre,fechaCompra,precio,cantidad,marca,caducidad) VALUES ('PL9304206','chiles verdes','2019-08-30',99.8,1,'Jangin Pharm Co., Ltd.','2021-09-29');
INSERT INTO insumo(idInsumo,nombre,fechaCompra,precio,cantidad,marca,caducidad) VALUES ('XK2234752','chile serrano','2020-04-10',94.69,1,'Newton Laboratories, Inc.','2021-09-18');
INSERT INTO insumo(idInsumo,nombre,fechaCompra,precio,cantidad,marca,caducidad) VALUES ('WY6627713','electricidad','2019-08-02',82.82,5,'Ventura Corporation LTD.','2021-03-18');
INSERT INTO insumo(idInsumo,nombre,fechaCompra,precio,cantidad,marca,caducidad) VALUES ('HV1616858','sal','2020-02-18',80.31,5,'Family Dollar','2022-01-12');
INSERT INTO insumo(idInsumo,nombre,fechaCompra,precio,cantidad,marca,caducidad) VALUES ('PK8204585','leche','2018-01-29',29.31,10,'The Medicines Company','2021-01-15');
INSERT INTO insumo(idInsumo,nombre,fechaCompra,precio,cantidad,marca,caducidad) VALUES ('FP2056199','mesas','2018-06-26',66.32,5,'LG Household and Healthcare, Inc.','2021-10-23');
INSERT INTO insumo(idInsumo,nombre,fechaCompra,precio,cantidad,marca,caducidad) VALUES ('IS0849352','pimiento verde','2018-11-29',83.42,10,'American Sales Company, Inc.','2022-03-26');
INSERT INTO insumo(idInsumo,nombre,fechaCompra,precio,cantidad,marca,caducidad) VALUES ('WL1829123','suadero','2019-11-24',82.89,9,'Kmart Corporation','2022-04-20');
INSERT INTO insumo(idInsumo,nombre,fechaCompra,precio,cantidad,marca,caducidad) VALUES ('LA2504060','mesas','2019-12-03',3.24,3,'Teva Pharmaceuticals USA Inc','2020-07-21');
INSERT INTO insumo(idInsumo,nombre,fechaCompra,precio,cantidad,marca,caducidad) VALUES ('SC3071262','arrachera','2019-01-22',39.34,8,'Publix Super Markets Inc','2021-08-13');
INSERT INTO insumo(idInsumo,nombre,fechaCompra,precio,cantidad,marca,caducidad) VALUES ('AK1741064','cebolla','2018-12-23',57.35,5,'Medicine Shoppe International Inc','2021-04-26');
INSERT INTO insumo(idInsumo,nombre,fechaCompra,precio,cantidad,marca,caducidad) VALUES ('MB2157298','carne de puerco','2018-03-15',48.71,7,'Cleansia Co Ltd','2021-09-02');
INSERT INTO insumo(idInsumo,nombre,fechaCompra,precio,cantidad,marca,caducidad) VALUES ('LE1424557','platos','2018-06-18',61.79,5,'General Injectables and Vaccines, Inc.','2020-07-19');
INSERT INTO insumo(idInsumo,nombre,fechaCompra,precio,cantidad,marca,caducidad) VALUES ('GH3280252','tomates rojos','2019-11-17',20.63,3,'Cardinal Health','2022-03-18');
INSERT INTO insumo(idInsumo,nombre,fechaCompra,precio,cantidad,marca,caducidad) VALUES ('KB8245755','pierna','2019-10-03',69.67,10,'Barr Laboratories Inc.','2020-08-08');
INSERT INTO insumo(idInsumo,nombre,fechaCompra,precio,cantidad,marca,caducidad) VALUES ('FL3630064','piña','2018-12-08',95.93,8,'Darby Dental Supply LLC','2021-09-22');
INSERT INTO insumo(idInsumo,nombre,fechaCompra,precio,cantidad,marca,caducidad) VALUES ('OB0060120','frijol','2019-07-30',89.25,4,'Melaleuca, Inc.','2021-09-02');
INSERT INTO insumo(idInsumo,nombre,fechaCompra,precio,cantidad,marca,caducidad) VALUES ('QH8063949','boing de guayaba','2018-02-20',51.33,2,'Cardinal Health','2021-03-29');
INSERT INTO insumo(idInsumo,nombre,fechaCompra,precio,cantidad,marca,caducidad) VALUES ('JE7081000','piña','2019-10-20',50.04,6,'H E B','2022-01-24');
INSERT INTO insumo(idInsumo,nombre,fechaCompra,precio,cantidad,marca,caducidad) VALUES ('HF7398012','crema','2018-10-25',8.13,9,'Boca Pharmacal, LLC','2022-07-10');
INSERT INTO insumo(idInsumo,nombre,fechaCompra,precio,cantidad,marca,caducidad) VALUES ('UV9287901','cubiertos','2019-11-12',13.94,1,'Physicians Total Care, Inc.','2020-11-29');
INSERT INTO insumo(idInsumo,nombre,fechaCompra,precio,cantidad,marca,caducidad) VALUES ('TX6684816','queso oaxaca','2019-03-13',55.6,7,'GM Pharmaceuticals, Inc.','2021-08-22');
INSERT INTO insumo(idInsumo,nombre,fechaCompra,precio,cantidad,marca,caducidad) VALUES ('KU7559652','pierna pollo','2018-10-30',51.27,4,'Elizabeth Arden, Inc','2020-11-02');
INSERT INTO insumo(idInsumo,nombre,fechaCompra,precio,cantidad,marca,caducidad) VALUES ('FM6584360','tortillas de harina','2020-04-17',84.18,7,'Physicians Total Care, Inc.','2021-10-09');
INSERT INTO insumo(idInsumo,nombre,fechaCompra,precio,cantidad,marca,caducidad) VALUES ('AI2722825','tomates rojos','2019-09-15',10.43,3,'Nelco Laboratories, Inc.','2021-08-09');

/*-----------------------------------------------------------------------
 ---------------------[ Datos de contenerPlatillo ]----------------------
 ----------------------------------------------------------------------*/
INSERT INTO contenerPlatillo(idProducto,idInsumo,porcion) VALUES (6,'PL9304206',21.38);
INSERT INTO contenerPlatillo(idProducto,idInsumo,porcion) VALUES (10,'QG8913706',14.79);
INSERT INTO contenerPlatillo(idProducto,idInsumo,porcion) VALUES (30,'OY6812395',19.72);
INSERT INTO contenerPlatillo(idProducto,idInsumo,porcion) VALUES (19,'XA2650786',33.91);
INSERT INTO contenerPlatillo(idProducto,idInsumo,porcion) VALUES (31,'GF1612694',6.17);
INSERT INTO contenerPlatillo(idProducto,idInsumo,porcion) VALUES (20,'AI2722825',26.6);
INSERT INTO contenerPlatillo(idProducto,idInsumo,porcion) VALUES (7,'KY3003192',14.59);
INSERT INTO contenerPlatillo(idProducto,idInsumo,porcion) VALUES (16,'AX5689194',8.05);
INSERT INTO contenerPlatillo(idProducto,idInsumo,porcion) VALUES (6,'UW0678347',18.92);
INSERT INTO contenerPlatillo(idProducto,idInsumo,porcion) VALUES (28,'ZL4691696',4.45);
INSERT INTO contenerPlatillo(idProducto,idInsumo,porcion) VALUES (4,'YB8261003',7.67);
INSERT INTO contenerPlatillo(idProducto,idInsumo,porcion) VALUES (21,'YB4438479',35.48);
INSERT INTO contenerPlatillo(idProducto,idInsumo,porcion) VALUES (30,'IR8845922',5.18);
INSERT INTO contenerPlatillo(idProducto,idInsumo,porcion) VALUES (24,'PL3057560',36.53);
INSERT INTO contenerPlatillo(idProducto,idInsumo,porcion) VALUES (23,'VS3557515',7.03);
INSERT INTO contenerPlatillo(idProducto,idInsumo,porcion) VALUES (27,'MP9575353',34.06);
INSERT INTO contenerPlatillo(idProducto,idInsumo,porcion) VALUES (4,'IE0152979',25.01);
INSERT INTO contenerPlatillo(idProducto,idInsumo,porcion) VALUES (30,'WU7069326',14.4);
INSERT INTO contenerPlatillo(idProducto,idInsumo,porcion) VALUES (22,'IU6583217',39.58);
INSERT INTO contenerPlatillo(idProducto,idInsumo,porcion) VALUES (31,'IB8727504',21.45);
INSERT INTO contenerPlatillo(idProducto,idInsumo,porcion) VALUES (18,'DR3896945',6.55);
INSERT INTO contenerPlatillo(idProducto,idInsumo,porcion) VALUES (5,'WG8028338',41.75);
INSERT INTO contenerPlatillo(idProducto,idInsumo,porcion) VALUES (26,'UC5856487',10.07);
INSERT INTO contenerPlatillo(idProducto,idInsumo,porcion) VALUES (5,'CV8862953',31.58);
INSERT INTO contenerPlatillo(idProducto,idInsumo,porcion) VALUES (18,'EU4248852',15.43);
INSERT INTO contenerPlatillo(idProducto,idInsumo,porcion) VALUES (21,'WA0211167',30.97);
INSERT INTO contenerPlatillo(idProducto,idInsumo,porcion) VALUES (21,'UN8235772',8.57);
INSERT INTO contenerPlatillo(idProducto,idInsumo,porcion) VALUES (29,'UT7912791',16.09);
INSERT INTO contenerPlatillo(idProducto,idInsumo,porcion) VALUES (26,'QU2636475',28.21);
INSERT INTO contenerPlatillo(idProducto,idInsumo,porcion) VALUES (15,'UH7479989',34.83);
INSERT INTO contenerPlatillo(idProducto,idInsumo,porcion) VALUES (23,'AD7005279',27.83);
INSERT INTO contenerPlatillo(idProducto,idInsumo,porcion) VALUES (26,'FB7635996',22.41);
INSERT INTO contenerPlatillo(idProducto,idInsumo,porcion) VALUES (11,'XE9583277',45.96);
INSERT INTO contenerPlatillo(idProducto,idInsumo,porcion) VALUES (13,'NM5523870',5.47);
INSERT INTO contenerPlatillo(idProducto,idInsumo,porcion) VALUES (8,'OY6812395',14.77);
INSERT INTO contenerPlatillo(idProducto,idInsumo,porcion) VALUES (1,'SR1939840',18.85);
INSERT INTO contenerPlatillo(idProducto,idInsumo,porcion) VALUES (2,'UJ7429507',10.31);
INSERT INTO contenerPlatillo(idProducto,idInsumo,porcion) VALUES (21,'UO3240581',24.7);
INSERT INTO contenerPlatillo(idProducto,idInsumo,porcion) VALUES (22,'OC7846393',45.98);
INSERT INTO contenerPlatillo(idProducto,idInsumo,porcion) VALUES (22,'VQ5078818',19.3);
INSERT INTO contenerPlatillo(idProducto,idInsumo,porcion) VALUES (6,'RF4063356',27.59);
INSERT INTO contenerPlatillo(idProducto,idInsumo,porcion) VALUES (30,'UC8391387',43.27);
INSERT INTO contenerPlatillo(idProducto,idInsumo,porcion) VALUES (31,'HV8763154',18.3);
INSERT INTO contenerPlatillo(idProducto,idInsumo,porcion) VALUES (19,'BK9026437',6.99);
INSERT INTO contenerPlatillo(idProducto,idInsumo,porcion) VALUES (3,'RY7684040',18.24);
INSERT INTO contenerPlatillo(idProducto,idInsumo,porcion) VALUES (2,'YZ1781077',42.64);
INSERT INTO contenerPlatillo(idProducto,idInsumo,porcion) VALUES (2,'WE4053701',26.53);
INSERT INTO contenerPlatillo(idProducto,idInsumo,porcion) VALUES (11,'SF1706108',39.91);
INSERT INTO contenerPlatillo(idProducto,idInsumo,porcion) VALUES (18,'DX0364409',6.47);
INSERT INTO contenerPlatillo(idProducto,idInsumo,porcion) VALUES (9,'AD7005279',41.45);
INSERT INTO contenerPlatillo(idProducto,idInsumo,porcion) VALUES (19,'VW8804319',20.77);
INSERT INTO contenerPlatillo(idProducto,idInsumo,porcion) VALUES (24,'DF1682593',49.05);
INSERT INTO contenerPlatillo(idProducto,idInsumo,porcion) VALUES (9,'NQ0631928',34.42);
INSERT INTO contenerPlatillo(idProducto,idInsumo,porcion) VALUES (14,'SS1472051',14.2);
INSERT INTO contenerPlatillo(idProducto,idInsumo,porcion) VALUES (13,'DO1629842',44.11);
INSERT INTO contenerPlatillo(idProducto,idInsumo,porcion) VALUES (8,'MW0385053',37.69);
INSERT INTO contenerPlatillo(idProducto,idInsumo,porcion) VALUES (22,'QI3971946',43.75);
INSERT INTO contenerPlatillo(idProducto,idInsumo,porcion) VALUES (28,'MP9575353',36.81);
INSERT INTO contenerPlatillo(idProducto,idInsumo,porcion) VALUES (17,'UM8948292',4.95);
INSERT INTO contenerPlatillo(idProducto,idInsumo,porcion) VALUES (18,'KB6467374',32.99);
INSERT INTO contenerPlatillo(idProducto,idInsumo,porcion) VALUES (16,'UE1760757',8.3);
INSERT INTO contenerPlatillo(idProducto,idInsumo,porcion) VALUES (26,'GL8567045',32.28);
INSERT INTO contenerPlatillo(idProducto,idInsumo,porcion) VALUES (20,'OT8969976',45.5);
INSERT INTO contenerPlatillo(idProducto,idInsumo,porcion) VALUES (31,'MZ0992512',29.25);
INSERT INTO contenerPlatillo(idProducto,idInsumo,porcion) VALUES (25,'FP2056199',12.39);
INSERT INTO contenerPlatillo(idProducto,idInsumo,porcion) VALUES (2,'RZ3269042',28.61);
INSERT INTO contenerPlatillo(idProducto,idInsumo,porcion) VALUES (19,'XI6149956',16.62);
INSERT INTO contenerPlatillo(idProducto,idInsumo,porcion) VALUES (26,'TJ5528620',48.25);
INSERT INTO contenerPlatillo(idProducto,idInsumo,porcion) VALUES (6,'PV5839302',27.02);
INSERT INTO contenerPlatillo(idProducto,idInsumo,porcion) VALUES (14,'BW9005329',11.71);
INSERT INTO contenerPlatillo(idProducto,idInsumo,porcion) VALUES (21,'XU7985163',48.17);
INSERT INTO contenerPlatillo(idProducto,idInsumo,porcion) VALUES (30,'RN6978323',29.67);
INSERT INTO contenerPlatillo(idProducto,idInsumo,porcion) VALUES (24,'ME6923618',37.38);
INSERT INTO contenerPlatillo(idProducto,idInsumo,porcion) VALUES (2,'BN4529997',14.11);
INSERT INTO contenerPlatillo(idProducto,idInsumo,porcion) VALUES (19,'YF3013349',40.84);
INSERT INTO contenerPlatillo(idProducto,idInsumo,porcion) VALUES (8,'WS3721261',11.57);
INSERT INTO contenerPlatillo(idProducto,idInsumo,porcion) VALUES (17,'HY6005726',7.61);
INSERT INTO contenerPlatillo(idProducto,idInsumo,porcion) VALUES (28,'UW8402482',35.79);
INSERT INTO contenerPlatillo(idProducto,idInsumo,porcion) VALUES (14,'HY7286024',49.25);
INSERT INTO contenerPlatillo(idProducto,idInsumo,porcion) VALUES (12,'SC3071262',10.93);
INSERT INTO contenerPlatillo(idProducto,idInsumo,porcion) VALUES (10,'BV8135612',15.18);
INSERT INTO contenerPlatillo(idProducto,idInsumo,porcion) VALUES (30,'WE4053701',43.51);
INSERT INTO contenerPlatillo(idProducto,idInsumo,porcion) VALUES (14,'RM0422650',14.58);
INSERT INTO contenerPlatillo(idProducto,idInsumo,porcion) VALUES (14,'KJ0734315',42.07);
INSERT INTO contenerPlatillo(idProducto,idInsumo,porcion) VALUES (12,'CS9348067',37.0);
INSERT INTO contenerPlatillo(idProducto,idInsumo,porcion) VALUES (2,'YB8261003',43.88);
INSERT INTO contenerPlatillo(idProducto,idInsumo,porcion) VALUES (1,'HZ9292000',34.03);
INSERT INTO contenerPlatillo(idProducto,idInsumo,porcion) VALUES (16,'XU2564622',23.12);
INSERT INTO contenerPlatillo(idProducto,idInsumo,porcion) VALUES (17,'OI1957263',25.53);
INSERT INTO contenerPlatillo(idProducto,idInsumo,porcion) VALUES (3,'SF6111296',28.85);
INSERT INTO contenerPlatillo(idProducto,idInsumo,porcion) VALUES (16,'ZH1356292',22.46);
INSERT INTO contenerPlatillo(idProducto,idInsumo,porcion) VALUES (24,'OS5298546',47.57);
INSERT INTO contenerPlatillo(idProducto,idInsumo,porcion) VALUES (30,'VX9261158',26.44);
INSERT INTO contenerPlatillo(idProducto,idInsumo,porcion) VALUES (13,'JQ5103170',47.54);
INSERT INTO contenerPlatillo(idProducto,idInsumo,porcion) VALUES (5,'YV9388620',16.58);
INSERT INTO contenerPlatillo(idProducto,idInsumo,porcion) VALUES (1,'UG4675407',45.53);
INSERT INTO contenerPlatillo(idProducto,idInsumo,porcion) VALUES (2,'LG3185677',30.4);
INSERT INTO contenerPlatillo(idProducto,idInsumo,porcion) VALUES (13,'ZE5877418',33.12);
INSERT INTO contenerPlatillo(idProducto,idInsumo,porcion) VALUES (20,'TT7608971',8.59);
INSERT INTO contenerPlatillo(idProducto,idInsumo,porcion) VALUES (12,'LO9817596',38.07);
INSERT INTO contenerPlatillo(idProducto,idInsumo,porcion) VALUES (28,'AD7005279',26.01);
INSERT INTO contenerPlatillo(idProducto,idInsumo,porcion) VALUES (3,'MR0113813',27.76);
INSERT INTO contenerPlatillo(idProducto,idInsumo,porcion) VALUES (1,'VQ5078818',10.97);
INSERT INTO contenerPlatillo(idProducto,idInsumo,porcion) VALUES (28,'YT5936527',28.19);
INSERT INTO contenerPlatillo(idProducto,idInsumo,porcion) VALUES (17,'BR2524461',24.82);
INSERT INTO contenerPlatillo(idProducto,idInsumo,porcion) VALUES (5,'SU3836448',8.93);
INSERT INTO contenerPlatillo(idProducto,idInsumo,porcion) VALUES (21,'PK8204585',15.33);
INSERT INTO contenerPlatillo(idProducto,idInsumo,porcion) VALUES (19,'QO3506149',38.87);
INSERT INTO contenerPlatillo(idProducto,idInsumo,porcion) VALUES (25,'MC0445937',11.79);
INSERT INTO contenerPlatillo(idProducto,idInsumo,porcion) VALUES (26,'OM2778626',48.87);
INSERT INTO contenerPlatillo(idProducto,idInsumo,porcion) VALUES (29,'DL1374127',29.32);
INSERT INTO contenerPlatillo(idProducto,idInsumo,porcion) VALUES (6,'LO9817596',34.58);
INSERT INTO contenerPlatillo(idProducto,idInsumo,porcion) VALUES (10,'MH8317584',7.54);
INSERT INTO contenerPlatillo(idProducto,idInsumo,porcion) VALUES (29,'FE4782228',34.0);
INSERT INTO contenerPlatillo(idProducto,idInsumo,porcion) VALUES (25,'LO8256111',3.77);
INSERT INTO contenerPlatillo(idProducto,idInsumo,porcion) VALUES (30,'UY5010826',44.26);
INSERT INTO contenerPlatillo(idProducto,idInsumo,porcion) VALUES (12,'IS0849352',42.0);
INSERT INTO contenerPlatillo(idProducto,idInsumo,porcion) VALUES (29,'AH8980015',2.96);
INSERT INTO contenerPlatillo(idProducto,idInsumo,porcion) VALUES (14,'OZ2583172',10.03);
INSERT INTO contenerPlatillo(idProducto,idInsumo,porcion) VALUES (1,'GS6681536',25.75);
INSERT INTO contenerPlatillo(idProducto,idInsumo,porcion) VALUES (11,'MN8930065',6.87);
INSERT INTO contenerPlatillo(idProducto,idInsumo,porcion) VALUES (9,'SJ1574065',3.66);
INSERT INTO contenerPlatillo(idProducto,idInsumo,porcion) VALUES (3,'HM4589163',11.92);
INSERT INTO contenerPlatillo(idProducto,idInsumo,porcion) VALUES (9,'LH4944177',45.9);
INSERT INTO contenerPlatillo(idProducto,idInsumo,porcion) VALUES (20,'RY8015023',6.84);
INSERT INTO contenerPlatillo(idProducto,idInsumo,porcion) VALUES (11,'LC7856802',19.57);
INSERT INTO contenerPlatillo(idProducto,idInsumo,porcion) VALUES (5,'LO8256111',14.81);
INSERT INTO contenerPlatillo(idProducto,idInsumo,porcion) VALUES (20,'XN4470288',41.9);
INSERT INTO contenerPlatillo(idProducto,idInsumo,porcion) VALUES (31,'PV5839302',25.18);
INSERT INTO contenerPlatillo(idProducto,idInsumo,porcion) VALUES (10,'VG1913021',24.43);
INSERT INTO contenerPlatillo(idProducto,idInsumo,porcion) VALUES (9,'SL8481380',49.3);
INSERT INTO contenerPlatillo(idProducto,idInsumo,porcion) VALUES (9,'DF1682593',49.03);
INSERT INTO contenerPlatillo(idProducto,idInsumo,porcion) VALUES (14,'MP0387613',31.37);
INSERT INTO contenerPlatillo(idProducto,idInsumo,porcion) VALUES (14,'KF6126889',41.78);
INSERT INTO contenerPlatillo(idProducto,idInsumo,porcion) VALUES (22,'AZ9272871',47.87);
INSERT INTO contenerPlatillo(idProducto,idInsumo,porcion) VALUES (4,'HK5139500',12.8);
INSERT INTO contenerPlatillo(idProducto,idInsumo,porcion) VALUES (22,'ER2874518',19.01);
INSERT INTO contenerPlatillo(idProducto,idInsumo,porcion) VALUES (11,'UW8402482',24.95);
INSERT INTO contenerPlatillo(idProducto,idInsumo,porcion) VALUES (28,'IS2786947',41.96);
INSERT INTO contenerPlatillo(idProducto,idInsumo,porcion) VALUES (25,'ZL4691696',18.25);
INSERT INTO contenerPlatillo(idProducto,idInsumo,porcion) VALUES (18,'ER6546305',33.42);
INSERT INTO contenerPlatillo(idProducto,idInsumo,porcion) VALUES (26,'OM2483238',1.19);
INSERT INTO contenerPlatillo(idProducto,idInsumo,porcion) VALUES (19,'XI2563654',22.77);
INSERT INTO contenerPlatillo(idProducto,idInsumo,porcion) VALUES (29,'TD2186528',13.3);
INSERT INTO contenerPlatillo(idProducto,idInsumo,porcion) VALUES (8,'XC3971061',35.06);
INSERT INTO contenerPlatillo(idProducto,idInsumo,porcion) VALUES (19,'NU4088385',21.95);
INSERT INTO contenerPlatillo(idProducto,idInsumo,porcion) VALUES (30,'RI5790263',34.82);
INSERT INTO contenerPlatillo(idProducto,idInsumo,porcion) VALUES (7,'FA9240203',49.69);
INSERT INTO contenerPlatillo(idProducto,idInsumo,porcion) VALUES (17,'IR8845922',34.69);
INSERT INTO contenerPlatillo(idProducto,idInsumo,porcion) VALUES (22,'TJ5528620',18.93);
INSERT INTO contenerPlatillo(idProducto,idInsumo,porcion) VALUES (14,'PR7734190',2.53);
INSERT INTO contenerPlatillo(idProducto,idInsumo,porcion) VALUES (27,'NW4314470',31.4);
INSERT INTO contenerPlatillo(idProducto,idInsumo,porcion) VALUES (21,'HJ0825666',22.32);
INSERT INTO contenerPlatillo(idProducto,idInsumo,porcion) VALUES (3,'OZ4655622',11.07);
INSERT INTO contenerPlatillo(idProducto,idInsumo,porcion) VALUES (27,'OR6463986',8.92);
INSERT INTO contenerPlatillo(idProducto,idInsumo,porcion) VALUES (17,'MN8930065',38.24);
INSERT INTO contenerPlatillo(idProducto,idInsumo,porcion) VALUES (4,'CN1488562',42.28);
INSERT INTO contenerPlatillo(idProducto,idInsumo,porcion) VALUES (12,'RY7684040',34.13);
INSERT INTO contenerPlatillo(idProducto,idInsumo,porcion) VALUES (2,'WU0782000',24.58);
INSERT INTO contenerPlatillo(idProducto,idInsumo,porcion) VALUES (4,'MC0445937',27.02);
INSERT INTO contenerPlatillo(idProducto,idInsumo,porcion) VALUES (14,'DJ7702487',46.42);
INSERT INTO contenerPlatillo(idProducto,idInsumo,porcion) VALUES (22,'YC3729846',12.77);
INSERT INTO contenerPlatillo(idProducto,idInsumo,porcion) VALUES (26,'WU7069326',23.71);
INSERT INTO contenerPlatillo(idProducto,idInsumo,porcion) VALUES (28,'JO3487293',43.24);
INSERT INTO contenerPlatillo(idProducto,idInsumo,porcion) VALUES (23,'OM2483238',29.5);
INSERT INTO contenerPlatillo(idProducto,idInsumo,porcion) VALUES (2,'CH2324061',1.53);
INSERT INTO contenerPlatillo(idProducto,idInsumo,porcion) VALUES (20,'CW4407262',9.04);
INSERT INTO contenerPlatillo(idProducto,idInsumo,porcion) VALUES (24,'XK2234752',34.47);
INSERT INTO contenerPlatillo(idProducto,idInsumo,porcion) VALUES (24,'SF8337084',48.69);
INSERT INTO contenerPlatillo(idProducto,idInsumo,porcion) VALUES (9,'TY1610388',16.96);
INSERT INTO contenerPlatillo(idProducto,idInsumo,porcion) VALUES (30,'UM6862541',32.93);
INSERT INTO contenerPlatillo(idProducto,idInsumo,porcion) VALUES (10,'YG7401081',3.76);
INSERT INTO contenerPlatillo(idProducto,idInsumo,porcion) VALUES (20,'PT0674460',34.32);
INSERT INTO contenerPlatillo(idProducto,idInsumo,porcion) VALUES (13,'BE5857841',2.76);
INSERT INTO contenerPlatillo(idProducto,idInsumo,porcion) VALUES (31,'GK4090351',22.4);
INSERT INTO contenerPlatillo(idProducto,idInsumo,porcion) VALUES (13,'VM3207027',47.69);
INSERT INTO contenerPlatillo(idProducto,idInsumo,porcion) VALUES (7,'RM0422650',33.64);
INSERT INTO contenerPlatillo(idProducto,idInsumo,porcion) VALUES (3,'BW9005329',16.33);
INSERT INTO contenerPlatillo(idProducto,idInsumo,porcion) VALUES (25,'JY4949482',5.53);
INSERT INTO contenerPlatillo(idProducto,idInsumo,porcion) VALUES (26,'QI3971946',5.43);
INSERT INTO contenerPlatillo(idProducto,idInsumo,porcion) VALUES (28,'OR6463986',13.48);
INSERT INTO contenerPlatillo(idProducto,idInsumo,porcion) VALUES (13,'KN4697146',6.96);
INSERT INTO contenerPlatillo(idProducto,idInsumo,porcion) VALUES (1,'IK9394551',20.29);
INSERT INTO contenerPlatillo(idProducto,idInsumo,porcion) VALUES (8,'HN1699702',31.89);
INSERT INTO contenerPlatillo(idProducto,idInsumo,porcion) VALUES (18,'YV3531657',20.08);
INSERT INTO contenerPlatillo(idProducto,idInsumo,porcion) VALUES (17,'DR2184321',39.25);
INSERT INTO contenerPlatillo(idProducto,idInsumo,porcion) VALUES (18,'ND3617363',47.24);
INSERT INTO contenerPlatillo(idProducto,idInsumo,porcion) VALUES (11,'LA2504060',29.63);
INSERT INTO contenerPlatillo(idProducto,idInsumo,porcion) VALUES (4,'AG7206958',14.47);
INSERT INTO contenerPlatillo(idProducto,idInsumo,porcion) VALUES (26,'OC9481118',16.43);
INSERT INTO contenerPlatillo(idProducto,idInsumo,porcion) VALUES (2,'TZ7870847',2.76);
INSERT INTO contenerPlatillo(idProducto,idInsumo,porcion) VALUES (3,'JP6652403',28.14);
INSERT INTO contenerPlatillo(idProducto,idInsumo,porcion) VALUES (16,'MR0113813',28.83);
INSERT INTO contenerPlatillo(idProducto,idInsumo,porcion) VALUES (22,'OK1160442',8.13);
INSERT INTO contenerPlatillo(idProducto,idInsumo,porcion) VALUES (17,'UG4675407',29.87);
INSERT INTO contenerPlatillo(idProducto,idInsumo,porcion) VALUES (7,'KS1796200',38.91);
INSERT INTO contenerPlatillo(idProducto,idInsumo,porcion) VALUES (23,'OZ4655622',38.61);
INSERT INTO contenerPlatillo(idProducto,idInsumo,porcion) VALUES (11,'VS7779220',36.04);
INSERT INTO contenerPlatillo(idProducto,idInsumo,porcion) VALUES (12,'MO4764216',46.78);
INSERT INTO contenerPlatillo(idProducto,idInsumo,porcion) VALUES (26,'JO3487293',6.34);